250	1.70775
250.006	-0.0289558
250.013	0.328351
250.019	9.99577
250.026	14.7511
250.032	7.84032
250.038	19.6941
250.045	3.78216
250.051	3.5709
250.058	7.30692
250.064	1.79956
250.071	15.6531
250.077	9.50272
250.084	5.99168
250.09	1.06231
250.096	0.704192
250.103	1.44108
250.109	3.25414
250.116	-0.693472
250.122	0.275752
250.129	0.938886
250.135	1.5786
250.141	5.49492
250.148	1.13297
250.154	1.94231
250.161	0.9729
250.167	-0.682787
250.174	-0.604005
250.18	0.401313
250.186	8.48477
250.193	1.46169
250.199	0.787954
250.206	0.926442
250.212	2.13212
250.219	6.28362
250.225	1.68539
250.231	3.74361
250.238	10.6818
250.244	5.96979
250.251	4.58997
250.257	2.55382
250.263	1.58466
250.27	-1.28961
250.276	2.48562
250.283	0.785889
250.289	12.9499
250.295	24.4251
250.302	14.1872
250.308	7.36076
250.315	13.1833
250.321	6.54516
250.327	12.9703
250.334	14.8186
250.34	2.15036
250.347	-0.983957
250.353	2.94095
250.359	20.9796
250.366	27.255
250.372	4.75341
250.379	1.34373
250.385	10.1449
250.391	5.91831
250.398	-1.34212
250.404	6.43362
250.41	32.9478
250.417	78.2366
250.423	25.8301
250.43	5.93182
250.436	-0.467231
250.442	-0.136419
250.449	6.87644
250.455	2.30953
250.462	-1.3237
250.468	10.5011
250.474	3.32652
250.481	2.65557
250.487	-2.20117
250.493	-3.2793
250.5	-2.55469
250.506	-0.987744
250.512	-0.0535628
250.519	3.39721
250.525	-0.88742
250.532	-2.65783
250.538	-0.0796331
250.544	10.1779
250.551	6.83546
250.557	6.31163
250.563	-1.03094
250.57	-2.36481
250.576	6.71224
250.582	3.47801
250.589	-0.986198
250.595	-0.968518
250.601	2.81575
250.608	11.5113
250.614	-1.47123
250.62	3.98293
250.627	-1.05531
250.633	-0.757279
250.64	-1.40322
250.646	-2.7477
250.652	-3.4967
250.659	-3.2791
250.665	-2.95689
250.671	-4.64757
250.678	-3.45855
250.684	-2.63027
250.69	-2.34903
250.697	0.396618
250.703	6.92259
250.709	14.5871
250.716	-0.88453
250.722	-3.22255
250.728	2.55626
250.735	20.3408
250.741	-2.082
250.747	-3.60413
250.753	-0.549132
250.76	4.12634
250.766	4.60456
250.772	-2.14986
250.779	-4.38857
250.785	-3.43548
250.791	-1.21824
250.798	11.0174
250.804	12.0041
250.81	0.187268
250.817	1.83226
250.823	7.32628
250.829	0.958927
250.836	-3.43864
250.842	-5.02959
250.848	-5.29183
250.854	-5.92824
250.861	-3.83324
250.867	3.32423
250.873	0.236406
250.88	0.560428
250.886	11.3359
250.892	0.325542
250.899	5.48216
250.905	8.60519
250.911	-1.66884
250.917	3.28323
250.924	0.406914
250.93	-4.80651
250.936	-0.870064
250.943	12.367
250.949	23.9036
250.955	12.3811
250.961	-2.55368
250.968	-2.54967
250.974	-1.65347
250.98	-4.82456
250.987	-1.64034
250.993	9.92371
250.999	6.76057
251.005	-1.12804
251.012	-3.76171
251.018	0.228028
251.024	11.0108
251.03	2.76489
251.037	3.25724
251.043	-4.98306
251.049	-2.60259
251.056	5.07015
251.062	1.38071
251.068	10.1672
251.074	19.2084
251.081	20.8361
251.087	3.90555
251.093	9.91916
251.099	13.1171
251.106	-2.6528
251.112	0.656433
251.118	4.91097
251.124	-4.14197
251.131	-5.95938
251.137	-6.27401
251.143	-4.22974
251.149	11.0776
251.156	-1.65601
251.162	-0.187502
251.168	15.528
251.174	6.60983E-4
251.181	5.85159
251.187	1.63899
251.193	8.47577
251.199	-3.31547
251.205	-4.39218
251.212	-5.71534
251.218	-2.39497
251.224	-6.03404
251.23	-7.84462
251.237	-5.25722
251.243	-1.34666
251.249	-1.59684
251.255	4.65942
251.262	6.98393
251.268	31.0334
251.274	-3.9805
251.28	-4.52947
251.286	-5.14832
251.293	-5.21146
251.299	-7.52234
251.305	-6.19822
251.311	-3.9663
251.318	-6.97838
251.324	-5.39894
251.33	-8.18031
251.336	-6.40223
251.342	-4.52268
251.349	2.27907
251.355	-2.13185
251.361	-4.8476
251.367	7.89279
251.373	-3.26086
251.38	5.85047
251.386	-2.72418
251.392	-7.09432
251.398	-4.30063
251.404	4.05391
251.411	-5.87895
251.417	0.80202
251.423	8.12404
251.429	-7.0707
251.435	-3.75397
251.442	5.56913
251.448	-6.15386
251.454	-3.20962
251.46	-6.69561
251.466	-7.41309
251.473	-2.94553
251.479	1.09715
251.485	5.66303
251.491	-4.43092
251.497	-6.9667
251.504	-7.31669
251.51	-8.36186
251.516	-6.83656
251.522	-0.538528
251.528	-3.21828
251.534	-8.31668
251.541	-10.5758
251.547	-8.94579
251.553	-9.30623
251.559	-7.83072
251.565	4.77478
251.571	-5.77396
251.578	-6.12783
251.584	-6.79649
251.59	-5.40905
251.596	-2.06788
251.602	13.0797
251.608	5.71174
251.615	-1.75588
251.621	-8.83827
251.627	-1.89289
251.633	-4.25089
251.639	-8.00366
251.645	-2.52691
251.652	-7.78682
251.658	-9.08154
251.664	-6.31786
251.67	-6.52852
251.676	-9.89043
251.682	-8.53061
251.688	-10.5851
251.695	-8.87715
251.701	-4.65481
251.707	-4.63824
251.713	-8.49237
251.719	-8.92859
251.725	-9.93804
251.731	-9.13902
251.738	-8.18789
251.744	-7.69013
251.75	-1.19052
251.756	-6.54337
251.76	19.8457
251.766	26.2377
251.773	49.2992
251.78	41.0924
251.786	18.9268
251.793	2.5756
251.8	2.96093
251.806	2.74034
251.813	9.50957
251.82	16.8394
251.826	22.6812
251.833	28.7346
251.84	4.30316
251.846	13.0011
251.853	13.5068
251.86	3.89322
251.866	8.67921
251.873	14.1797
251.88	13.6137
251.886	37.9846
251.893	43.0946
251.899	8.10873
251.906	5.29171
251.913	13.2092
251.919	8.34422
251.926	9.17162
251.933	7.05978
251.939	16.0134
251.946	12.4421
251.953	4.97002
251.959	14.7384
251.966	17.4002
251.973	10.2462
251.979	8.81913
251.986	9.15078
251.992	4.75355
251.999	6.78826
252.006	27.2359
252.012	25.0628
252.019	28.2417
252.026	8.47035
252.032	10.1347
252.039	30.2921
252.045	8.76118
252.052	4.37794
252.059	11.8198
252.065	2.43436
252.072	2.18578
252.079	0.735187
252.085	5.10747
252.092	11.1976
252.098	5.14076
252.105	5.46343
252.112	8.55569
252.118	32.5895
252.125	12.1988
252.131	13.1096
252.138	10.2554
252.145	4.43516
252.151	5.54145
252.158	1.13167
252.164	4.47723
252.171	1.90827
252.178	5.29876
252.184	3.76261
252.191	6.13539
252.197	5.7834
252.204	2.31182
252.211	3.98095
252.217	15.9423
252.224	9.21616
252.23	2.90256
252.237	5.81602
252.244	17.4986
252.25	5.6727
252.257	5.97456
252.263	12.3647
252.27	21.7093
252.277	3.67588
252.283	4.1962
252.29	10.6809
252.296	15.6829
252.303	3.84033
252.309	5.5137
252.316	2.5472
252.323	6.79577
252.329	15.3832
252.336	3.98077
252.342	2.58439
252.349	4.63395
252.355	3.18533
252.362	3.89917
252.369	0.470248
252.375	1.92641
252.382	2.50919
252.388	9.07138
252.395	12.9852
252.401	1.7393
252.408	2.61791
252.415	10.5814
252.421	23.5246
252.428	13.7479
252.434	9.86517
252.441	10.9241
252.447	12.2172
252.454	3.02064
252.46	7.03074
252.467	6.72689
252.474	0.549466
252.48	1.11464
252.487	2.75909
252.493	1.19406
252.5	1.11976
252.506	0.929954
252.513	2.14178
252.519	3.31612
252.526	5.31991
252.532	16.5353
252.539	10.9944
252.546	6.11357
252.552	3.00565
252.559	0.129609
252.565	1.68151
252.572	6.78269
252.578	5.63789
252.585	6.05165
252.591	4.71631
252.598	26.3062
252.604	22.5364
252.611	7.72705
252.617	20.7578
252.624	24.9732
252.63	4.79448
252.637	6.80806
252.643	0.393479
252.65	0.630026
252.657	9.95717
252.663	10.5331
252.67	1.3553
252.676	-0.271152
252.683	-1.24298
252.689	1.88768
252.696	5.10191
252.702	11.7535
252.709	9.555
252.715	7.33385
252.722	2.60494
252.728	3.50948
252.735	3.83026
252.741	5.387
252.748	3.21019
252.754	15.8596
252.761	-0.256124
252.767	0.534075
252.774	0.253154
252.78	-1.00558
252.787	3.76502
252.793	10.7991
252.8	6.53263
252.806	1.85845
252.813	0.636184
252.819	3.02072
252.826	16.3814
252.832	5.92438
252.839	7.22097
252.845	13.3977
252.852	2.96619
252.858	4.24031
252.864	0.130543
252.871	-0.634795
252.877	0.541151
252.884	1.98507
252.89	13.0869
252.897	3.32762
252.903	-0.10743
252.91	-0.376936
252.916	-1.4209
252.923	-0.366521
252.929	6.16495
252.936	8.95317
252.942	11.6964
252.949	4.83869
252.955	2.21467
252.962	3.6257
252.968	-1.14052
252.975	2.09959
252.981	2.74992
252.987	5.57418
252.994	6.86643
253	3.62986
253.007	1.29543
253.013	4.73926
253.02	0.874826
253.026	3.82508
253.033	2.59992
253.039	0.404302
253.046	4.04201
253.052	5.11692
253.058	1.32373
253.065	6.24155
253.071	10.3581
253.078	17.5484
253.084	16.535
253.091	7.50468
253.097	-0.741873
253.104	-2.16624
253.11	-2.27827
253.116	-2.35795
253.123	-2.40167
253.129	-1.53961
253.136	-1.10198
253.142	-1.24621
253.149	1.47671
253.155	1.49556
253.161	-3.07737
253.168	-2.06836
253.174	-1.11623
253.181	0.149396
253.187	2.85627
253.194	9.20853
253.2	5.18361
253.206	-1.60435
253.213	-1.87977
253.219	-2.23092
253.226	-2.49928
253.232	-0.0648294
253.238	-1.46786
253.245	-2.93666
253.251	-1.74391
253.258	-3.30684
253.264	-4.05558
253.271	-2.82868
253.277	5.31583
253.283	15.3725
253.29	10.7212
253.296	-2.53362
253.303	2.06612
253.309	11.0413
253.315	17.7599
253.322	7.98289
253.328	-1.83354
253.335	-2.93555
253.341	-2.87413
253.347	-2.69195
253.354	0.305298
253.36	11.0146
253.367	5.19383
253.373	0.401063
253.379	-2.04824
253.386	-1.89356
253.392	1.84801
253.398	-0.275912
253.405	10.4387
253.411	10.3776
253.418	-0.531964
253.424	-3.38596
253.43	-1.08317
253.437	12.9669
253.443	6.7389
253.449	5.54042
253.456	10.2072
253.462	6.44463
253.469	4.26477
253.475	10.6629
253.481	24.5332
253.488	7.79859
253.494	-0.191089
253.5	-1.5204
253.507	4.91158
253.513	8.14013
253.52	14.0383
253.526	-1.28643
253.532	1.46372
253.539	-3.93349
253.545	-3.61866
253.551	1.8058
253.558	-4.57204
253.564	-3.00554
253.57	-3.27775
253.577	-5.43344
253.583	-4.8469
253.59	-5.38042
253.596	-4.4859
253.602	-4.90437
253.609	1.19396
253.615	-2.25879
253.621	-0.217839
253.628	-3.73329
253.634	-1.87397
253.64	0.296247
253.647	-5.12582
253.653	-3.68575
253.659	-5.85956
253.666	-3.71698
253.672	2.91529
253.678	13.622
253.685	-3.68412
253.691	1.99586
253.697	-5.07562
253.704	-0.5879
253.71	-2.64843
253.716	6.73064
253.723	3.50482
253.729	-5.61183
253.735	-5.91299
253.742	-1.45689
253.748	8.20478
253.754	1.1946
253.761	0.284737
253.767	-3.92312
253.773	-1.20347
253.779	-0.325323
253.786	7.73667
253.792	15.1729
253.798	9.00501
253.805	18.9082
253.811	6.67337
253.817	-0.601291
253.824	-0.316659
253.83	-2.05377
253.836	-2.52957
253.843	-6.7685
253.849	-3.11601
253.855	-1.75152
253.861	-3.96505
253.868	-6.35001
253.874	1.57046
253.88	10.9283
253.887	45.9391
253.893	9.39609
253.899	2.47617
253.906	-4.7145
253.912	-4.84193
253.918	-2.4269
253.924	-2.78066
253.931	5.33519
253.937	3.56367
253.943	-3.72993
253.95	8.56357
253.956	-3.77026
253.962	-3.93358
253.968	-2.36533
253.975	10.636
253.981	0.198886
253.987	-1.7292
253.994	-2.93731
254	-2.93959
254.006	-5.92113
254.012	-5.06261
254.019	-6.60812
254.025	1.80807
254.031	0.235663
254.037	-0.826421
254.044	4.49037
254.05	-4.48543
254.056	-6.81603
254.062	-7.32712
254.069	-3.0948
254.075	-3.28605
254.081	8.47086
254.088	4.94867
254.094	-5.97388
254.1	-6.99411
254.106	-8.01636
254.113	-7.55582
254.119	-5.50905
254.125	3.0226
254.131	3.11727
254.138	-6.3241
254.144	-6.28472
254.15	-2.85878
254.156	-0.0148544
254.163	17.8643
254.169	20.673
254.175	5.76288
254.181	4.93757
254.188	-1.26411
254.194	1.49044
254.2	-1.06513
254.206	11.364
254.212	0.786318
254.219	1.95602
254.225	11.2376
254.231	10.7696
254.237	10.973
254.244	14.5204
254.25	25.2916
254.256	5.32747
254.262	-7.56599
254.269	-5.14894
254.275	8.09904
254.281	-0.0140647
254.287	-7.52115
254.293	-8.49415
254.3	-3.86316
254.306	-6.41702
254.312	-8.17058
254.318	-4.13954
254.324	17.0893
254.331	30.678
254.337	10.0771
254.343	-7.31036
254.349	-8.94617
254.356	-9.32014
254.362	-9.23491
254.368	-8.37745
254.374	-4.58522
254.38	-8.5135
254.387	-8.98914
254.393	-4.47184
254.399	4.21036
254.405	-3.58398
254.411	-9.92384
254.418	-10.2151
254.423	19.1322
254.43	14.2285
254.437	12.0856
254.444	17.3479
254.45	6.45334
254.457	4.79379
254.464	17.1615
254.471	36.848
254.477	52.1484
254.484	17.4417
254.491	3.03132
254.498	3.42916
254.504	7.65027
254.511	23.9834
254.518	21.9327
254.524	13.4923
254.531	37.4783
254.538	20.5169
254.545	19.8973
254.551	34.1962
254.558	22.0518
254.565	14.7382
254.572	12.0241
254.578	7.21004
254.585	1.7049
254.592	1.51716
254.598	2.72281
254.605	3.90751
254.612	6.97346
254.619	8.20278
254.625	16.1151
254.632	31.9838
254.639	22.0716
254.645	3.76854
254.652	3.95728
254.659	11.0448
254.665	17.5752
254.672	23.5622
254.679	14.7927
254.686	3.45523
254.692	4.32067
254.699	4.83738
254.706	15.1904
254.712	22.6382
254.719	9.94631
254.726	11.0375
254.732	14.0519
254.739	0.501885
254.746	3.928
254.753	13.6294
254.759	26.4134
254.766	13.1413
254.773	12.9114
254.779	32.2061
254.786	15.7748
254.793	3.67116
254.799	10.3823
254.806	17.6694
254.813	8.59538
254.819	19.6938
254.826	10.3103
254.833	4.9452
254.839	12.4455
254.846	11.0375
254.853	12.1838
254.859	20.358
254.866	32.9801
254.873	15.4208
254.879	19.0899
254.886	9.79417
254.893	2.25468
254.899	2.76562
254.906	4.91206
254.913	14.1139
254.919	10.2494
254.926	14.5357
254.933	18.3609
254.939	6.59277
254.946	15.5162
254.953	13.6775
254.959	18.3675
254.966	7.52715
254.973	3.78716
254.979	9.9929
254.986	13.3621
254.993	7.39588
254.999	25.2195
255.006	22.6729
255.013	16.3683
255.019	10.7442
255.026	15.1592
255.032	15.9741
255.039	9.95476
255.046	15.7459
255.052	13.448
255.059	7.033
255.066	1.96098
255.072	5.64628
255.079	13.9988
255.086	26.5392
255.092	17.3443
255.099	30.0085
255.105	17.1062
255.112	6.16624
255.119	3.2835
255.125	9.17348
255.132	6.7965
255.139	4.0435
255.145	2.39849
255.152	9.1157
255.158	30.5684
255.165	17.9915
255.172	7.28578
255.178	14.5792
255.185	1.51937
255.192	3.48926
255.198	17.5511
255.205	12.8652
255.211	13.4081
255.218	18.4665
255.225	20.3483
255.231	22.8232
255.238	34.0381
255.244	8.4212
255.251	1.65246
255.258	2.26992
255.264	7.10949
255.271	6.11096
255.277	2.2561
255.284	2.45132
255.291	8.8246
255.297	34.4995
255.304	30.0651
255.31	4.79548
255.317	8.05132
255.324	8.00618
255.33	4.48058
255.337	12.5989
255.343	34.7144
255.35	22.0416
255.357	20.7385
255.363	17.4134
255.37	43.2466
255.376	13.4394
255.383	20.3975
255.389	22.9123
255.396	18.1674
255.403	15.8041
255.409	7.93575
255.416	10.1479
255.422	4.15242
255.429	8.50942
255.435	13.6772
255.442	4.13057
255.449	13.8075
255.455	24.6542
255.462	29.5348
255.468	8.97861
255.475	19.9142
255.481	4.82778
255.488	1.07379
255.495	5.06421
255.501	14.9829
255.508	12.9855
255.514	12.0388
255.521	12.5488
255.527	8.06297
255.534	12.4923
255.54	12.7849
255.547	5.18054
255.554	6.97028
255.56	21.1122
255.567	9.80301
255.573	-0.597422
255.58	-0.842172
255.586	0.210378
255.593	-2.22002
255.599	2.72961
255.606	15.6984
255.612	7.51254
255.619	4.26014
255.626	8.52446
255.632	24.5838
255.639	15.407
255.645	28.2663
255.652	22.1558
255.658	7.12426
255.665	0.636104
255.671	-1.16981
255.678	-1.152
255.684	2.31878
255.691	15.8216
255.697	6.32912
255.704	16.793
255.71	11.6417
255.717	10.1418
255.723	21.7862
255.73	19.8107
255.736	41.436
255.743	18.6724
255.75	11.3713
255.756	15.9346
255.763	22.3282
255.769	11.5749
255.776	22.4035
255.782	5.7953
255.789	5.90692
255.795	23.461
255.802	12.2723
255.808	10.2381
255.815	1.0225
255.821	10.203
255.828	34.8119
255.834	7.3458
255.841	0.151396
255.847	8.42235
255.854	5.84799
255.86	5.8904
255.867	0.107576
255.873	8.06537
255.88	2.56025
255.886	-2.11432
255.893	1.17629
255.899	-0.360258
255.906	6.47311
255.912	11.2469
255.919	7.73854
255.925	9.22906
255.932	-1.54173
255.938	5.28572
255.944	24.6275
255.951	0.705869
255.957	-1.52215
255.964	3.67012
255.97	4.39033
255.977	4.52798
255.983	-0.541956
255.99	8.37482
255.996	9.13535
256.003	3.21589
256.009	-1.28654
256.016	-0.21584
256.022	1.97757
256.029	-0.0627057
256.035	6.91043
256.042	7.92742
256.048	3.00388
256.054	-0.388831
256.061	1.87886
256.067	2.39755
256.074	10.3652
256.08	18.3659
256.087	7.15296
256.093	15.1888
256.1	16.8828
256.106	10.9635
256.113	3.76337
256.119	14.7212
256.125	15.5923
256.132	4.0416
256.138	1.94302
256.145	1.85146
256.151	3.26217
256.158	0.197185
256.164	-1.88962
256.171	10.7312
256.177	3.57426
256.183	-0.452708
256.19	-5.54562
256.196	-1.51643
256.203	-4.98071
256.209	-3.85723
256.216	-3.56095
256.222	-4.47098
256.228	3.345
256.235	-3.71373
256.241	4.00183
256.248	3.25857
256.254	-1.52778
256.261	-2.411
256.267	11.5122
256.273	38.0823
256.28	35.6598
256.286	7.6021
256.293	7.8521
256.299	10.234
256.306	-3.08308
256.312	5.23411
256.318	8.85561
256.325	6.23382
256.331	6.65375
256.338	20.2664
256.344	11.0331
256.35	8.50839
256.357	3.36487
256.363	3.37146
256.37	3.59255
256.376	14.1439
256.382	13.9125
256.389	-0.333887
256.395	-4.25214
256.402	-5.77046
256.408	-4.51881
256.414	1.29795
256.421	26.4872
256.427	5.19037
256.434	9.02165
256.44	1.74478
256.446	5.95575
256.453	-4.10962
256.459	0.342335
256.466	-4.13618
256.472	-2.82881
256.478	4.16059
256.485	-4.18154
256.491	-5.43557
256.497	-3.3431
256.504	-1.68281
256.51	-5.16008
256.517	-0.136778
256.523	12.8576
256.529	8.91165
256.536	-2.89968
256.542	-1.50568
256.548	8.64041
256.555	12.036
256.561	-1.49161
256.568	-2.84996
256.574	3.46685
256.58	1.77678
256.587	-0.66064
256.593	-2.24584
256.599	0.396439
256.606	-2.90317
256.612	-4.92112
256.618	2.12395
256.625	2.73506
256.631	-0.399395
256.637	11.7597
256.644	8.71649
256.65	-4.90223
256.657	-6.8327
256.663	-8.68241
256.669	-7.55533
256.676	-2.23014
256.682	3.82463
256.688	23.5528
256.695	19.1809
256.701	2.84996
256.707	-3.87908
256.714	1.09711
256.72	10.214
256.726	6.86796
256.733	12.3353
256.739	15.4361
256.745	9.04475
256.752	6.57822
256.758	-7.00831
256.764	-8.20135
256.771	-3.01722
256.777	-0.426991
256.783	-0.248823
256.79	24.3142
256.796	5.50788
256.802	14.6174
256.809	-2.33035
256.815	-8.14138
256.821	-7.50048
256.828	-7.89557
256.834	-6.58053
256.84	-4.18411
256.847	1.99332
256.853	-6.48257
256.859	-4.33183
256.865	-1.84879
256.872	11.6568
256.878	3.8176
256.884	10.1726
256.891	7.06571
256.897	-4.33903
256.903	-2.55261
256.91	-8.06421
256.916	-4.17804
256.922	-6.33836
256.928	-7.72
256.935	-8.39407
256.941	-2.83238
256.947	19.0694
256.954	22.5961
256.96	16.9138
256.966	11.1162
256.973	-7.73933
256.979	-5.86383
256.985	-3.85142
256.991	-7.31758
256.998	-6.26095
257.004	0.5252
257.01	-5.051
257.017	9.65397
257.023	-1.60881
257.029	4.31425
257.035	-4.20822
257.042	-7.36689
257.048	-0.848121
257.054	-7.09257
257.06	-4.40607
257.067	21.3234
257.073	20.1927
257.079	-2.34749
257.086	-7.35039
257.092	-2.34601
257.098	-1.79111
257.104	-9.19834
257.111	-5.30998
257.117	3.02736
257.123	-8.18917
257.129	-9.32524
257.136	-8.04191
257.142	-8.36923
257.144	19.5863
257.151	49.3073
257.158	3.15382
257.165	5.07159
257.172	2.47172
257.179	3.17954
257.185	6.02814
257.192	4.19555
257.199	8.84132
257.206	8.02426
257.213	5.89303
257.219	11.9972
257.226	3.41066
257.233	3.59637
257.24	2.46876
257.247	7.04359
257.253	11.8172
257.26	23.0005
257.267	9.98123
257.274	16.8602
257.281	16.8391
257.287	19.9406
257.294	13.4502
257.301	12.6394
257.308	42.1105
257.315	46.2274
257.321	45.1605
257.328	11.6414
257.335	11.9245
257.342	11.756
257.349	20.2099
257.355	13.1994
257.362	24.4958
257.369	26.1487
257.376	17.6543
257.382	62.8426
257.389	19.9267
257.396	4.47266
257.403	14.5893
257.41	30.963
257.416	11.9205
257.423	8.49486
257.43	8.42999
257.437	7.80088
257.443	11.6009
257.45	18.5561
257.457	33.9096
257.464	21.1298
257.47	25.4726
257.477	28.2668
257.484	34.7914
257.491	35.0809
257.498	14.2151
257.504	5.18539
257.511	11.3855
257.518	22.1268
257.525	9.96234
257.531	8.06712
257.538	12.4005
257.545	16.6516
257.552	2.7353
257.558	2.09776
257.565	2.05674
257.572	3.12005
257.579	5.99451
257.585	15.1211
257.592	29.1253
257.599	24.3997
257.606	13.2943
257.612	16.7629
257.619	22.8149
257.626	19.573
257.632	14.8772
257.639	6.1435
257.646	17.4083
257.653	9.57711
257.659	9.91635
257.666	20.1166
257.673	34.1846
257.68	12.7453
257.686	5.18726
257.693	2.34492
257.7	5.92653
257.707	10.3415
257.713	46.3929
257.72	20.6056
257.727	7.14302
257.733	2.37278
257.74	5.84061
257.747	18.8597
257.754	12.5536
257.76	15.9784
257.767	10.9683
257.774	4.07675
257.78	2.78566
257.787	4.94511
257.794	7.62355
257.801	1.89101
257.807	3.57316
257.814	14.1174
257.821	21.8514
257.827	6.84563
257.834	3.31797
257.841	6.56448
257.847	3.30018
257.854	8.23761
257.861	22.6849
257.868	8.73939
257.874	12.1622
257.881	2.7519
257.888	6.4543
257.894	21.0242
257.901	7.86191
257.908	6.6845
257.914	6.62626
257.921	18.5399
257.928	7.82976
257.934	18.7342
257.941	33.791
257.948	35.6694
257.955	39.0121
257.961	44.2964
257.968	31.96
257.975	7.41587
257.981	4.80197
257.988	3.28133
257.995	2.56206
258.001	1.75872
258.008	10.3407
258.015	14.9799
258.021	30.1854
258.028	8.25165
258.035	9.4109
258.041	5.28047
258.048	19.0283
258.055	26.8787
258.061	26.1201
258.068	15.5811
258.075	15.4513
258.081	8.69513
258.088	2.43367
258.095	13.167
258.101	19.545
258.108	7.37484
258.115	14.1865
258.121	18.0193
258.128	40.3005
258.135	13.7775
258.141	2.88389
258.148	6.25825
258.154	9.75469
258.161	8.74941
258.168	9.16156
258.174	18.6779
258.181	9.28439
258.188	4.44712
258.194	7.59283
258.201	23.83
258.208	10.1874
258.214	17.2771
258.221	47.2438
258.227	31.6592
258.234	21.4502
258.241	20.7686
258.247	15.9545
258.254	22.5651
258.261	5.81098
258.267	11.574
258.274	19.9326
258.281	1.0473
258.287	1.96768
258.294	4.41697
258.3	17.7366
258.307	21.8475
258.314	7.51777
258.32	1.40924
258.327	1.3004
258.333	2.10866
258.34	1.67913
258.347	21.8768
258.353	16.8569
258.36	32.7326
258.367	29.8947
258.373	49.1645
258.38	42.7282
258.386	19.1948
258.393	10.6551
258.4	17.0848
258.406	23.6372
258.413	11.159
258.419	7.2234
258.426	9.22165
258.433	24.9437
258.439	30.0861
258.446	28.3861
258.452	30.0882
258.459	11.995
258.466	17.7009
258.472	6.18494
258.479	11.3361
258.485	26.4859
258.492	24.6169
258.498	12.4828
258.505	11.3719
258.512	13.5468
258.518	12.9508
258.525	2.58148
258.531	0.0175286
258.538	4.6958
258.545	19.4093
258.551	11.8427
258.558	10.536
258.564	9.16867
258.571	17.3884
258.577	10.5916
258.584	0.175882
258.591	15.0036
258.597	38.0358
258.604	23.574
258.61	22.2698
258.617	13.158
258.623	5.67849
258.63	6.37688
258.636	17.0275
258.643	23.3159
258.65	30.6836
258.656	29.4396
258.663	12.8552
258.669	0.705229
258.676	0.476188
258.682	18.9395
258.689	13.8959
258.696	11.2461
258.702	4.82584
258.709	7.96842
258.715	37.6573
258.722	35.1611
258.728	31.6136
258.735	38.6481
258.741	17.9645
258.748	2.12531
258.754	-2.40862
258.761	0.601031
258.767	0.680571
258.774	10.5213
258.781	9.7487
258.787	11.139
258.794	19.6833
258.8	28.8208
258.807	22.2407
258.813	1.24434
258.82	4.83563
258.826	3.71942
258.833	-0.765641
258.839	-0.49937
258.846	-0.868683
258.852	-1.16443
258.859	9.87858
258.865	11.4488
258.872	10.1967
258.878	0.654108
258.885	-1.99449
258.891	-1.1914
258.898	2.82661
258.905	8.12431
258.911	5.958
258.918	2.88244
258.924	-1.6351
258.931	-1.42352
258.937	1.16131
258.944	0.0312142
258.95	6.20184
258.957	5.58799
258.963	1.35667
258.97	-4.16898
258.976	-4.94531
258.983	-3.73606
258.989	-3.15449
258.996	-1.52934
259.002	-0.567043
259.009	-0.413779
259.015	0.02067
259.022	-1.52689
259.028	7.49426
259.035	23.6764
259.041	9.29332
259.047	3.99734
259.054	3.7759
259.06	0.449313
259.067	6.34516
259.073	-4.33953
259.08	-4.19005
259.086	0.0993612
259.093	4.29335
259.099	12.9639
259.106	15.1508
259.112	15.7642
259.119	0.78961
259.125	1.86612
259.132	-1.02165
259.138	-2.62794
259.145	-0.597159
259.151	16.8746
259.158	36.8156
259.164	41.4819
259.17	4.05128
259.177	-3.2882
259.183	-0.368032
259.19	8.39931
259.196	18.2464
259.203	9.34304
259.209	-4.07233
259.216	-0.858815
259.222	-3.36424
259.229	-2.66079
259.235	4.31817
259.242	13.8126
259.248	6.95496
259.254	-3.07252
259.261	2.35447
259.267	11.983
259.274	0.750268
259.28	7.03264
259.287	5.75042
259.293	4.21234
259.3	8.89757
259.306	28.5847
259.312	8.88716
259.319	8.98178
259.325	3.84257
259.332	15.916
259.338	21.3451
259.345	1.91982
259.351	-5.32898
259.357	1.47784
259.364	24.9235
259.37	22.4103
259.377	-2.28397
259.383	1.53406
259.39	-1.49051
259.396	1.28066
259.402	9.43893
259.409	16.2554
259.415	6.20377
259.422	2.46882
259.428	-0.288566
259.434	-4.56012
259.441	-4.52898
259.447	-2.39811
259.454	1.96123
259.46	-0.450187
259.467	3.30655
259.473	-1.72493
259.479	-5.45173
259.486	-4.04674
259.492	-0.467603
259.499	1.39542
259.505	8.13876
259.511	10.4732
259.518	9.21458
259.524	9.83849
259.531	20.0811
259.537	10.7094
259.543	4.49526
259.55	11.6407
259.556	0.909468
259.563	4.4577
259.569	-4.98064
259.575	-8.6017
259.582	-7.49897
259.588	-6.87705
259.594	-7.78483
259.601	-6.49768
259.607	-3.99295
259.614	-4.53253
259.62	-6.99518
259.626	-2.30541
259.633	-7.50973
259.639	-8.55408
259.646	-5.41271
259.652	-2.90941
259.658	-5.87701
259.665	-7.24204
259.671	-3.17054
259.677	-7.63478
259.684	-4.00893
259.69	-2.21784
259.696	-8.68661
259.703	-8.49588
259.709	-7.53321
259.716	-6.68011
259.722	-0.0783812
259.728	4.98252
259.735	-2.87084
259.741	8.24364
259.747	15.1377
259.754	-1.4949
259.76	-3.04865
259.766	-0.921712
259.773	-0.327919
259.779	5.55562
259.785	2.86094
259.792	0.55278
259.798	-7.5168
259.805	-8.48183
259.811	-9.20465
259.817	-9.04918
259.824	-7.18615
259.83	-0.80528
259.836	-2.90406
259.843	-8.36954
259.849	-8.39635
259.855	-7.58668
259.862	-6.44579
259.868	-5.56451
259.874	-5.68069
259.881	-6.72208
259.887	1.69898
259.893	-4.73427
259.9	4.70994
259.906	-1.06018
259.912	-8.96973
259.919	-0.49807
259.925	4.58152
259.931	3.03843
259.938	5.18339
259.945	2.42356
259.952	4.47108
259.959	4.18828
259.966	2.34583
259.973	5.09376
259.98	4.84417
259.987	5.76661
259.993	7.57464
260	14.422
260.007	5.79782
260.014	14.2428
260.021	10.1409
260.028	10.217
260.035	4.1381
260.042	1.47237
260.049	2.07555
260.055	2.93032
260.062	5.27611
260.069	3.77589
260.076	5.84241
260.083	18.4109
260.09	58.1289
260.097	12.3782
260.103	11.8605
260.11	19.906
260.117	5.42387
260.124	2.53895
260.131	2.10721
260.138	2.41643
260.145	3.89213
260.151	8.2171
260.158	15.5103
260.165	4.89699
260.172	9.76344
260.179	8.20703
260.186	20.2376
260.193	11.3521
260.199	6.64996
260.206	4.02586
260.213	3.96348
260.22	3.53811
260.227	7.58514
260.234	6.54787
260.241	3.55116
260.247	2.6389
260.254	4.20145
260.261	3.28309
260.268	9.02922
260.275	14.9081
260.282	32.7862
260.288	6.62732
260.295	7.27665
260.302	4.49122
260.309	6.94933
260.316	17.7091
260.323	5.66352
260.329	2.17047
260.336	1.33007
260.343	1.97407
260.35	1.87206
260.357	1.7891
260.364	2.24723
260.37	4.08326
260.377	0.924884
260.384	2.91342
260.391	1.96707
260.398	3.93948
260.404	9.62459
260.411	13.1488
260.418	11.0061
260.425	6.66184
260.432	29.7461
260.438	30.428
260.445	6.47436
260.452	3.49892
260.459	5.35955
260.466	6.46581
260.473	13.6352
260.479	11.9263
260.486	8.04467
260.493	3.00689
260.5	6.37446
260.507	3.31378
260.513	5.58618
260.52	9.06808
260.527	15.8998
260.534	3.29529
260.541	2.67994
260.547	2.40082
260.554	4.67891
260.561	20.2848
260.568	20.2831
260.574	2.71109
260.581	1.2404
260.588	6.42906
260.595	7.17838
260.602	2.4107
260.608	2.63279
260.615	0.556466
260.622	0.809943
260.629	2.39354
260.635	3.10641
260.642	10.1094
260.649	4.35352
260.656	1.46215
260.663	2.72919
260.669	2.06213
260.676	7.28017
260.683	27.5985
260.69	31.2877
260.696	16.3862
260.703	3.26521
260.71	1.95121
260.717	1.42736
260.723	1.15125
260.73	-0.239873
260.737	3.24735
260.744	4.32801
260.75	11.3751
260.757	6.65858
260.764	3.13498
260.771	1.27099
260.777	-0.665983
260.784	1.398
260.791	3.99266
260.798	11.1466
260.804	3.91306
260.811	1.89522
260.818	-0.422957
260.825	0.535616
260.831	1.10624
260.838	5.01143
260.845	15.1186
260.852	7.55434
260.858	4.03935
260.865	18.8228
260.872	13.5494
260.879	5.2916
260.885	4.50322
260.892	2.21002
260.899	2.01453
260.906	4.11479
260.912	6.38135
260.919	13.6594
260.926	12.8075
260.932	13.995
260.939	15.4022
260.946	8.80319
260.953	1.08943
260.959	3.86184
260.966	9.16991
260.973	2.94712
260.979	1.52433
260.986	4.81647
260.993	13.6658
261	11.4403
261.006	8.64614
261.013	10.3221
261.02	16.9852
261.026	21.8223
261.033	10.2182
261.04	7.10059
261.047	8.27014
261.053	0.592535
261.06	0.680553
261.067	4.67909
261.073	3.66689
261.08	0.375138
261.087	1.87382
261.093	1.43366
261.1	0.880476
261.107	3.25593
261.114	0.42854
261.12	0.362675
261.127	1.3391
261.134	6.71327
261.14	16.5159
261.147	7.32262
261.154	9.7954
261.16	1.50966
261.167	0.139678
261.174	0.76778
261.18	-0.954094
261.187	3.13376
261.194	-0.271642
261.2	-0.202649
261.207	-0.745633
261.214	0.23566
261.22	4.07685
261.227	0.876115
261.234	-0.674569
261.24	-1.04139
261.247	-0.130871
261.254	3.06936
261.26	-1.03788
261.267	1.80203
261.274	1.79425
261.28	8.64267
261.287	2.79518
261.294	-0.824914
261.3	2.6127
261.307	12.1909
261.314	5.40714
261.32	0.898543
261.327	-0.229572
261.334	1.67447
261.34	8.92363
261.347	1.75324
261.354	11.8696
261.36	11.0576
261.367	15.3676
261.374	12.6632
261.38	16.3189
261.387	1.20264
261.394	-2.80402
261.4	-1.3139
261.407	-0.530482
261.413	1.17763
261.42	-0.0789619
261.427	2.8127
261.433	1.21983
261.44	1.53487
261.447	13.3064
261.453	7.1043
261.46	10.6123
261.467	26.4446
261.473	5.3807
261.48	9.40188
261.486	4.55418
261.493	3.42363
261.5	0.561952
261.506	3.42589
261.513	6.85397
261.52	6.02617
261.526	3.85137
261.533	0.498447
261.539	-1.16151
261.546	-2.9466
261.553	-2.91687
261.559	-1.59806
261.566	-2.44514
261.572	3.05653
261.579	6.14034
261.586	2.46581
261.592	10.0857
261.599	6.35916
261.605	2.39611
261.612	3.20287
261.619	3.17307
261.625	6.21253
261.632	7.99285
261.638	-1.73687
261.645	2.73715
261.652	4.386
261.658	8.45107
261.665	-0.569516
261.671	-2.94214
261.678	-3.06512
261.685	-0.98574
261.691	-2.6233
261.698	-2.04282
261.704	2.87552
261.711	7.69839
261.718	3.99441
261.724	3.70186
261.731	-3.43969
261.737	-3.78411
261.744	0.18829
261.75	-1.83344
261.757	6.27762
261.764	5.31295
261.77	9.25408
261.777	9.31428
261.783	6.92793
261.79	17.3371
261.796	7.50794
261.803	23.438
261.81	-1.47909
261.816	-3.58597
261.823	-3.66031
261.829	1.21488
261.836	4.94914
261.842	-3.22091
261.849	-2.05081
261.856	-3.27489
261.862	-4.73409
261.869	-4.01629
261.875	-2.06466
261.882	-4.42796
261.888	-4.42051
261.895	-4.46801
261.901	-4.93498
261.908	-3.89096
261.914	-3.255
261.921	0.155736
261.928	-3.57604
261.934	-4.20266
261.941	-3.69067
261.947	-0.187253
261.954	0.834162
261.96	0.487992
261.967	7.0469
261.973	2.6507
261.98	3.38003
261.986	-4.8276
261.993	-5.14959
262	-3.38199
262.006	-1.57534
262.013	8.70341
262.019	-2.42877
262.026	-1.40577
262.032	3.86805
262.039	4.94681
262.045	5.77025
262.052	9.95958
262.058	4.93199
262.065	9.33657
262.071	3.8578
262.078	8.39801
262.084	1.86242
262.091	-3.78463
262.097	-1.50097
262.104	8.18845
262.11	-2.05484
262.117	-4.39287
262.123	-4.77244
262.13	-5.32844
262.136	-2.78918
262.143	4.94809
262.149	-2.11075
262.156	-3.76011
262.162	8.35713
262.169	7.69701
262.175	-4.20864
262.182	-2.50893
262.188	-4.66208
262.195	-6.51445
262.201	-6.59925
262.208	-5.72108
262.214	-5.93219
262.221	-5.93045
262.227	-2.94649
262.234	-3.37242
262.24	-0.261568
262.247	27.3392
262.253	29.2385
262.26	26.082
262.266	7.30121
262.273	12.2609
262.279	-0.664974
262.286	3.87875
262.292	7.1301
262.299	-3.51202
262.305	-3.00831
262.312	-1.56356
262.318	-2.80224
262.325	-7.07764
262.331	-0.889898
262.337	4.85898
262.344	4.65409
262.35	13.2188
262.357	14.6649
262.363	-4.07943
262.37	-5.5752
262.376	-4.35688
262.383	5.44889
262.389	-0.732193
262.396	6.15925
262.402	7.36287
262.409	-2.98709
262.415	-6.77175
262.421	-3.63333
262.428	-3.75313
262.434	8.07382
262.441	-6.22338
262.447	-6.31375
262.454	-2.59759
262.46	21.3053
262.467	3.45492
262.473	-6.82073
262.48	-6.38123
262.486	-3.03213
262.492	-5.13267
262.499	-4.35876
262.505	-5.93003
262.512	-0.158464
262.518	0.86383
262.525	-2.92997
262.531	-4.54267
262.537	1.03395
262.544	0.0922073
262.55	6.46985
262.557	9.60871
262.563	5.5442
262.57	8.76869
262.576	-2.10267
262.582	-6.6364
262.589	-7.59803
262.595	-8.4271
262.602	-8.27518
262.608	-7.20781
262.615	-2.14379
262.621	-4.74164
262.627	-0.0105428
262.634	-7.51641
262.64	-4.01942
262.647	-1.88835
262.653	33.8963
262.659	2.8186
262.666	0.189818
262.672	-8.40672
262.679	-8.4441
262.685	-8.10316
262.691	-6.886
262.698	-8.48237
262.704	-8.11394
262.711	-8.01966
262.717	-6.52313
262.723	-3.02797
262.73	-3.63739
262.736	0.812258
262.743	8.17443
262.749	9.57126
262.755	-3.27035
262.762	-2.63695
262.766	12.6116
262.773	4.03423
262.78	17.0111
262.787	10.918
262.794	19.2017
262.801	6.73497
262.808	12.3406
262.815	7.2225
262.821	20.4557
262.828	40.9906
262.835	27.6939
262.842	23.8096
262.849	19.2065
262.856	29.6638
262.863	22.174
262.87	12.2401
262.877	3.47149
262.884	1.73749
262.891	3.35815
262.898	5.98695
262.905	7.17919
262.912	10.1296
262.919	12.2359
262.926	28.5582
262.933	12.9706
262.94	3.34088
262.947	4.30993
262.954	12.7141
262.961	14.644
262.967	9.01011
262.974	4.3765
262.981	3.0778
262.988	9.01884
262.995	22.4167
263.002	11.5052
263.009	2.81627
263.016	1.65118
263.023	1.83723
263.03	2.62858
263.037	8.20029
263.044	17.9085
263.051	13.8421
263.058	19.0829
263.064	7.26999
263.071	9.08107
263.078	14.2182
263.085	10.6474
263.092	3.12062
263.099	7.05453
263.106	30.0737
263.113	6.42945
263.12	5.88828
263.127	22.1514
263.134	15.1599
263.141	11.6928
263.147	1.9093
263.154	1.74302
263.161	2.82915
263.168	5.47874
263.175	7.96437
263.182	5.30873
263.189	7.72203
263.196	16.9786
263.203	27.6923
263.21	11.9167
263.217	18.324
263.223	9.11228
263.23	4.97178
263.237	17.1577
263.244	46.0404
263.251	15.2435
263.258	5.06934
263.265	20.9249
263.272	5.22369
263.279	2.07319
263.285	4.11211
263.292	22.1746
263.299	19.296
263.306	12.6821
263.313	11.5685
263.32	2.71371
263.327	2.72742
263.334	4.72052
263.34	19.7907
263.347	27.0473
263.354	16.2328
263.361	15.38
263.368	5.52265
263.375	4.2261
263.382	6.47359
263.389	5.65322
263.395	15.2011
263.402	18.8098
263.409	24.1392
263.416	3.31699
263.423	4.48389
263.43	3.03581
263.437	13.5422
263.444	11.9663
263.45	1.65034
263.457	2.35773
263.464	2.42739
263.471	5.66637
263.478	15.4586
263.485	13.5389
263.492	7.74437
263.498	8.02011
263.505	2.61008
263.512	0.758931
263.519	1.25448
263.526	2.9133
263.533	2.56554
263.539	1.1514
263.546	3.43938
263.553	2.40474
263.56	1.2699
263.567	1.45474
263.574	6.17189
263.58	8.45952
263.587	6.92984
263.594	14.8892
263.601	17.1497
263.608	12.0498
263.615	14.0517
263.621	3.92463
263.628	13.4159
263.635	11.1406
263.642	6.79083
263.649	2.1005
263.656	0.289889
263.662	4.02498
263.669	21.2558
263.676	24.4338
263.683	4.48467
263.69	9.53685
263.697	5.75167
263.703	1.78153
263.71	2.21706
263.717	1.24231
263.724	0.983683
263.731	0.808811
263.737	5.1316
263.744	6.61589
263.751	1.34882
263.758	3.5164
263.765	13.964
263.771	12.7575
263.778	30.2329
263.785	37.7951
263.792	43.8693
263.799	6.44794
263.805	8.08766
263.812	9.83274
263.819	1.74103
263.826	-0.458485
263.833	0.334079
263.839	1.67668
263.846	4.11907
263.853	2.86119
263.86	11.8131
263.867	2.29914
263.873	1.72263
263.88	4.99331
263.887	7.15446
263.894	13.8606
263.9	2.32773
263.907	1.62938
263.914	8.62741
263.921	4.80787
263.928	4.72276
263.934	1.0119
263.941	3.02937
263.948	5.16124
263.955	1.03347
263.961	0.547447
263.968	0.980708
263.975	5.90863
263.982	4.8437
263.988	19.7778
263.995	6.31522
264.002	8.37536
264.009	5.25332
264.016	11.0596
264.022	9.16654
264.029	17.2697
264.036	37.576
264.043	6.91151
264.049	1.96716
264.056	3.87339
264.063	2.86533
264.07	1.01708
264.076	6.78732
264.083	25.856
264.09	11.1891
264.097	5.96328
264.103	19.0406
264.11	2.12739
264.117	4.19928
264.123	6.52623
264.13	3.0985
264.137	-0.128349
264.144	0.145434
264.15	-0.534726
264.157	3.14124
264.164	14.4269
264.171	4.38851
264.177	3.88016
264.184	0.435743
264.191	-1.38471
264.198	-0.942699
264.204	1.29835
264.211	7.75074
264.218	13.3058
264.224	10.5184
264.231	2.00886
264.238	-0.693928
264.245	-0.829726
264.251	0.366921
264.258	4.99719
264.265	1.37722
264.271	7.32547
264.278	10.2033
264.285	-0.184821
264.292	-2.72129
264.298	-0.740379
264.305	0.590652
264.312	-1.40558
264.318	-2.32908
264.325	-1.0407
264.332	0.755935
264.339	2.1856
264.345	5.19971
264.352	4.49297
264.359	15.9886
264.365	14.7975
264.372	5.15489
264.379	3.1856
264.385	5.37977
264.392	6.94117
264.399	8.67386
264.406	-0.122622
264.412	7.0528
264.419	13.2026
264.426	1.43225
264.432	5.13491
264.439	-2.38249
264.446	-1.91612
264.452	0.80427
264.459	17.8357
264.466	26.5452
264.472	6.61947
264.479	-0.0137482
264.486	3.64108
264.492	-0.768177
264.499	0.214942
264.506	14.3691
264.512	13.3011
264.519	0.767441
264.526	3.53076
264.532	3.4959
264.539	6.54846
264.546	20.0448
264.552	22.2851
264.559	16.1979
264.566	4.37058
264.572	1.29736
264.579	15.423
264.586	1.28295
264.592	0.636522
264.599	1.04786
264.606	5.81402
264.612	12.4181
264.619	-0.653071
264.626	-3.01157
264.632	-2.31375
264.639	0.580877
264.646	17.0985
264.652	3.31137
264.659	-2.87354
264.665	-2.08969
264.672	-3.59081
264.679	-2.48711
264.685	3.72686
264.692	-1.04944
264.699	1.44414
264.705	2.37233
264.712	0.875122
264.719	-2.0966
264.725	-2.57273
264.732	-0.429698
264.738	8.40192
264.745	3.81984
264.752	-2.86572
264.758	-3.01382
264.765	-2.32162
264.772	1.46342
264.778	3.42112
264.785	3.54689
264.791	4.5943
264.798	7.50767
264.805	-1.02547
264.811	-0.324011
264.818	7.35588
264.825	16.8144
264.831	9.3695
264.838	-1.1441
264.844	0.261487
264.851	1.06631
264.858	-2.11513
264.864	3.3716
264.871	-2.98247
264.877	-1.11487
264.884	1.60032
264.891	8.63101
264.897	0.294797
264.904	-0.503662
264.91	-0.146189
264.917	-3.3877
264.924	-4.06133
264.93	-6.16003
264.937	-4.40399
264.943	-5.43474
264.95	-2.13134
264.957	3.57502
264.963	24.8747
264.97	6.86176
264.976	-4.02759
264.983	1.11099
264.989	26.879
264.996	11.0947
265.003	4.17737
265.009	10.4078
265.016	1.51042
265.022	0.654264
265.029	4.67211
265.036	-4.63089
265.042	-2.65265
265.049	-4.36683
265.055	-4.74543
265.062	-2.6248
265.068	2.51514
265.075	2.95905
265.082	4.98113
265.088	12.5876
265.095	8.99594
265.101	0.909147
265.108	0.259828
265.114	3.96776
265.121	2.60083
265.127	18.5254
265.134	-0.747253
265.141	-1.7794
265.147	4.6443
265.154	-2.04393
265.16	0.073382
265.167	4.19528
265.173	12.528
265.18	-3.01732
265.186	-4.73041
265.193	-0.0448973
265.2	-1.16429
265.206	-5.58427
265.213	-5.69774
265.219	-5.40695
265.226	-4.23148
265.232	-5.18871
265.239	-6.77689
265.245	-6.13294
265.252	-1.27027
265.258	5.71082
265.265	1.79006
265.271	8.15506
265.278	2.26168
265.284	6.8869
265.291	-0.757624
265.297	-3.36351
265.304	-5.15865
265.311	-0.840868
265.317	7.6068
265.324	2.61637
265.33	2.19249
265.337	-3.45456
265.343	-0.584612
265.35	5.63307
265.356	-4.43448
265.363	-0.774613
265.369	-2.29807
265.376	10.4004
265.382	-2.55861
265.389	-3.35852
265.395	-1.10498
265.402	0.548548
265.408	-5.8306
265.415	-5.20641
265.421	-5.85339
265.428	1.21301
265.434	-0.638214
265.441	-0.927283
265.447	-3.94997
265.454	3.38441
265.46	-5.88046
265.467	-6.7322
265.473	-6.64398
265.48	-6.89527
265.486	3.26339
265.493	3.55737
265.499	-3.68845
265.506	6.18381
265.512	1.09961
265.519	-4.37455
265.525	-5.69682
265.532	-2.47262
265.538	3.16516
265.545	-0.927638
265.551	0.6906
265.558	-7.9868
265.564	-7.65655
265.57	-5.69683
265.577	-2.38491
265.583	-1.25131
265.59	9.22457
265.596	-6.73502
265.603	-7.62643
265.609	-6.76001
265.616	-3.35336
265.622	-1.83215
265.629	-2.43126
265.635	16.8011
265.642	-1.66811
265.648	5.05871
265.655	9.06049
265.661	1.92232
265.667	8.32475
265.67	5.36514
265.677	5.08195
265.684	10.2951
265.691	25.4718
265.698	6.84663
265.705	12.7492
265.712	3.80147
265.719	6.99325
265.726	4.37522
265.733	14.1793
265.74	20.454
265.747	18.2996
265.754	6.44121
265.762	3.92756
265.769	8.89137
265.776	12.7561
265.783	21.2831
265.79	22.1555
265.797	12.2661
265.804	5.52187
265.811	9.31295
265.818	10.0916
265.825	0.474135
265.832	2.73902
265.839	2.07127
265.846	10.1394
265.853	4.4462
265.86	4.45693
265.867	3.91757
265.874	7.43777
265.881	12.0722
265.888	6.86973
265.895	9.69684
265.902	3.19224
265.909	2.70744
265.916	1.84223
265.923	4.67452
265.93	3.15966
265.937	2.56767
265.944	7.10415
265.951	5.67573
265.958	9.41813
265.965	20.8633
265.972	12.6015
265.979	14.0141
265.986	3.81324
265.993	2.70225
266	8.13449
266.007	18.3068
266.014	21.1005
266.021	6.64052
266.028	11.6283
266.035	24.3415
266.042	11.1343
266.049	7.71978
266.056	2.77378
266.063	4.51325
266.07	4.02862
266.077	4.83711
266.084	9.89246
266.091	9.27282
266.098	21.0791
266.105	14.3065
266.112	5.49825
266.119	13.7548
266.126	7.62163
266.133	5.97182
266.14	10.5582
266.147	9.8828
266.154	3.3834
266.161	8.35881
266.168	18.1775
266.175	5.15838
266.182	4.46427
266.189	6.61842
266.196	14.0897
266.203	13.7956
266.21	2.07778
266.217	4.71602
266.223	4.83625
266.23	13.8843
266.237	5.21769
266.244	2.94004
266.251	2.38473
266.258	3.98111
266.265	2.02865
266.272	0.3684
266.279	2.3111
266.286	1.11382
266.293	1.94633
266.3	3.51348
266.307	1.12068
266.314	4.82047
266.321	7.60629
266.328	16.5071
266.335	18.2906
266.342	9.83664
266.349	15.0804
266.356	10.0061
266.362	8.4569
266.369	6.96399
266.376	16.453
266.383	4.22226
266.39	8.20515
266.397	15.1583
266.404	17.7855
266.411	6.2147
266.418	2.31797
266.425	6.83668
266.432	11.0513
266.439	17.7483
266.446	15.5011
266.453	12.3702
266.459	6.99842
266.466	11.0853
266.473	1.30502
266.48	2.57714
266.487	5.1721
266.494	16.8215
266.501	5.82013
266.508	5.14576
266.515	16.4192
266.522	16.227
266.529	8.84847
266.535	7.75975
266.542	11.5999
266.549	16.133
266.556	2.96724
266.563	7.188
266.57	22.0719
266.577	19.7191
266.584	18.1238
266.591	10.1396
266.598	5.28546
266.604	4.30432
266.611	2.89702
266.618	5.41045
266.625	13.594
266.632	30.186
266.639	34.8123
266.646	23.0654
266.653	20.0454
266.66	38.3002
266.666	12.0742
266.673	10.1469
266.68	9.38679
266.687	8.16356
266.694	4.38472
266.701	8.67223
266.708	3.59209
266.715	4.10357
266.722	4.35216
266.728	0.68623
266.735	1.43494
266.742	2.9844
266.749	9.43008
266.756	5.67635
266.763	22.2231
266.77	10.1756
266.776	6.40419
266.783	5.56146
266.79	1.86361
266.797	10.355
266.804	34.1291
266.811	15.3428
266.818	31.7146
266.825	15.0886
266.831	12.1638
266.838	20.4228
266.845	17.688
266.852	13.534
266.859	6.90358
266.866	6.66139
266.872	2.09414
266.879	3.61777
266.886	9.7017
266.893	17.3675
266.9	7.30525
266.907	14.7524
266.914	10.6493
266.92	1.70913
266.927	3.33518
266.934	-1.39736
266.941	2.98477
266.948	18.8828
266.955	12.696
266.961	3.30994
266.968	9.265
266.975	9.49985
266.982	27.9652
266.989	13.5386
266.996	5.16846
267.002	0.302509
267.009	2.40333
267.016	5.46159
267.023	10.1879
267.03	17.9052
267.036	3.74215
267.043	8.05224
267.05	18.0179
267.057	17.4339
267.064	15.163
267.071	12.9851
267.077	9.04799
267.084	10.4835
267.091	2.2592
267.098	8.15618
267.105	16.3337
267.111	10.7882
267.118	10.4921
267.125	9.5408
267.132	0.579541
267.139	3.94223
267.145	1.69336
267.152	-0.415843
267.159	1.37389
267.166	1.68732
267.173	7.67938
267.179	14.7653
267.186	-0.595612
267.193	-0.439144
267.2	-0.29797
267.207	2.98451
267.213	3.53601
267.22	-0.774733
267.227	-0.606836
267.234	5.05467
267.24	6.16782
267.247	3.41765
267.254	6.73672
267.261	6.78604
267.268	0.0359903
267.274	1.2828
267.281	-0.866793
267.288	7.16094
267.295	9.74427
267.301	0.0322429
267.308	5.28858
267.315	0.675792
267.322	6.81638
267.329	1.24102
267.335	0.00564321
267.342	-1.18162
267.349	-2.42692
267.356	3.47185
267.362	0.825897
267.369	15.8295
267.376	4.65631
267.383	6.99463
267.389	5.95522
267.396	-0.219666
267.403	-2.11023
267.41	-1.53425
267.416	-1.76915
267.423	0.319047
267.43	4.82242
267.437	3.92849
267.443	-2.02338
267.45	-0.464231
267.457	-1.08161
267.464	4.5041
267.47	15.0273
267.477	1.32624
267.484	2.89614
267.491	5.67566
267.497	-0.338568
267.504	1.68671
267.511	8.54546
267.518	9.44508
267.524	12.8535
267.531	9.66577
267.538	1.63154
267.544	0.792739
267.551	-1.4849
267.558	5.64269
267.565	17.0522
267.571	6.4731
267.578	15.667
267.585	16.0199
267.591	3.24661
267.598	-2.35945
267.605	3.17968
267.612	9.22178
267.618	-0.919596
267.625	0.0124706
267.632	-1.98218
267.638	3.94705
267.645	1.04886
267.652	-1.15249
267.659	1.08245
267.665	10.7601
267.672	4.20127
267.679	4.84902
267.685	3.34015
267.692	2.52309
267.699	11.0231
267.706	21.2541
267.712	5.12976
267.719	7.88554
267.726	0.356282
267.732	10.6631
267.739	11.8978
267.746	17.6772
267.752	5.96894
267.759	23.6606
267.766	38.7952
267.772	13.9989
267.779	6.04809
267.786	2.48525
267.792	0.0776669
267.799	0.564074
267.806	10.606
267.813	13.3174
267.819	16.3092
267.826	16.0241
267.833	11.9219
267.839	0.914767
267.846	-0.439469
267.853	7.99657
267.859	9.95275
267.866	8.60368
267.873	5.24297
267.879	5.26747
267.886	1.03013
267.893	7.19057
267.899	4.59802
267.906	14.8783
267.913	-0.655049
267.919	-2.56284
267.926	7.93944
267.933	2.14396
267.939	-4.1057
267.946	-0.949701
267.952	0.646914
267.959	-2.94747
267.966	7.76131
267.972	10.1224
267.979	5.41944
267.986	-1.99098
267.992	-1.63604
267.999	8.22801
268.006	10.8931
268.012	18.0222
268.019	5.58519
268.026	-4.9194
268.032	-2.87471
268.039	2.05379
268.046	-0.566674
268.052	15.298
268.059	14.7111
268.065	8.70411
268.072	8.72221
268.079	-2.07055
268.085	3.12612
268.092	-2.81182
268.099	1.06804
268.105	6.11229
268.112	13.9437
268.118	7.57165
268.125	0.942052
268.132	3.15962
268.138	-3.92641
268.145	-3.26482
268.152	-3.78133
268.158	-3.72466
268.165	-5.78677
268.171	-2.65927
268.178	8.42541
268.185	2.75982
268.191	-2.5463
268.198	-0.279454
268.204	-2.69598
268.211	-5.08089
268.218	-4.70399
268.224	-4.56834
268.231	3.02905
268.237	26.5873
268.244	7.97725
268.251	-0.534573
268.257	-4.02208
268.264	-4.06051
268.27	-0.555988
268.277	1.9184
268.284	8.1134
268.29	27.1004
268.297	1.93502
268.303	-3.39499
268.31	4.75596
268.316	-4.3513
268.323	-6.73807
268.33	-3.99963
268.336	9.71167
268.343	-1.57917
268.349	-0.134164
268.356	6.63008
268.363	0.0758399
268.369	-5.70438
268.376	-5.41802
268.382	-1.66922
268.389	-3.7945
268.395	-1.65513
268.402	-3.45563
268.409	-6.37323
268.415	0.0113819
268.422	-2.89728
268.428	5.00085
268.435	-0.935068
268.441	-0.269111
268.448	10.5795
268.454	-4.32501
268.461	-5.90798
268.468	0.736574
268.474	-5.49855
268.481	-5.72649
268.487	-6.62347
268.494	-1.48861
268.5	-4.10655
268.507	-2.5232
268.513	1.97568
268.52	0.556479
268.527	-4.53047
268.533	-1.01267
268.54	-1.60083
268.546	-5.25979
268.553	-7.36438
268.559	-2.63128
268.566	3.49193
268.572	1.1183
268.579	15.6399
268.585	-2.51294
268.592	-7.47115
268.598	-6.87552
268.605	-4.65665
268.612	-4.23984
268.618	-3.80724
268.625	-2.04966
268.631	12.8451
268.632	9.64575
268.639	14.7202
268.646	4.41528
268.654	22.8337
268.661	36.0331
268.668	7.52235
268.675	5.20898
268.682	6.2977
268.689	10.9414
268.696	26.3244
268.703	17.015
268.711	26.3256
268.718	15.4072
268.725	6.00101
268.732	4.27979
268.739	5.71304
268.746	7.45768
268.753	15.6739
268.76	11.9929
268.768	2.40008
268.775	1.58658
268.782	2.00723
268.789	8.59322
268.796	7.43914
268.803	7.57555
268.81	11.676
268.817	4.6121
268.824	5.67944
268.832	20.1127
268.839	5.74659
268.846	4.97744
268.853	19.3965
268.86	18.2395
268.867	5.45626
268.874	11.6299
268.881	7.03581
268.888	1.1574
268.895	1.17945
268.903	4.47888
268.91	7.32313
268.917	16.7853
268.924	31.1006
268.931	14.0623
268.938	4.30429
268.945	2.62861
268.952	3.55822
268.959	12.3849
268.966	7.58547
268.973	25.0772
268.98	8.77826
268.987	1.32287
268.995	4.22246
269.002	8.08801
269.009	3.58237
269.016	8.14098
269.023	16.0664
269.03	9.25991
269.037	3.03852
269.044	7.60545
269.051	17.7226
269.058	3.50199
269.065	4.68024
269.072	18.3641
269.079	17.25
269.086	14.5729
269.094	37.1239
269.101	17.6567
269.108	2.64715
269.115	3.75072
269.122	4.84291
269.129	11.6658
269.136	11.5602
269.143	7.00847
269.15	18.6944
269.157	16.3514
269.164	11.7912
269.171	18.8816
269.178	13.1682
269.185	10.7394
269.192	15.7656
269.199	9.48245
269.206	7.94887
269.213	39.307
269.22	42.3563
269.227	20.1975
269.234	39.6924
269.242	35.9083
269.249	4.79889
269.256	6.20472
269.263	10.1627
269.27	1.84855
269.277	1.77545
269.284	6.08048
269.291	7.27995
269.298	11.8478
269.305	21.9212
269.312	21.0907
269.319	33.2678
269.326	7.21573
269.333	12.0164
269.34	4.75362
269.347	2.34
269.354	12.8788
269.361	22.2568
269.368	20.8585
269.375	8.51418
269.382	3.24045
269.389	8.40574
269.396	9.00763
269.403	5.13288
269.41	2.0289
269.417	10.3268
269.424	12.2813
269.431	6.51314
269.438	1.24862
269.445	1.73122
269.452	6.74425
269.459	7.45603
269.466	11.1173
269.473	4.03715
269.48	1.55748
269.487	6.39832
269.494	9.73198
269.501	2.04731
269.508	5.00592
269.515	7.30806
269.522	0.955501
269.529	0.85405
269.536	3.2417
269.543	6.65116
269.55	5.6348
269.557	15.8428
269.564	7.68681
269.571	3.47303
269.578	2.7184
269.585	10.1769
269.592	1.84165
269.599	3.15838
269.606	10.6816
269.613	0.87609
269.62	0.372284
269.627	1.66424
269.634	6.23054
269.64	1.63605
269.647	0.0484098
269.654	3.15407
269.661	1.22707
269.668	0.753849
269.675	3.55464
269.682	14.6
269.689	25.6537
269.696	3.50714
269.703	1.56035
269.71	5.13344
269.717	1.30475
269.724	1.94699
269.731	6.50507
269.738	10.7914
269.745	1.7503
269.752	0.510402
269.759	3.86934
269.766	11.6086
269.773	5.75554
269.78	4.20365
269.786	9.74555
269.793	11.0963
269.8	21.3757
269.807	20.7557
269.814	5.13223
269.821	1.28995
269.828	5.97034
269.835	6.97722
269.842	11.6291
269.849	11.0115
269.856	28.6592
269.863	18.7313
269.87	1.11149
269.877	-0.107357
269.884	2.21489
269.89	8.09155
269.897	10.7682
269.904	17.8578
269.911	8.94868
269.918	12.8938
269.925	22.697
269.932	3.15074
269.939	1.71846
269.946	0.128515
269.953	4.11871
269.96	5.24835
269.967	2.1478
269.973	2.48402
269.98	-0.594221
269.987	6.69763
269.994	20.2775
270.001	12.9033
270.008	4.12272
270.015	0.447485
270.022	2.42791
270.029	11.179
270.036	2.22269
270.042	0.484473
270.049	1.31796
270.056	8.00493
270.063	0.423611
270.07	2.41277
270.077	12.6802
270.084	16.9677
270.091	7.10102
270.098	2.66452
270.104	8.191
270.111	8.95166
270.118	11.8234
270.125	7.95334
270.132	7.46033
270.139	16.1908
270.146	16.9815
270.153	9.85737
270.159	19.4413
270.166	12.5089
270.173	27.2659
270.18	19.7721
270.187	0.665445
270.194	5.18011
270.201	16.7263
270.208	8.0009
270.214	0.147389
270.221	3.36885
270.228	12.0518
270.235	4.16767
270.242	9.23535
270.249	-1.02747
270.256	-0.538101
270.262	4.78625
270.269	0.489234
270.276	0.705934
270.283	3.45207
270.29	-0.623931
270.297	-1.09969
270.304	0.245082
270.31	13.0239
270.317	22.347
270.324	2.64613
270.331	-0.652553
270.338	2.59037
270.345	8.30848
270.351	3.89241
270.358	14.6981
270.365	3.73869
270.372	4.04314
270.379	2.65069
270.386	5.50901
270.392	5.45858
270.399	1.43144
270.406	3.29136
270.413	11.5042
270.42	1.68512
270.427	-1.47571
270.433	5.29658
270.44	15.2737
270.447	0.62706
270.454	-0.470433
270.461	0.359578
270.467	-0.0335988
270.474	3.9048
270.481	4.36575
270.488	10.0537
270.495	15.4842
270.502	15.1982
270.508	18.0835
270.515	12.7692
270.522	2.31325
270.529	11.8316
270.536	5.53659
270.542	12.6882
270.549	5.99603
270.556	-0.152005
270.563	6.7869
270.57	8.16416
270.576	1.71038
270.583	12.6568
270.59	9.21606
270.597	2.58567
270.604	6.93458
270.61	4.75345
270.617	7.06135
270.624	0.865506
270.631	-1.91423
270.638	1.99729
270.644	5.54611
270.651	2.08501
270.658	-2.73389
270.665	-1.55324
270.671	0.117094
270.678	-2.04422
270.685	-0.869055
270.692	-1.76715
270.699	2.41612
270.705	-2.94343
270.712	-2.17892
270.719	1.51622
270.726	7.66101
270.732	11.6815
270.739	-0.639164
270.746	1.30572
270.753	2.34623
270.759	3.952
270.766	1.24713
270.773	-3.52785
270.78	-4.00363
270.787	-3.8166
270.793	3.46133
270.8	5.56072
270.807	1.87795
270.814	3.94809
270.82	3.46195
270.827	0.14237
270.834	-2.40137
270.841	4.89627
270.847	7.1164
270.854	4.86505
270.861	4.42114
270.868	11.1443
270.874	1.43366
270.881	7.72219
270.888	27.7044
270.895	-2.18028
270.901	0.780001
270.908	2.39645
270.915	9.59641
270.921	3.04503
270.928	13.1299
270.935	2.27653
270.942	12.2631
270.948	12.8764
270.955	2.09985
270.962	-1.20669
270.969	4.74226
270.975	6.60587
270.982	22.4253
270.989	14.1923
270.995	-1.54686
271.002	-1.87068
271.009	1.5465
271.016	1.24066
271.022	4.30741
271.029	18.79
271.036	30.3624
271.042	0.539226
271.049	-3.0068
271.056	4.66399
271.063	18.7505
271.069	5.83283
271.076	14.4605
271.083	7.13241
271.089	4.35492
271.096	-1.98741
271.103	-3.97279
271.11	-1.715
271.116	11.556
271.123	10.5969
271.13	3.8059
271.136	-4.04983
271.143	-0.364177
271.15	4.7246
271.156	16.9207
271.163	19.3357
271.17	8.0428
271.176	4.88412
271.183	3.71562
271.19	-4.51508
271.197	-3.12764
271.203	1.06888
271.21	7.74363
271.217	3.7913
271.223	-0.922763
271.23	-4.63392
271.237	-2.57235
271.243	-6.08346
271.25	-3.73858
271.257	14.3537
271.263	5.73343
271.27	2.7264
271.277	-4.13925
271.283	-1.87104
271.29	1.573
271.297	-4.75853
271.303	-3.39722
271.31	6.744
271.317	-0.94969
271.323	1.64218
271.33	-1.75642
271.337	7.57808
271.343	-3.15116
271.35	-3.8276
271.357	4.03118
271.363	-4.5757
271.37	-5.18576
271.377	1.27959
271.383	1.72838
271.39	-5.68773
271.396	-3.12876
271.403	-3.20908
271.41	-2.24868
271.416	7.06192
271.423	9.11908
271.43	7.45966
271.436	5.08996
271.443	-2.35397
271.45	1.48896
271.456	4.01763
271.463	11.3952
271.469	0.622165
271.476	-5.48096
271.483	-6.99123
271.489	-0.391406
271.496	10.8967
271.503	-0.409812
271.509	-3.40541
271.516	-1.41083
271.523	1.22451
271.529	-6.48475
271.536	-6.12951
271.542	-6.99309
271.549	-6.37592
271.556	-7.11701
271.562	-6.98044
271.569	-2.40963
271.575	12.3906
271.582	13.497
271.589	-2.10493
271.595	-1.44904
271.602	7.02889
271.608	-3.93564
271.615	-6.89091
271.622	-7.49121
271.628	-6.83779
271.635	-4.11802
271.641	-4.27282
271.648	3.27903
271.655	11.8432
271.661	4.47952
271.668	-4.33873
271.669	10.1793
271.676	7.77345
271.683	15.9223
271.691	12.5507
271.698	3.86669
271.705	7.4251
271.712	11.3161
271.719	11.3287
271.727	2.97704
271.734	1.7834
271.741	3.27584
271.748	3.60857
271.755	10.9539
271.763	11.3735
271.77	6.63774
271.777	17.2691
271.784	8.42522
271.791	2.43635
271.799	4.19448
271.806	5.89303
271.813	15.7622
271.82	19.7456
271.827	8.43982
271.835	9.07002
271.842	31.7127
271.849	33.6602
271.856	18.7116
271.863	8.36303
271.871	11.2388
271.878	5.32187
271.885	5.49188
271.892	3.73191
271.899	3.33702
271.907	7.53393
271.914	6.13919
271.921	27.7196
271.928	58.3794
271.935	11.7758
271.942	18.3948
271.95	3.80043
271.957	5.88721
271.964	1.92464
271.971	3.43209
271.978	5.46269
271.985	6.05939
271.993	6.01706
272	9.11629
272.007	7.29829
272.014	2.91467
272.021	7.29015
272.028	6.03842
272.036	4.10703
272.043	6.21263
272.05	11.6018
272.057	37.8711
272.064	15.6062
272.071	4.24891
272.079	2.36021
272.086	6.23498
272.093	12.3504
272.1	3.1835
272.107	5.3095
272.114	12.455
272.121	7.68657
272.129	17.8784
272.136	22.8381
272.143	7.99379
272.15	4.91634
272.157	10.2904
272.164	6.74907
272.171	9.72297
272.178	30.7712
272.186	12.2268
272.193	8.90419
272.2	5.12882
272.207	19.1173
272.214	12.1729
272.221	17.6826
272.228	16.292
272.236	9.9798
272.243	11.0864
272.25	19.4102
272.257	23.2889
272.264	4.34628
272.271	3.15374
272.278	9.31327
272.285	9.93196
272.292	12.2099
272.3	15.9558
272.307	2.97185
272.314	3.46416
272.321	4.00434
272.328	4.28656
272.335	2.59369
272.342	8.21901
272.349	18.219
272.357	22.8513
272.364	8.40835
272.371	3.25425
272.378	6.74336
272.385	9.82832
272.392	3.90355
272.399	4.25335
272.406	11.1133
272.413	43.6856
272.42	9.15611
272.427	2.14412
272.435	2.85767
272.442	1.74064
272.449	3.29265
272.456	12.1055
272.463	5.90344
272.47	1.60336
272.477	2.28324
272.484	2.67755
272.491	2.41858
272.498	2.21371
272.505	8.33608
272.512	15.7025
272.52	7.09697
272.527	9.16439
272.534	5.33774
272.541	8.09217
272.548	4.66858
272.555	9.2247
272.562	3.73109
272.569	2.2892
272.576	7.89249
272.583	4.41109
272.59	0.81818
272.597	4.70365
272.604	17.5607
272.611	4.20986
272.619	4.88363
272.626	11.5522
272.633	9.80347
272.64	13.9985
272.647	5.08245
272.654	2.16795
272.661	2.78169
272.668	3.20716
272.675	1.85228
272.682	1.2239
272.689	4.02141
272.696	1.8546
272.703	1.35967
272.71	0.314388
272.717	1.36453
272.724	1.83402
272.731	8.00805
272.738	18.4716
272.745	5.60455
272.752	2.26535
272.759	13.9198
272.766	15.0854
272.774	1.89559
272.781	10.1807
272.788	12.8417
272.795	1.91842
272.802	1.61341
272.809	4.07786
272.816	2.02659
272.823	3.91597
272.83	13.1907
272.837	1.55331
272.844	0.437584
272.851	0.914503
272.858	0.381697
272.865	1.19566
272.872	8.98259
272.879	10.499
272.886	2.66585
272.893	0.808662
272.9	1.33501
272.907	0.705047
272.914	2.13251
272.921	10.5792
272.928	9.61419
272.935	12.3285
272.942	21.4354
272.949	4.21527
272.956	2.81036
272.963	6.34437
272.97	6.28415
272.977	1.07484
272.984	2.81482
272.991	2.91889
272.998	0.159196
273.005	0.22555
273.012	2.80801
273.019	10.1177
273.026	5.83548
273.033	2.08184
273.04	1.10386
273.047	-0.871343
273.054	-0.371143
273.061	0.334285
273.068	6.53677
273.075	7.6899
273.082	12.1196
273.089	9.1393
273.096	1.81253
273.103	5.61906
273.11	0.6117
273.117	2.61985
273.124	6.6773
273.131	1.54139
273.138	1.07603
273.144	6.91164
273.151	1.07367
273.158	0.53874
273.165	1.40138
273.172	-0.854817
273.179	0.101298
273.186	3.10373
273.193	9.63404
273.2	2.7068
273.207	4.66992
273.214	15.8511
273.221	14.0627
273.228	7.42965
273.235	-0.429851
273.242	0.870227
273.249	-0.486163
273.256	1.10668
273.263	12.7707
273.27	9.7335
273.277	2.04478
273.284	4.63105
273.291	6.57073
273.297	0.393436
273.304	1.66792
273.311	-0.538292
273.318	-1.32945
273.325	0.883992
273.332	3.77559
273.339	11.1098
273.346	10.305
273.353	13.8018
273.36	6.32802
273.367	2.59872
273.374	-1.58431
273.381	-1.61967
273.388	-0.805372
273.394	2.57229
273.401	1.26093
273.408	-1.23663
273.415	0.221537
273.422	4.94576
273.429	6.64319
273.436	6.57389
273.443	3.05359
273.45	-0.776426
273.457	1.42588
273.464	0.97916
273.471	5.24525
273.477	11.1987
273.484	-1.33346
273.491	0.264453
273.498	0.147536
273.505	-0.435427
273.512	-0.892133
273.519	1.63912
273.526	5.1996
273.533	3.78803
273.54	2.2919
273.546	-0.754729
273.553	-1.59631
273.56	1.30187
273.567	4.06612
273.574	-0.527311
273.581	-1.90505
273.588	-1.33126
273.595	0.99206
273.602	6.56874
273.608	2.14714
273.615	4.94739
273.622	2.90365
273.629	0.73235
273.636	-1.53858
273.643	-1.66728
273.65	-1.70585
273.657	2.63448
273.663	1.07111
273.67	-2.08992
273.677	-1.96707
273.684	-2.2957
273.691	-0.199482
273.698	5.17526
273.705	6.50395
273.712	12.8713
273.718	3.24158
273.725	-2.15993
273.732	0.633576
273.739	2.11659
273.746	10.0125
273.753	4.22263
273.76	-1.1702
273.766	-1.40122
273.773	2.78403
273.78	8.49401
273.787	-1.10452
273.794	3.30236
273.801	13.3749
273.808	7.61684
273.814	-1.00107
273.821	-3.80078
273.828	-3.69755
273.835	-2.75178
273.842	-3.76625
273.849	-3.20905
273.855	-2.6996
273.862	1.35737
273.869	2.42818
273.876	-1.54113
273.883	0.378487
273.89	0.364315
273.896	-3.25542
273.903	-0.31039
273.91	8.21066
273.917	1.64923
273.924	-0.0102387
273.931	5.11218
273.937	3.17781
273.944	-2.51213
273.951	-0.881743
273.958	4.09495
273.965	9.40976
273.971	5.98981
273.978	8.66799
273.985	1.50353
273.992	8.90927
273.999	16.5089
274.006	0.00643778
274.012	4.00658
274.019	5.1913
274.026	0.964544
274.033	9.58285
274.04	-0.709024
274.046	0.0116919
274.053	-3.23937
274.06	-1.5501
274.067	5.07283
274.074	0.535504
274.08	-3.35631
274.087	-3.55995
274.094	-2.93977
274.101	-3.19012
274.108	0.910972
274.114	1.99164
274.121	0.535016
274.128	-1.22492
274.135	-2.74298
274.141	1.98624
274.148	1.20495
274.155	-3.91314
274.162	-5.29947
274.169	-3.65079
274.175	-2.47752
274.182	-4.16904
274.189	-1.53112
274.196	13.4933
274.202	19.7902
274.209	6.68529
274.216	5.89394
274.223	-2.32075
274.23	-4.41315
274.236	-2.56722
274.243	-4.11561
274.25	-4.35493
274.257	-2.33702
274.263	0.218434
274.27	-4.06309
274.277	-4.61669
274.284	-5.16929
274.29	-4.97238
274.297	-2.87567
274.304	-2.7843
274.311	-3.26569
274.317	-0.705286
274.324	12.0185
274.331	5.83519
274.338	-2.90526
274.344	3.08027
274.351	8.89728
274.358	4.61469
274.365	16.9832
274.371	4.50559
274.378	-3.86142
274.385	0.0836953
274.392	7.59808
274.398	-3.74542
274.405	-4.59895
274.412	-5.15707
274.419	-6.10992
274.425	-4.69247
274.432	-1.56319
274.439	1.08851
274.445	3.93668
274.452	-0.676542
274.459	0.0362133
274.466	-2.53532
274.472	-3.31504
274.479	-4.89866
274.486	-3.24426
274.493	-1.62681
274.499	-0.0350752
274.506	-4.40521
274.513	-0.634034
274.519	-0.86421
274.526	-5.12519
274.533	-3.79686
274.54	-0.689443
274.546	-4.05436
274.553	-3.03049
274.56	-3.26259
274.566	-3.26559
274.573	-6.1773
274.58	-3.71131
274.586	3.37551
274.593	-0.0915408
274.6	-4.83194
274.607	-0.979846
274.613	12.506
274.62	-0.565673
274.627	-2.34528
274.633	14.4516
274.64	-0.138416
274.647	2.067
274.653	5.99646
274.66	-4.99844
274.667	-2.94164
274.674	-4.83447
274.68	-4.74515
274.687	-5.98084
274.694	-5.97823
274.7	-6.34957
274.707	-4.94361
274.714	1.93147
274.72	-5.44547
274.727	-2.30052
274.734	1.71205
274.74	-3.13113
274.747	2.54135
274.754	-1.79879
274.76	0.256395
274.767	5.29287
274.774	-0.12374
274.775	7.46952
274.783	19.0962
274.79	6.76871
274.797	5.34079
274.805	5.75648
274.812	9.63393
274.819	6.77644
274.826	20.4783
274.834	22.1337
274.841	5.19643
274.848	7.22792
274.856	6.09414
274.863	7.19346
274.87	3.13031
274.878	6.12331
274.885	15.4501
274.892	8.58945
274.899	5.69105
274.907	5.70167
274.914	4.49242
274.921	10.7579
274.929	23.2424
274.936	16.882
274.943	6.1845
274.95	6.61757
274.958	4.90102
274.965	17.6888
274.972	11.5985
274.979	6.03017
274.987	3.75636
274.994	5.31976
275.001	2.1777
275.009	2.00768
275.016	2.88818
275.023	7.43362
275.03	25.7099
275.038	16.9583
275.045	16.5183
275.052	4.07658
275.059	3.90227
275.067	4.04246
275.074	7.20506
275.081	4.35269
275.088	3.76045
275.096	6.6287
275.103	5.41235
275.11	4.26736
275.117	5.51355
275.125	4.16653
275.132	3.93067
275.139	2.74478
275.146	7.60855
275.154	2.90329
275.161	7.78399
275.168	3.5534
275.175	1.2982
275.183	1.98952
275.19	6.93218
275.197	29.2704
275.204	10.5037
275.212	17.2655
275.219	26.6759
275.226	17.0064
275.233	2.43084
275.24	2.51989
275.248	2.09848
275.255	3.52943
275.262	8.29033
275.269	5.18568
275.277	12.4605
275.284	21.9708
275.291	19.4743
275.298	28.1268
275.305	24.639
275.313	9.62842
275.32	18.9375
275.327	15.7003
275.334	2.61951
275.342	2.37739
275.349	6.53024
275.356	21.7122
275.363	16.9995
275.37	14.4681
275.378	22.0764
275.385	13.6579
275.392	5.2205
275.399	7.87758
275.406	2.26783
275.414	1.05629
275.421	1.41992
275.428	1.97738
275.435	6.7492
275.442	5.48439
275.45	5.59229
275.457	3.97413
275.464	19.8402
275.471	34.6705
275.478	11.0169
275.486	24.045
275.493	11.7283
275.5	2.51926
275.507	3.18499
275.514	6.75559
275.521	9.35748
275.529	2.1129
275.536	1.90002
275.543	8.49132
275.55	15.5491
275.557	9.51254
275.564	18.5813
275.572	23.8979
275.579	4.0155
275.586	1.97826
275.593	1.02617
275.6	0.956729
275.607	1.25841
275.615	6.29637
275.622	9.65181
275.629	8.73134
275.636	10.7941
275.643	3.22648
275.65	1.95907
275.658	2.52621
275.665	6.74262
275.672	11.1011
275.679	5.75351
275.686	5.91666
275.693	11.9675
275.701	3.74749
275.708	9.92514
275.715	3.17408
275.722	6.48599
275.729	4.43973
275.736	6.66067
275.743	7.42831
275.751	6.87715
275.758	1.57966
275.765	1.15264
275.772	0.788394
275.779	1.33435
275.786	0.70829
275.793	5.18758
275.8	18.4398
275.808	18.6802
275.815	7.96327
275.822	2.37797
275.829	2.46261
275.836	3.08003
275.843	3.67703
275.85	6.48071
275.858	8.27063
275.865	5.91236
275.872	2.21371
275.879	4.01662
275.886	2.15772
275.893	10.0124
275.9	6.81125
275.907	11.6704
275.914	5.20838
275.922	7.99372
275.929	4.97703
275.936	10.8327
275.943	15.7293
275.95	17.2827
275.957	11.8654
275.964	2.16899
275.971	0.782631
275.978	4.8264
275.986	6.67906
275.993	4.76139
276	12.0735
276.007	24.1034
276.014	7.5637
276.021	6.33975
276.028	2.07436
276.035	1.8994
276.042	4.46465
276.049	5.33815
276.056	4.05465
276.064	15.5168
276.071	12.9878
276.078	14.6679
276.085	13.5073
276.092	12.7141
276.099	15.4389
276.106	1.20874
276.113	0.00119392
276.12	-0.405374
276.127	2.08367
276.134	7.30958
276.141	2.04363
276.148	0.843742
276.156	1.29817
276.163	5.286
276.17	11.8703
276.177	12.7403
276.184	5.57335
276.191	0.614915
276.198	4.3945
276.205	4.55771
276.212	6.72263
276.219	1.38734
276.226	0.0678054
276.233	-0.368504
276.24	3.90488
276.247	11.7738
276.254	4.94355
276.261	0.519546
276.268	4.86418
276.276	16.3054
276.283	2.14531
276.29	12.8733
276.297	23.8287
276.304	3.37044
276.311	-0.468582
276.318	0.750641
276.325	-0.251683
276.332	0.257202
276.339	5.64757
276.346	2.61441
276.353	-0.902049
276.36	-0.574329
276.367	1.04238
276.374	1.97981
276.381	16.0873
276.388	13.3843
276.395	2.20924
276.402	0.25185
276.409	-1.22728
276.416	-0.0504218
276.423	5.10539
276.43	7.29238
276.437	-0.598826
276.444	2.82606
276.451	4.35797
276.458	9.20352
276.465	4.15614
276.472	-0.281912
276.479	4.90392
276.486	10.2289
276.493	17.5207
276.5	2.88173
276.507	-0.668382
276.514	6.36674
276.521	7.27388
276.528	0.945893
276.535	0.424249
276.542	-0.787361
276.549	0.370141
276.556	1.01679
276.563	-0.776757
276.57	1.38334
276.577	2.72134
276.584	7.43908
276.591	10.0962
276.598	6.37362
276.605	2.99509
276.612	2.80568
276.619	3.55178
276.626	19.4475
276.633	5.34294
276.64	5.34042
276.647	2.17865
276.654	8.27669
276.661	-0.637541
276.668	-1.71437
276.675	-0.894883
276.682	1.58177
276.689	0.469329
276.696	-0.165562
276.703	1.39057
276.71	2.11467
276.717	6.28144
276.724	14.2529
276.731	1.4441
276.738	5.4224
276.745	-0.0977231
276.752	0.167223
276.759	-0.150067
276.766	2.26323
276.773	6.45394
276.78	2.24502
276.787	1.43293
276.794	-3.00717
276.801	-2.06992
276.808	-1.9041
276.814	-2.41915
276.821	-2.39165
276.828	-2.3403
276.835	-0.565635
276.842	6.81255
276.849	6.4118
276.856	-2.42325
276.863	0.541622
276.87	2.46558
276.877	8.80489
276.884	-1.86477
276.891	-2.03772
276.898	3.69584
276.905	-1.63325
276.912	3.33261
276.919	8.31469
276.926	3.70852
276.932	5.62297
276.939	9.0676
276.946	2.96862
276.953	-0.483424
276.96	6.34923
276.967	4.55457
276.974	-1.45056
276.981	3.97605
276.988	5.35858
276.995	0.233536
277.002	14.8461
277.009	5.71855
277.016	2.54393
277.022	-0.464558
277.029	-3.03809
277.036	-2.40675
277.043	-2.19729
277.05	-2.84291
277.057	-1.37247
277.064	4.5428
277.071	1.51319
277.078	1.65323
277.085	-0.392279
277.091	0.0778171
277.098	0.942666
277.105	-1.95481
277.112	4.12336
277.119	17.7576
277.126	10.9158
277.133	3.05295
277.14	-0.185434
277.147	-2.97389
277.154	-3.54163
277.16	-3.46615
277.167	3.55347
277.174	20.0824
277.181	1.82772
277.188	-3.69899
277.195	-3.36415
277.202	-2.04235
277.209	-3.55828
277.215	-3.09859
277.222	-0.392335
277.229	-4.14273
277.236	-3.5579
277.243	-3.88331
277.25	-3.50002
277.257	-3.14258
277.264	-0.195085
277.27	2.0575
277.277	-3.13611
277.284	-3.67329
277.291	-3.09277
277.298	-3.46056
277.305	-3.7861
277.312	-3.60163
277.318	-3.36147
277.325	-1.63958
277.332	1.06339
277.339	-1.33758
277.346	-0.415026
277.353	12.0189
277.36	2.01187
277.366	5.2889
277.373	-0.922647
277.38	-2.11795
277.387	1.93658
277.394	-1.60655
277.401	-3.64718
277.408	0.346071
277.414	9.07979
277.421	1.52001
277.428	-4.59974
277.435	-1.62427
277.442	-2.69836
277.449	-1.04695
277.455	-2.51762
277.462	-2.48232
277.469	-0.936702
277.476	2.50737
277.483	8.51573
277.49	3.78953
277.496	-3.5085
277.503	-0.00715636
277.51	-0.552364
277.517	1.50187
277.524	6.54937
277.53	6.40012
277.537	16.9757
277.544	7.70552
277.551	-3.87569
277.558	-4.23226
277.565	-4.39407
277.571	-2.44783
277.578	-1.51839
277.585	-3.52128
277.592	-3.80022
277.599	-5.61468
277.605	-5.0462
277.612	-4.57573
277.619	-1.89345
277.626	8.28468
277.633	8.0634
277.639	19.5659
277.646	-0.349507
277.653	-3.19257
277.66	6.48657
277.667	2.00867
277.673	-4.47312
277.68	-4.59657
277.687	-2.96787
277.694	-6.43439
277.701	-5.38576
277.707	-4.43871
277.714	-1.98198
277.721	-3.58389
277.728	-1.30484
277.734	-4.38841
277.741	-3.24462
277.748	-0.239337
277.755	0.0944315
277.762	-1.81123
277.768	5.87702
277.775	1.60453
277.782	0.607973
277.789	7.21503
277.795	-4.37983
277.802	-2.21773
277.809	8.56893
277.816	2.27929
277.822	-0.481089
277.829	-1.05825
277.836	-2.59892
277.843	-4.51668
277.849	-4.9688
277.856	-6.85143
277.863	-6.635
277.87	-5.51909
277.877	1.67944
277.883	9.32023
277.89	-1.46013
277.897	-1.73816
277.904	2.46522
277.91	-5.27362
277.917	-3.34376
277.924	-4.06523
277.93	-5.58485
277.937	-3.54124
277.944	-6.50776
277.951	-5.65712
277.954	2.79728
277.961	3.58141
277.969	3.49693
277.976	2.23611
277.984	2.65157
277.991	1.0492
277.998	5.84355
278.006	4.24935
278.013	10.8926
278.021	6.32297
278.028	5.39963
278.035	17.9325
278.043	23.7252
278.05	11.7022
278.057	8.33768
278.065	14.6201
278.072	10.4913
278.08	22.5252
278.087	14.6803
278.094	13.8703
278.102	3.86849
278.109	2.2152
278.116	1.60265
278.124	2.95861
278.131	6.42979
278.139	0.925204
278.146	2.33536
278.153	1.24201
278.161	3.35591
278.168	10.1768
278.175	10.3426
278.183	16.4734
278.19	21.3458
278.197	10.9585
278.205	10.5633
278.212	17.9516
278.219	7.53111
278.227	11.1093
278.234	8.28289
278.241	6.53519
278.249	3.85975
278.256	2.47138
278.264	4.51813
278.271	13.4022
278.278	39.9069
278.285	8.45722
278.293	2.81168
278.3	1.86139
278.308	2.8273
278.315	4.30306
278.322	4.94958
278.33	10.248
278.337	14.204
278.344	13.0499
278.352	9.60719
278.359	4.832
278.366	5.15567
278.373	2.9334
278.381	4.67337
278.388	9.51036
278.395	7.74023
278.403	21.0714
278.41	12.0756
278.417	20.6247
278.425	28.2047
278.432	19.7634
278.439	3.15962
278.447	1.78259
278.454	3.28102
278.461	4.07839
278.469	9.92336
278.476	5.70482
278.483	10.0674
278.49	9.64585
278.498	4.57428
278.505	6.78692
278.512	22.7256
278.52	6.36808
278.527	6.25531
278.534	11.955
278.542	13.7835
278.549	16.1406
278.556	21.6438
278.563	12.5053
278.571	3.25912
278.578	2.12671
278.585	1.44632
278.593	6.81204
278.6	13.2762
278.607	9.03824
278.614	19.9496
278.622	18.436
278.629	19.4089
278.636	12.2622
278.644	8.34379
278.651	5.55141
278.658	12.0003
278.665	15.8767
278.673	17.1924
278.68	12.8454
278.687	37.965
278.695	18.5232
278.702	4.67535
278.709	5.8002
278.716	17.523
278.724	41.9868
278.731	10.1919
278.738	2.58504
278.745	1.69131
278.753	2.07425
278.76	4.58135
278.767	17.9308
278.774	24.4131
278.782	13.0594
278.789	2.16107
278.796	3.42827
278.803	3.16978
278.811	2.65118
278.818	3.70876
278.825	5.12522
278.832	3.85976
278.84	14.7447
278.847	9.56215
278.854	3.05384
278.861	0.839968
278.869	1.36925
278.876	1.49512
278.883	2.32462
278.89	8.61722
278.898	13.6966
278.905	10.8308
278.912	23.1875
278.919	12.0528
278.926	9.10805
278.934	4.42308
278.941	3.06743
278.948	3.52584
278.955	3.73668
278.963	2.6284
278.97	7.92768
278.977	5.45041
278.984	5.32776
278.991	3.40114
278.999	2.35334
279.006	10.3947
279.013	7.83978
279.02	5.93088
279.028	15.7022
279.035	3.93984
279.042	7.08266
279.049	4.85761
279.056	7.63495
279.064	7.11379
279.071	10.0671
279.078	7.66281
279.085	3.3483
279.092	5.75105
279.1	12.349
279.107	13.918
279.114	8.98233
279.121	3.88631
279.128	0.708839
279.136	1.12185
279.143	3.90227
279.15	1.40104
279.157	1.18004
279.164	1.58876
279.172	5.7908
279.179	16.5675
279.186	3.39408
279.193	0.795761
279.2	1.33749
279.207	3.54802
279.215	7.55809
279.222	11.4906
279.229	2.21859
279.236	-0.1603
279.243	0.799797
279.25	0.911355
279.258	1.84481
279.265	5.3537
279.272	1.94579
279.279	0.411416
279.286	0.385484
279.293	5.30466
279.301	19.4947
279.308	7.50139
279.315	10.4527
279.322	20.589
279.329	2.67423
279.336	3.1562
279.344	4.51374
279.351	0.644494
279.358	-0.51011
279.365	0.576134
279.372	2.16464
279.379	7.58987
279.387	6.33557
279.394	5.57469
279.401	17.0136
279.408	4.12466
279.415	6.51045
279.422	12.8333
279.429	16.875
279.437	9.62737
279.444	8.22783
279.451	3.50003
279.458	-1.08703
279.465	3.06246
279.472	2.24584
279.479	-0.0147234
279.486	0.85372
279.494	4.16664
279.501	10.3392
279.508	3.92456
279.515	3.51187
279.522	11.3905
279.529	10.9124
279.536	1.56935
279.543	4.71975
279.551	10.6671
279.558	19.1773
279.565	14.591
279.572	3.58109
279.579	3.17935
279.586	3.86527
279.593	9.19022
279.6	6.41267
279.607	5.81795
279.615	5.35393
279.622	5.39285
279.629	2.92446
279.636	3.76236
279.643	2.09522
279.65	8.21455
279.657	13.2871
279.664	2.52444
279.671	1.12614
279.679	6.61072
279.686	11.6311
279.693	7.46684
279.7	7.85801
279.707	5.00504
279.714	4.38543
279.721	3.53679
279.728	1.0377
279.735	-0.777779
279.742	1.65795
279.749	7.78113
279.757	17.134
279.764	16.1122
279.771	5.80863
279.778	-1.35609
279.785	-0.621855
279.792	2.68395
279.799	4.75212
279.806	3.69426
279.813	15.5753
279.82	13.2814
279.827	6.49457
279.834	1.09447
279.841	5.92516
279.848	4.19547
279.856	7.84454
279.863	0.700037
279.87	6.54264
279.877	6.45006
279.884	1.83502
279.891	-1.28841
279.898	-2.17217
279.905	-1.21229
279.912	4.81335
279.919	17.3866
279.926	15.1717
279.933	13.0567
279.94	3.76572
279.947	3.44978
279.954	3.68517
279.961	6.18853
279.968	10.6061
279.975	0.411011
279.982	4.97173
279.99	3.06409
279.997	5.97982
280.004	10.725
280.011	0.82167
280.018	8.2983
280.025	5.8342
280.032	1.64531
280.039	-1.10006
280.046	-2.19675
280.053	5.22203
280.06	-0.280425
280.067	-0.228572
280.074	0.321126
280.081	-2.06291
280.088	-1.63096
280.095	4.54221
280.102	10.1291
280.109	9.46331
280.116	12.2511
280.123	25.5353
280.13	12.3192
280.137	7.63912
280.144	3.27135
280.151	1.23142
280.158	4.80012
280.165	3.15294
280.172	3.68863
280.179	4.49718
280.186	-1.20919
280.193	-1.03726
280.2	7.84423
280.207	4.83516
280.214	6.27182
280.221	3.55193
280.228	5.62683
280.235	8.74462
280.242	3.08908
280.249	1.28706
280.256	-0.769641
280.263	13.3822
280.27	15.1629
280.277	8.76796
280.284	-0.0650159
280.291	1.12616
280.298	3.91158
280.305	-2.50354
280.312	-3.26718
280.319	-1.45109
280.326	-1.71172
280.333	2.47689
280.34	7.36559
280.347	3.45192
280.354	7.323
280.361	0.770347
280.368	9.94898
280.375	10.1367
280.382	9.64319
280.389	2.29195
280.396	2.81826
280.403	10.7944
280.41	-0.767402
280.417	-1.1261
280.423	3.36876
280.43	7.70886
280.437	3.43142
280.444	15.3533
280.451	5.93249
280.458	-1.65161
280.465	4.40929
280.472	15.3037
280.479	4.03307
280.486	5.9648
280.493	1.25143
280.5	-2.01934
280.507	-2.4762
280.514	-0.532471
280.521	6.80756
280.528	7.7061
280.535	9.12257
280.542	3.32224
280.549	14.0681
280.555	0.00637018
280.562	-3.00498
280.569	-4.14599
280.576	-3.06595
280.583	-3.74951
280.59	-2.59633
280.597	1.66846
280.604	6.33037
280.611	19.2692
280.618	21.0749
280.625	17.528
280.632	18.4366
280.639	6.27771
280.646	15.2824
280.652	8.77339
280.659	0.760092
280.666	7.6257
280.673	21.9513
280.68	3.2474
280.687	0.572876
280.694	19.6292
280.701	26.5883
280.708	6.26705
280.715	6.18137
280.722	8.4407
280.728	15.9448
280.735	5.47454
280.742	16.8819
280.749	32.4791
280.756	9.21421
280.763	9.01764
280.77	2.11787
280.777	-2.37485
280.784	3.19873
280.791	29.5218
280.797	43.7077
280.804	5.6825
280.811	-3.19688
280.818	2.4398
280.825	22.7188
280.832	21.0707
280.839	4.40333
280.846	-1.15738
280.852	1.09038
280.859	-5.08305
280.866	-5.43863
280.873	-1.18716
280.88	0.986787
280.887	6.61892
280.894	9.58028
280.901	11.5024
280.907	3.29073
280.914	27.7587
280.921	23.0169
280.928	24.5312
280.935	10.3447
280.942	-1.44228
280.949	2.38031
280.956	4.91376
280.962	3.50573
280.969	11.8023
280.976	-4.61092
280.983	-5.35291
280.99	-4.15753
280.997	1.4648
281.003	5.79754
281.01	2.47669
281.017	-4.03837
281.024	-2.91627
281.031	-3.56907
281.038	-4.58909
281.045	-1.77651
281.051	-5.03654
281.058	-4.90539
281.065	-2.50132
281.072	-0.252825
281.079	10.2379
281.086	2.04551
281.092	6.11531
281.099	-2.08605
281.106	2.19682
281.113	16.7521
281.12	17.254
281.127	12.6695
281.133	16.9424
281.14	26.2244
281.147	7.12426
281.154	3.13387
281.161	18.5378
281.168	6.17608
281.174	20.5016
281.181	31.1684
281.188	67.1882
281.195	18.1187
281.202	4.05913
281.207	22.2635
281.215	24.7758
281.222	13.3131
281.23	29.195
281.237	56.9989
281.245	16.4778
281.252	21.2578
281.26	27.978
281.267	15.7599
281.275	26.8081
281.282	21.8465
281.29	35.418
281.297	28.4021
281.305	34.5126
281.312	25.1591
281.32	5.53753
281.327	13.6751
281.335	26.4338
281.342	42.3179
281.349	40.324
281.357	62.6864
281.364	45.4136
281.372	42.7423
281.379	27.3935
281.387	28.5099
281.394	36.1678
281.402	53.9034
281.409	21.72
281.416	14.5538
281.424	7.64653
281.431	6.12976
281.439	11.9806
281.446	15.5132
281.454	14.1957
281.461	5.95428
281.469	3.29927
281.476	9.0728
281.483	16.5683
281.491	35.7075
281.498	31.9708
281.506	31.6152
281.513	16.4684
281.521	17.0235
281.528	20.4726
281.535	32.9223
281.543	40.3723
281.55	11.6004
281.558	12.8332
281.565	18.4495
281.573	18.7032
281.58	22.5878
281.587	35.8862
281.595	8.68558
281.602	10.0585
281.61	10.8715
281.617	17.4537
281.625	24.7095
281.632	25.7801
281.639	23.5342
281.647	40.4628
281.654	22.5883
281.662	11.3857
281.669	25.132
281.676	27.1398
281.684	17.1204
281.691	24.8818
281.699	40.0092
281.706	15.1138
281.713	16.5845
281.721	42.0837
281.728	34.1829
281.736	20.2593
281.743	18.0742
281.75	10.3503
281.758	5.04288
281.765	7.29801
281.773	4.16839
281.78	4.39062
281.787	5.30638
281.795	7.93359
281.802	16.9308
281.81	5.9894
281.817	9.25977
281.824	16.8713
281.832	24.3724
281.839	28.3386
281.846	15.5926
281.854	20.3402
281.861	11.4688
281.869	15.3933
281.876	21.0621
281.883	38.7527
281.891	36.6077
281.898	32.209
281.905	36.9284
281.913	48.7851
281.92	24.7227
281.927	21.2958
281.935	41.4631
281.942	26.8673
281.95	31.7901
281.957	32.5861
281.964	19.514
281.972	33.1543
281.979	20.7797
281.986	23.8563
281.994	8.75587
282.001	6.36021
282.008	13.8884
282.016	6.82873
282.023	9.54756
282.03	25.3294
282.038	39.5781
282.045	42.678
282.052	50.1427
282.06	22.6413
282.067	9.2326
282.074	23.6276
282.082	15.4321
282.089	22.1521
282.096	8.85006
282.104	13.8019
282.111	8.74047
282.118	12.4298
282.126	4.71956
282.133	2.04117
282.14	3.11717
282.148	11.269
282.155	7.94172
282.162	11.4686
282.17	5.30006
282.177	6.34975
282.184	5.66759
282.192	3.86062
282.199	6.16259
282.206	8.84684
282.214	7.54461
282.221	20.4753
282.228	37.3567
282.236	41.0838
282.243	38.2852
282.25	31.5186
282.257	23.1292
282.265	6.78926
282.272	2.7355
282.279	6.40875
282.287	6.2796
282.294	1.11515
282.301	1.10866
282.309	3.41807
282.316	4.41049
282.323	5.43356
282.33	10.0817
282.338	16.6724
282.345	18.3533
282.352	13.4536
282.36	13.2833
282.367	17.3609
282.374	4.11042
282.381	3.01326
282.389	6.52725
282.396	11.5407
282.403	2.06104
282.411	3.65931
282.418	4.81347
282.425	15.0703
282.432	38.6204
282.44	17.2873
282.447	3.54612
282.454	7.10534
282.462	2.97075
282.469	7.57696
282.476	17.9993
282.483	11.0136
282.491	7.69788
282.498	5.43491
282.505	3.41286
282.512	0.204856
282.52	0.66914
282.527	7.57282
282.534	20.6619
282.541	23.1472
282.549	18.4465
282.556	16.903
282.563	2.27518
282.57	4.76043
282.578	19.0203
282.585	24.7006
282.592	7.22757
282.599	5.03809
282.607	0.554707
282.614	1.63759
282.621	6.6434
282.628	11.7288
282.636	13.2163
282.643	11.5653
282.65	28.5259
282.657	16.0632
282.665	1.62921
282.672	5.59436
282.679	6.35191
282.686	15.4799
282.693	11.4262
282.701	6.7254
282.708	4.43934
282.715	4.37715
282.722	1.28813
282.73	5.93123
282.737	18.1407
282.744	5.57965
282.751	0.907757
282.758	4.13944
282.766	1.42229
282.773	3.25426
282.78	3.23397
282.787	4.92697
282.795	2.77054
282.802	10.8985
282.809	2.72516
282.816	3.53302
282.823	12.6618
282.831	4.42641
282.838	1.42074
282.845	0.186733
282.852	3.76514
282.859	7.77206
282.867	20.382
282.874	28.6915
282.881	15.3054
282.888	22.393
282.895	2.97113
282.903	5.89173
282.91	9.68805
282.917	3.11831
282.924	11.3569
282.931	10.7575
282.939	2.1764
282.946	2.86311
282.953	9.04428
282.96	16.4991
282.967	17.9647
282.974	4.71645
282.982	13.4789
282.989	19.0311
282.996	5.17111
283.003	-0.178583
283.01	5.78442
283.017	22.2509
283.025	14.148
283.032	3.43675
283.039	1.48948
283.046	1.94999
283.053	6.75831
283.06	-0.184224
283.068	-0.937009
283.075	0.202695
283.082	2.51657
283.089	3.74579
283.096	1.97009
283.103	0.948352
283.111	1.46529
283.118	0.840597
283.125	12.2301
283.132	15.6159
283.139	5.25982
283.146	2.07941
283.153	16.5808
283.161	8.93865
283.168	15.0723
283.175	7.10825
283.182	5.10829
283.189	3.43096
283.196	19.2387
283.203	19.0059
283.211	16.3416
283.218	12.2387
283.225	18.2973
283.232	14.5804
283.239	11.3111
283.246	2.04281
283.253	2.74814
283.261	3.33742
283.268	-0.619055
283.275	-1.65641
283.282	0.714253
283.289	-1.39357
283.296	-1.99416
283.303	0.0450394
283.31	2.62824
283.317	1.43355
283.325	11.0171
283.332	14.9604
283.339	2.66539
283.346	-1.3288
283.353	0.346531
283.36	9.6203
283.367	22.1856
283.374	8.9612
283.381	11.9882
283.389	5.97931
283.396	4.07808
283.403	16.5773
283.41	13.3016
283.417	10.1532
283.424	0.491223
283.431	-0.251861
283.438	-0.550991
283.445	1.55502
283.452	10.8053
283.46	2.78651
283.467	2.92822
283.474	3.26713
283.481	7.33936
283.488	1.8806
283.495	2.52463
283.502	-0.510387
283.509	3.44915
283.516	7.56347
283.523	10.1071
283.53	13.6937
283.537	11.3374
283.545	8.55962
283.552	4.22711
283.559	13.8229
283.566	8.88992
283.573	2.32117
283.58	-0.111205
283.587	4.7797
283.594	5.36352
283.601	13.9123
283.608	24.0843
283.615	19.3459
283.622	32.7966
283.629	6.77364
283.636	-0.525059
283.643	2.76803
283.65	8.83652
283.658	18.3106
283.665	20.312
283.672	12.4317
283.679	-1.01643
283.686	0.0216598
283.693	15.6843
283.7	15.9063
283.707	4.64098
283.714	11.9563
283.721	13.5289
283.728	0.149052
283.735	2.1048
283.742	9.32924
283.749	0.577179
283.756	4.10176
283.763	1.98167
283.77	5.14212
283.777	11.6981
283.784	6.64991
283.791	4.62978
283.798	-3.18399
283.805	-0.32042
283.812	5.20555
283.819	4.80911
283.826	1.65951
283.833	-3.34556
283.84	-3.98441
283.848	-1.11823
283.855	0.591965
283.862	-1.55464
283.869	1.47442
283.876	2.48172
283.883	13.9836
283.89	34.5932
283.897	30.691
283.904	48.7465
283.911	37.223
283.918	14.7939
283.925	16.7311
283.932	4.77845
283.939	4.89223
283.946	8.36953
283.953	2.84932
283.96	0.160965
283.967	12.0874
283.974	-2.19508
283.981	-3.61139
283.988	-2.46659
283.995	-0.188921
284.002	-3.46358
284.009	-4.21077
284.016	-2.85428
284.023	-1.8501
284.03	-0.459338
284.037	5.21979
284.044	9.04781
284.05	3.86202
284.057	9.43475
284.064	7.30521
284.071	7.38741
284.078	-1.12119
284.085	4.24351
284.092	-3.6771
284.099	-3.41186
284.106	-2.12842
284.113	6.544
284.12	14.5232
284.127	11.6376
284.134	13.08
284.141	5.08506
284.148	7.48754
284.155	1.75833
284.162	-4.12198
284.169	-4.70416
284.176	3.06051
284.183	3.01326
284.19	0.260597
284.197	3.89294
284.204	16.5527
284.211	0.872221
284.218	-0.809741
284.225	7.5151
284.232	4.90576
284.238	2.38506
284.245	8.89658
284.252	23.1258
284.259	14.8277
284.266	5.08046
284.273	-3.53485
284.28	-4.3485
284.287	-0.329819
284.294	8.83091
284.301	26.1065
284.308	24.006
284.315	11.9273
284.322	5.27939
284.329	18.6528
284.336	1.67011
284.342	-4.3258
284.349	-4.29913
284.356	-2.36953
284.363	15.8674
284.37	12.031
284.377	17.6835
284.384	0.318349
284.391	-5.7507
284.398	-4.91395
284.405	-4.13648
284.412	-2.29254
284.419	-2.99022
284.426	7.15162
284.432	10.9491
284.439	11.667
284.446	21.8398
284.453	4.39249
284.46	4.73444
284.467	7.7526
284.474	9.7884
284.481	15.1398
284.488	-4.32093
284.495	-5.20855
284.501	-2.22854
284.508	7.15222
284.515	16.9244
284.522	12.1351
284.529	28.144
284.531	11.9823
284.538	32.5071
284.546	33.2929
284.553	28.6912
284.561	29.5544
284.569	21.5697
284.576	25.8266
284.584	39.783
284.591	12.3878
284.599	13.9645
284.606	6.76514
284.614	4.22145
284.622	7.65101
284.629	15.3882
284.637	17.0567
284.644	5.63767
284.652	13.0387
284.659	28.6221
284.667	5.33471
284.674	9.90394
284.682	21.6155
284.69	30.8502
284.697	9.91232
284.705	3.66997
284.712	5.37457
284.72	8.88206
284.727	17.4596
284.735	6.25192
284.742	11.4432
284.75	55.7178
284.757	25.3017
284.765	28.6349
284.773	20.3222
284.78	12.0833
284.788	19.7369
284.795	18.3782
284.803	8.42654
284.81	11.4049
284.818	15.0177
284.825	10.4652
284.833	15.4278
284.84	6.49862
284.848	8.92294
284.855	2.98385
284.863	3.27955
284.87	3.49747
284.878	6.71965
284.885	7.45406
284.893	5.70194
284.9	25.6952
284.908	45.7348
284.915	53.8077
284.923	21.2382
284.93	11.3171
284.938	17.7834
284.945	11.0811
284.953	7.90626
284.961	20.2294
284.968	4.67546
284.975	5.41162
284.983	14.5063
284.991	9.77085
284.998	24.0939
285.006	11.9637
285.013	7.6456
285.02	10.631
285.028	4.02942
285.035	2.54721
285.043	3.23447
285.05	5.64642
285.058	19.7891
285.065	16.0892
285.073	16.3471
285.08	10.7257
285.088	12.95
285.095	9.53298
285.103	19.2936
285.11	19.2564
285.118	13.8111
285.125	10.8893
285.133	13.4542
285.14	3.55593
285.148	9.16764
285.155	16.6242
285.163	12.1812
285.17	6.51626
285.178	4.90214
285.185	13.1327
285.193	15.9429
285.2	11.3966
285.207	16.1739
285.215	3.25554
285.222	4.94993
285.23	14.0582
285.237	14.9191
285.245	14.0473
285.252	25.1876
285.26	38.9294
285.267	12.1703
285.275	3.69541
285.282	2.40155
285.289	2.60841
285.297	4.1857
285.304	8.1467
285.312	11.1051
285.319	14.5078
285.327	7.14189
285.334	11.005
285.342	16.5011
285.349	18.7557
285.356	10.6996
285.364	10.446
285.371	4.52449
285.379	6.54219
285.386	9.6967
285.394	3.91209
285.401	5.09523
285.408	17.8627
285.416	7.59213
285.423	8.12819
285.431	22.5678
285.438	12.5484
285.446	24.0092
285.453	13.4442
285.46	26.7958
285.468	9.80043
285.475	4.52854
285.483	7.31443
285.49	3.57046
285.498	3.06808
285.505	6.77746
285.512	7.56043
285.52	7.14371
285.527	13.5821
285.535	31.8195
285.542	32.7954
285.549	13.6766
285.557	6.31791
285.564	5.45224
285.572	12.4787
285.579	16.0013
285.586	22.853
285.594	13.219
285.601	18.8087
285.609	9.20798
285.616	19.1996
285.623	8.42026
285.631	3.214
285.638	5.38096
285.646	16.9138
285.653	8.23048
285.66	10.7755
285.668	3.50895
285.675	4.82832
285.682	2.72017
285.69	1.6721
285.697	2.19982
285.705	1.59074
285.712	1.98803
285.719	4.16854
285.727	5.04114
285.734	1.72923
285.741	1.33134
285.749	1.91956
285.756	3.42296
285.764	7.16939
285.771	4.1588
285.778	4.15992
285.786	15.5291
285.793	17.817
285.8	11.6288
285.808	2.57904
285.815	5.6435
285.822	3.14862
285.83	2.12714
285.837	5.04157
285.845	5.27464
285.852	3.44358
285.859	5.54205
285.867	4.72447
285.874	5.70552
285.881	2.24785
285.889	0.868244
285.896	1.1313
285.903	2.13663
285.911	1.17588
285.918	2.10981
285.925	9.63212
285.933	5.24302
285.94	0.94886
285.947	6.00039
285.955	17.7056
285.962	15.6715
285.969	5.77517
285.977	12.7869
285.984	3.88756
285.991	0.275819
285.999	0.444126
286.006	0.612268
286.013	1.53252
286.021	8.14831
286.028	11.6782
286.035	8.82578
286.043	18.8754
286.05	19.7358
286.057	23.6565
286.064	4.01894
286.072	6.19955
286.079	4.65774
286.086	4.24956
286.094	2.96631
286.101	6.51761
286.108	2.8512
286.116	4.89273
286.123	2.01065
286.13	2.31267
286.138	3.59462
286.145	1.5702
286.152	7.10746
286.159	10.2858
286.167	7.31316
286.174	1.34707
286.181	4.81848
286.189	17.152
286.196	18.1801
286.203	9.25936
286.211	0.613207
286.218	0.0967011
286.225	4.25041
286.232	6.96683
286.24	0.689451
286.247	6.20541
286.254	10.4067
286.261	12.4611
286.269	14.0508
286.276	2.79509
286.283	4.58759
286.291	18.0187
286.298	6.77913
286.305	7.66034
286.312	5.53811
286.32	1.00619
286.327	1.32168
286.334	3.14742
286.341	14.0449
286.349	7.83475
286.356	18.0573
286.363	10.0825
286.371	3.5145
286.378	8.89013
286.385	15.7562
286.392	11.8293
286.4	0.645637
286.407	2.05527
286.414	1.97779
286.421	-0.222292
286.429	-0.888775
286.436	-1.03138
286.443	0.363076
286.45	-0.743388
286.458	0.574351
286.465	8.73977
286.472	2.73698
286.479	1.11812
286.486	4.24266
286.494	9.09822
286.501	2.51493
286.508	-1.77879
286.515	-1.22391
286.523	0.173711
286.53	6.43358
286.537	12.5812
286.544	11.4307
286.552	8.44648
286.559	17.0886
286.566	15.9342
286.573	10.2536
286.58	3.52902
286.588	-1.30913
286.595	4.33082
286.602	22.194
286.609	20.3697
286.617	25.8912
286.624	3.67665
286.631	-0.797427
286.638	0.572366
286.645	0.889108
286.653	6.68328
286.66	0.729786
286.667	4.97441
286.674	4.58564
286.681	7.4814
286.689	3.50806
286.696	-0.135641
286.703	2.85881
286.71	9.75229
286.717	7.2638
286.725	3.21283
286.732	1.10833
286.739	6.71286
286.746	6.02552
286.753	6.22013
286.761	0.735248
286.768	0.383757
286.775	-1.87991
286.782	-1.09724
286.789	1.21069
286.797	1.97653
286.804	3.0074
286.811	1.22586
286.818	-0.38459
286.825	-0.978641
286.832	1.18274
286.84	13.4593
286.847	18.7475
286.854	6.90739
286.861	1.36678
286.868	-0.906709
286.875	-2.64763
286.883	-2.15909
286.89	-2.1643
286.897	-0.60186
286.904	0.506751
286.911	1.07205
286.918	3.55293
286.926	-0.733222
286.933	1.79596
286.94	6.13627
286.947	4.65278
286.954	10.2765
286.961	14.5968
286.968	27.0402
286.976	30.0951
286.983	25.232
286.99	6.57071
286.997	10.019
287.004	4.83434
287.011	1.403
287.019	7.99978
287.026	2.18182
287.033	-0.547533
287.04	2.29537
287.047	6.46773
287.054	-0.490025
287.061	-2.01248
287.068	-2.16877
287.076	-0.835127
287.083	4.66327
287.09	2.86187
287.097	4.32699
287.104	3.10841
287.111	15.0999
287.118	15.8431
287.125	5.00172
287.133	9.18129
287.14	1.71727
287.147	4.71388
287.154	0.791698
287.161	-1.91424
287.168	-2.18567
287.175	-1.34176
287.182	9.34393
287.189	21.0462
287.197	15.9376
287.204	20.552
287.211	4.43254
287.218	6.75258
287.225	1.3773
287.232	-0.850026
287.239	6.7323
287.246	3.00623
287.253	1.537
287.26	7.56891
287.268	-1.82069
287.275	1.58776
287.282	11.998
287.289	3.46585
287.296	-3.1308
287.303	-3.82062
287.31	-3.36231
287.317	-3.77578
287.324	3.54057
287.331	2.46604
287.338	4.67963
287.346	3.63902
287.353	2.30436
287.36	-2.8681
287.367	-1.13103
287.374	0.0646023
287.381	2.9728
287.388	1.33725
287.395	0.0880606
287.402	-0.784998
287.409	6.1526
287.416	4.88435
287.423	1.03939
287.43	0.218253
287.437	1.24932
287.445	1.1613
287.452	1.77169
287.459	10.2552
287.466	6.51088
287.473	6.6136
287.48	0.439381
287.487	3.65596
287.494	0.762082
287.501	17.435
287.508	6.10728
287.515	1.94311
287.522	12.977
287.529	18.1189
287.536	18.9339
287.543	32.1736
287.55	44.7751
287.557	25.7342
287.564	18.024
287.571	2.40561
287.578	2.87101
287.585	7.49266
287.593	-3.25548
287.6	-4.65434
287.607	-1.17202
287.614	4.4266
287.621	-3.01762
287.628	-1.9794
287.635	15.1217
287.642	19.5071
287.649	6.20372
287.656	-1.00134
287.663	-2.8834
287.67	-3.31314
287.677	-1.8064
287.684	-2.9825
287.691	-1.07185
287.698	-3.14018
287.705	1.39028
287.712	13.8828
287.719	13.5921
287.726	1.7091
287.733	17.0501
287.74	13.7093
287.747	5.07354
287.754	21.7483
287.761	12.0633
287.768	-0.655356
287.775	8.9288
287.782	1.76344
287.789	2.39621
287.796	7.72351
287.803	5.14657
287.81	0.627315
287.817	1.31449
287.824	-2.26139
287.831	-2.04494
287.838	6.91099
287.845	11.9378
287.852	14.5118
287.859	29.2903
287.866	51.5568
287.873	31.2532
287.88	13.9212
287.887	13.133
287.894	-4.10813
287.901	-2.01694
287.908	0.215863
287.915	-4.08154
287.922	-5.49483
287.929	-3.10665
287.936	0.680941
287.942	16.7346
287.949	18.9944
287.957	15.5137
287.965	9.11446
287.972	4.17623
287.98	2.50657
287.988	3.29217
287.995	8.28326
288.003	16.471
288.011	5.4553
288.018	6.64931
288.026	16.7858
288.034	15.8973
288.041	9.42921
288.049	19.7636
288.057	38.0067
288.064	26.9341
288.072	26.5916
288.079	20.2171
288.087	10.7926
288.095	15.1492
288.102	15.9423
288.11	51.9166
288.118	50.9959
288.125	31.8548
288.133	6.60008
288.141	8.81281
288.148	17.5079
288.156	6.63053
288.164	3.22411
288.171	9.623
288.179	33.1041
288.186	18.0277
288.194	5.38021
288.202	4.45044
288.209	11.3123
288.217	37.3833
288.225	35.4546
288.232	22.6892
288.24	7.06215
288.247	4.92257
288.255	5.56942
288.263	19.3668
288.27	18.2048
288.278	23.5909
288.286	21.3914
288.293	6.21486
288.301	14.164
288.308	22.0594
288.316	12.7594
288.324	5.84159
288.331	13.2466
288.339	21.0719
288.346	35.5139
288.354	55.0204
288.362	26.999
288.369	13.707
288.377	34.8034
288.384	17.9885
288.392	16.3881
288.4	12.8562
288.407	29.1302
288.415	35.3631
288.422	31.9086
288.43	10.4527
288.438	2.84641
288.445	5.38984
288.453	12.7349
288.46	19.861
288.468	20.6917
288.475	31.2944
288.483	10.1574
288.491	5.88362
288.498	16.9141
288.506	21.6554
288.513	18.0114
288.521	15.3883
288.528	10.1788
288.536	6.27246
288.544	7.872
288.551	10.0758
288.559	8.55157
288.566	20.9335
288.574	16.5994
288.581	26.6002
288.589	11.6174
288.597	17.3363
288.604	18.0924
288.612	8.18667
288.619	5.25707
288.627	3.65615
288.634	5.57534
288.642	11.5786
288.649	14.0988
288.657	16.4136
288.665	6.94728
288.672	5.51486
288.68	8.07978
288.687	13.363
288.695	5.34804
288.702	4.93854
288.71	4.26237
288.717	9.51264
288.725	3.0701
288.732	3.51396
288.74	10.5833
288.748	18.0786
288.755	28.981
288.763	9.47718
288.77	14.0577
288.778	47.8775
288.785	33.9238
288.793	20.6408
288.8	6.8395
288.808	18.7906
288.815	26.9648
288.823	24.0706
288.83	17.1626
288.838	22.8678
288.845	12.6358
288.853	14.3853
288.86	5.7537
288.868	7.46066
288.875	10.5092
288.883	5.0224
288.89	9.83886
288.898	32.6087
288.905	14.3395
288.913	15.0539
288.92	7.58707
288.928	4.82079
288.936	15.6289
288.943	12.4146
288.95	2.467
288.958	7.2999
288.965	32.6904
288.973	34.7442
288.98	32.0149
288.988	17.1363
288.995	10.8857
289.003	2.51528
289.01	3.70531
289.018	7.19646
289.025	18.5598
289.033	15.7151
289.04	14.0111
289.048	13.359
289.055	15.3263
289.063	5.548
289.07	2.53485
289.078	2.53455
289.085	2.17523
289.093	2.14144
289.1	3.25146
289.108	10.736
289.115	10.1796
289.123	5.46586
289.13	3.12914
289.138	5.21894
289.145	5.70136
289.153	4.54034
289.16	7.33511
289.167	10.7998
289.175	12.2846
289.182	9.88305
289.19	5.34701
289.197	4.37351
289.205	9.31472
289.212	7.8664
289.22	11.7977
289.227	13.8293
289.235	5.20276
289.242	11.4928
289.249	9.96793
289.257	31.7011
289.264	20.8213
289.272	15.3134
289.279	7.98318
289.287	13.2951
289.294	3.02806
289.302	3.713
289.309	5.04594
289.316	13.959
289.324	33.1932
289.331	30.6947
289.339	24.79
289.346	22.1904
289.354	21.1477
289.361	19.1805
289.368	6.78416
289.376	1.28464
289.383	2.78621
289.391	13.9236
289.398	22.0702
289.406	29.1855
289.413	18.9154
289.42	5.73526
289.428	3.1148
289.435	2.5717
289.443	4.08968
289.45	13.5625
289.457	8.19635
289.465	11.5257
289.472	3.17657
289.48	9.14015
289.487	21.4253
289.495	7.80586
289.502	12.4749
289.509	14.8718
289.517	10.8496
289.524	16.0799
289.532	26.7477
289.539	11.0892
289.546	1.39416
289.554	1.64588
289.561	3.3323
289.569	4.46915
289.576	15.2207
289.583	12.8203
289.591	20.0268
289.598	19.774
289.605	4.4546
289.613	3.46604
289.62	4.03261
289.628	8.45615
289.635	19.556
289.642	7.59954
289.65	9.17495
289.657	25.2231
289.664	15.4058
289.672	8.21712
289.679	10.6707
289.687	3.8742
289.694	5.51972
289.701	1.05808
289.709	5.67305
289.716	8.07264
289.723	3.89704
289.731	11.1363
289.738	3.39759
289.746	0.329587
289.753	0.752113
289.76	5.01221
289.768	1.25344
289.775	0.966996
289.782	3.49677
289.79	18.4337
289.797	23.5078
289.804	12.3713
289.812	4.22795
289.819	7.87743
289.826	13.3374
289.834	11.6472
289.841	17.2833
289.848	15.1634
289.856	13.5715
289.863	29.9661
289.87	22.5417
289.878	19.0102
289.885	23.0499
289.892	8.56213
289.9	6.48768
289.907	4.15468
289.914	14.4414
289.922	14.5866
289.929	6.71537
289.936	-0.559789
289.944	-1.4007
289.951	-0.0856332
289.958	5.85824
289.966	8.15456
289.973	2.291
289.98	7.03593
289.988	1.66688
289.995	2.2687
290.002	9.45803
290.01	18.9309
290.017	23.1384
290.024	27.6684
290.032	18.8811
290.039	13.1054
290.046	12.9147
290.053	11.8662
290.061	5.62675
290.068	3.69439
290.075	6.70523
290.083	37.5874
290.09	15.2319
290.097	-0.0475749
290.105	-0.474831
290.112	1.20334
290.119	6.14745
290.126	14.0955
290.134	31.5453
290.141	41.3508
290.148	43.719
290.156	20.3433
290.163	34.18
290.17	17.7651
290.177	0.0706202
290.185	0.968622
290.192	2.3281
290.199	12.4273
290.207	1.99258
290.214	-0.818723
290.221	-0.68133
290.228	3.80048
290.236	15.6731
290.243	11.2676
290.25	5.9785
290.257	6.90252
290.265	1.28711
290.272	0.149975
290.279	1.64185
290.286	2.5619
290.294	11.1595
290.301	17.8956
290.308	5.07387
290.316	3.68998
290.323	2.87299
290.33	2.28599
290.337	0.967207
290.345	0.630648
290.352	-0.295917
290.359	2.71712
290.366	2.76598
290.374	11.8697
290.381	8.71371
290.388	9.57068
290.395	22.3918
290.402	17.6027
290.41	58.039
290.417	44.3858
290.424	23.3383
290.431	28.3584
290.439	16.1614
290.446	10.5069
290.453	5.67267
290.46	5.15033
290.468	3.05018
290.475	-1.12198
290.482	-1.8197
290.489	0.814377
290.496	1.81826
290.504	0.396006
290.511	-1.23282
290.518	-0.159589
290.525	8.50948
290.533	1.13607
290.54	1.52224
290.547	-0.20224
290.554	5.36922
290.561	4.28981
290.569	0.241414
290.576	-1.53814
290.583	-1.40183
290.59	-1.12571
290.597	-2.09779
290.605	-1.59115
290.612	4.15368
290.619	4.6355
290.626	1.60068
290.633	-0.42441
290.641	3.9227
290.648	-0.95145
290.655	-0.140657
290.662	6.14656
290.669	2.41865
290.677	4.15324
290.684	9.52149
290.691	6.64086
290.698	3.87236
290.705	8.10152
290.713	17.3678
290.72	10.0299
290.727	3.35239
290.734	14.6892
290.741	14.8271
290.748	5.31594
290.756	4.87486
290.763	4.15339
290.77	11.5865
290.777	11.3099
290.784	10.4695
290.792	12.3965
290.799	2.51046
290.806	-2.78505
290.813	-3.1623
290.82	-2.06225
290.827	-2.53606
290.834	-1.19454
290.842	-2.8811
290.849	-2.19994
290.856	4.71693
290.863	26.412
290.87	22.3188
290.877	22.2532
290.885	15.3138
290.892	2.56862
290.899	6.15795
290.906	-0.680237
290.913	-2.61444
290.92	-3.40656
290.927	-2.34043
290.935	-3.00845
290.942	-1.51098
290.949	3.1458
290.956	10.5047
290.963	0.598684
290.97	10.5156
290.977	14.4136
290.985	27.4119
290.992	30.7331
290.999	2.6809
291.006	4.67624
291.013	0.68547
291.02	13.1389
291.027	7.84533
291.034	18.6611
291.042	16.8672
291.049	-2.27563
291.056	-0.448377
291.063	1.2467
291.07	-3.70213
291.077	-4.83599
291.084	-0.0614957
291.091	6.61002
291.098	-3.86683
291.106	-4.68572
291.113	1.31067
291.12	19.6357
291.127	-1.10428
291.134	-3.6978
291.141	-3.23228
291.148	-0.586451
291.155	7.84047
291.162	14.6288
291.17	-0.386026
291.177	-1.24532
291.184	0.947935
291.191	4.40048
291.198	24.542
291.205	9.07096
291.212	-3.33411
291.219	-3.62648
291.226	-1.513
291.233	3.01355
291.24	0.513762
291.247	13.6464
291.255	25.4687
291.262	10.42
291.269	1.91516
291.276	-0.474851
291.283	1.28477
291.29	12.3641
291.297	11.8578
291.304	15.1868
291.311	2.33221
291.318	0.987794
291.325	3.4633
291.332	7.28856
291.339	7.80443
291.347	-4.21224
291.354	1.10801
291.361	29.2265
291.368	14.3271
291.375	2.654
291.382	-3.01034
291.389	3.3925
291.396	6.81018
291.403	2.6714
291.41	5.34729
291.417	26.1803
291.424	13.6101
291.428	15.1702
291.436	10.0875
291.444	7.60201
291.451	27.9726
291.459	47.2998
291.467	14.6184
291.475	18.9555
291.482	6.41322
291.49	4.14699
291.498	7.06007
291.506	16.5546
291.513	15.3825
291.521	16.552
291.529	4.94245
291.537	7.26762
291.544	16.5285
291.552	10.1851
291.56	22.5865
291.568	17.1781
291.575	5.62346
291.583	9.21512
291.591	22.9005
291.599	12.682
291.606	21.379
291.614	18.9531
291.622	9.21221
291.629	5.43773
291.637	7.80001
291.645	18.1368
291.653	10.791
291.66	21.6579
291.668	15.4736
291.676	6.86532
291.684	9.69343
291.691	7.96901
291.699	5.09014
291.707	11.7765
291.714	20.0789
291.722	14.082
291.73	13.7593
291.738	19.9046
291.745	21.8889
291.753	51.2462
291.761	20.4859
291.768	16.0628
291.776	30.6534
291.784	10.1878
291.792	15.186
291.799	20.0594
291.807	14.6205
291.815	7.38006
291.822	8.07063
291.83	12.4865
291.838	37.7601
291.846	40.3878
291.853	15.6266
291.861	23.4625
291.869	19.11
291.876	16.6961
291.884	12.386
291.892	11.8634
291.899	18.8715
291.907	13.8443
291.915	12.8942
291.922	12.6577
291.93	30.703
291.938	16.0766
291.946	23.2613
291.953	16.1926
291.961	4.49112
291.969	5.42941
291.976	12.5034
291.984	10.7129
291.992	5.58084
291.999	11.4074
292.007	5.42365
292.015	9.96966
292.022	17.2748
292.03	7.73429
292.038	15.5379
292.045	10.5043
292.053	7.55231
292.061	12.2254
292.068	21.5372
292.076	20.6574
292.084	6.48283
292.091	6.17609
292.099	7.54727
292.107	6.26352
292.114	10.3461
292.122	9.36587
292.13	16.2249
292.137	18.3694
292.145	21.9913
292.152	15.4542
292.16	5.32228
292.168	8.39972
292.175	5.415
292.183	5.15091
292.191	4.03812
292.198	4.03545
292.206	8.27519
292.214	6.46006
292.221	12.7954
292.229	23.7013
292.236	18.8984
292.244	19.9454
292.252	20.9835
292.259	15.3974
292.267	7.89717
292.275	4.93817
292.282	4.78393
292.29	3.77116
292.298	4.47034
292.305	12.6202
292.313	5.83315
292.32	9.54123
292.328	19.7316
292.336	8.78275
292.343	4.40495
292.351	6.41821
292.358	10.6442
292.366	10.3534
292.374	22.3163
292.381	7.54719
292.389	9.68485
292.396	10.9832
292.404	6.38876
292.412	7.32883
292.419	8.57436
292.427	27.0095
292.434	11.2868
292.442	16.368
292.45	7.97103
292.457	5.02233
292.465	5.63099
292.472	10.2525
292.48	10.6145
292.488	25.3716
292.495	10.482
292.503	4.78749
292.51	9.5838
292.518	18.9311
292.526	15.0198
292.533	8.57752
292.541	16.5994
292.548	48.1805
292.556	24.528
292.563	22.1537
292.571	16.4094
292.579	19.1326
292.586	16.1256
292.594	24.9996
292.601	8.95306
292.609	13.7244
292.616	9.27386
292.624	9.05446
292.632	14.5407
292.639	10.1175
292.647	4.46762
292.654	5.56879
292.662	13.4225
292.669	17.3177
292.677	18.7308
292.685	10.8854
292.692	5.8424
292.7	8.49022
292.707	7.09442
292.715	8.41198
292.722	5.53618
292.73	17.4662
292.737	21.5049
292.745	17.489
292.752	30.739
292.76	26.4808
292.768	25.6273
292.775	29.8254
292.783	13.2436
292.79	9.74935
292.798	15.8943
292.805	17.1717
292.813	12.5539
292.82	14.8911
292.828	11.2128
292.835	5.81029
292.843	12.8927
292.85	6.89792
292.858	11.6933
292.865	12.0079
292.873	40.259
292.88	31.2799
292.888	18.1894
292.896	25.0519
292.903	23.2622
292.911	15.9297
292.918	32.2262
292.926	18.7306
292.933	3.84436
292.941	2.55415
292.948	7.9311
292.956	26.8784
292.963	7.43248
292.971	17.4876
292.978	26.7533
292.986	33.9295
292.993	12.4238
293.001	3.11295
293.008	8.1995
293.016	10.4432
293.023	3.67199
293.031	3.17886
293.038	5.16894
293.046	11.8309
293.053	21.4098
293.061	19.6206
293.068	18.9113
293.076	10.4916
293.083	6.627
293.091	3.72389
293.098	10.791
293.106	29.4917
293.113	23.945
293.12	12.734
293.128	22.5226
293.135	31.7139
293.143	16.9323
293.15	9.47444
293.158	9.80809
293.165	8.96019
293.173	9.94763
293.18	2.16079
293.188	3.54914
293.195	4.25154
293.203	4.77421
293.21	8.96826
293.218	10.082
293.225	11.3525
293.232	13.1678
293.24	21.3544
293.247	23.6936
293.255	39.8542
293.262	10.2949
293.27	11.8671
293.277	16.3749
293.285	8.9652
293.292	21.8211
293.3	15.1965
293.307	6.65912
293.314	2.83037
293.322	5.23672
293.329	2.69424
293.337	2.84341
293.344	8.93954
293.352	30.3316
293.359	44.3529
293.366	29.2365
293.374	20.2617
293.381	14.6275
293.389	25.3284
293.396	36.9893
293.404	27.7665
293.411	4.09074
293.418	2.51097
293.426	11.6351
293.433	5.36257
293.441	12.1003
293.448	12.2568
293.456	9.87149
293.463	4.80942
293.47	15.0183
293.478	6.56417
293.485	7.13373
293.493	7.18969
293.5	10.7758
293.507	7.04126
293.515	18.6373
293.522	9.6234
293.53	27.3663
293.537	10.72
293.545	8.98
293.552	9.33211
293.559	7.37054
293.567	1.34172
293.574	1.38677
293.582	9.466
293.589	15.0913
293.596	21.1892
293.604	17.0022
293.611	4.42578
293.618	4.54357
293.626	5.59966
293.633	4.43558
293.641	10.2271
293.648	20.7422
293.655	26.7049
293.663	25.2615
293.67	16.4834
293.678	12.665
293.685	20.771
293.692	16.9577
293.7	8.58183
293.707	16.6609
293.714	12.7803
293.722	6.94638
293.729	8.48581
293.736	21.1873
293.744	28.7539
293.751	11.2544
293.759	7.32307
293.766	13.6399
293.773	20.4889
293.781	12.0624
293.788	9.47613
293.795	17.3459
293.803	17.8667
293.81	16.3782
293.817	32.9806
293.825	54.0182
293.832	38.3489
293.839	29.4378
293.847	47.721
293.854	24.2253
293.862	31.9397
293.869	13.0299
293.876	10.2834
293.884	10.9002
293.891	18.71
293.898	8.68043
293.906	6.65716
293.913	16.7999
293.92	8.85177
293.928	7.08686
293.935	10.9676
293.942	18.0313
293.95	26.3647
293.957	18.6318
293.964	6.16654
293.972	20.8244
293.979	38.3266
293.986	15.0284
293.993	13.2812
294.001	31.3434
294.008	30.7153
294.015	30.2343
294.023	44.9819
294.03	19.4419
294.037	24.6618
294.045	11.6601
294.052	10.0776
294.059	18.2222
294.067	23.3864
294.074	25.3037
294.081	36.7449
294.089	44.7056
294.096	34.0293
294.103	22.0275
294.11	32.0872
294.118	33.1142
294.125	38.429
294.132	17.0585
294.14	19.0919
294.147	22.7607
294.154	15.8796
294.161	16.4337
294.169	41.5528
294.176	59.9387
294.183	26.3963
294.191	30.7902
294.198	16.6739
294.205	22.0108
294.212	53.2491
294.22	32.5454
294.227	29.2267
294.234	19.5171
294.242	14.4908
294.249	15.5435
294.256	23.5191
294.263	18.5137
294.271	16.62
294.278	17.4843
294.285	21.6205
294.292	43.3891
294.3	64.7296
294.307	36.3006
294.314	34.8395
294.321	16.6001
294.329	10.8958
294.336	19.5913
294.343	34.3107
294.35	30.5246
294.358	13.6121
294.365	28.6655
294.372	33.7497
294.379	11.1289
294.387	2.32688
294.394	7.33565
294.401	19.3514
294.408	24.371
294.416	36.0797
294.423	46.5071
294.43	52.645
294.437	28.4066
294.445	35.8364
294.452	24.4233
294.459	36.1327
294.466	47.0716
294.474	94.1004
294.481	66.5303
294.488	37.5082
294.495	14.5735
294.503	11.6516
294.51	18.5093
294.517	30.7864
294.524	47.7672
294.531	49.7871
294.539	33.3721
294.546	36.2052
294.553	25.0908
294.56	26.9834
294.567	36.3572
294.575	62.7582
294.582	60.7654
294.589	47.4366
294.596	45.244
294.604	19.5253
294.611	11.6678
294.618	25.0913
294.625	48.4636
294.632	62.1306
294.64	51.6539
294.647	27.4002
294.654	26.9883
294.661	43.018
294.668	49.5509
294.675	38.9315
294.683	59.7968
294.69	60.6825
294.697	34.7172
294.704	44.0282
294.711	36.7131
294.719	34.4957
294.726	55.7567
294.733	84.8411
294.74	54.0301
294.747	21.7937
294.755	63.1122
294.762	42.3579
294.769	35.5415
294.776	52.754
294.783	44.9779
294.79	72.6231
294.798	68.4938
294.805	57.0245
294.812	79.8953
294.819	61.3826
294.826	50.429
294.833	34.2924
294.841	44.6484
294.848	55.5425
294.855	17.1709
294.862	15.3381
294.869	33.1018
294.876	72.1227
294.883	55.6973
294.891	39.4657
294.898	50.9332
294.905	72.5075
294.912	42.5867
294.919	37.1479
294.926	44.3079
294.934	46.2946
294.941	48.2079
294.948	32.7621
294.955	54.064
294.962	26.8109
294.969	37.0133
294.976	16.694
294.983	37.4634
294.991	33.4058
294.998	35.7139
295.005	28.1457
295.008	30.7375
295.016	49.1962
295.024	23.5154
295.032	25.2526
295.04	21.2544
295.048	51.1024
295.055	56.1562
295.063	29.2656
295.071	31.2968
295.079	47.2895
295.087	88.1062
295.095	51.1409
295.102	69.1198
295.11	54.6379
295.118	42.9901
295.126	73.1873
295.134	88.9773
295.142	60.8307
295.15	71.7206
295.157	65.4575
295.165	64.5246
295.173	65.4935
295.181	106.63
295.189	106.496
295.197	71.4178
295.204	110.334
295.212	116.415
295.22	163.419
295.228	156.649
295.236	138.016
295.244	143.833
295.251	137.696
295.259	133.112
295.267	151.474
295.275	145.095
295.283	146.128
295.291	71.4833
295.298	78.5996
295.306	100.155
295.314	95.2003
295.322	106.045
295.33	95.0467
295.337	51.386
295.345	39.2426
295.353	72.7491
295.361	46.4858
295.369	17.5688
295.376	33.9372
295.384	42.2041
295.392	48.1116
295.4	81.8329
295.408	96.2174
295.415	42.618
295.423	15.3342
295.431	25.2049
295.439	28.0754
295.447	30.8841
295.454	79.5279
295.462	117.085
295.47	69.7195
295.478	62.3536
295.486	30.2345
295.493	14.6859
295.501	53.4658
295.509	91.3402
295.517	58.5195
295.525	38.8089
295.532	44.7257
295.54	28.0544
295.548	16.0757
295.556	33.0653
295.563	67.6813
295.571	91.6584
295.579	93.3236
295.587	64.2795
295.595	58.1225
295.602	57.2731
295.61	53.9204
295.618	87.0579
295.626	60.1877
295.633	55.8884
295.641	51.1336
295.649	30.2278
295.657	20.4501
295.664	34.3585
295.672	52.5447
295.68	70.445
295.688	66.9552
295.695	66.7873
295.703	57.5368
295.711	33.2934
295.719	72.3249
295.726	108.05
295.734	85.1827
295.742	84.0391
295.75	54.1307
295.757	56.8755
295.765	80.6112
295.773	128.393
295.781	80.0658
295.788	22.504
295.796	25.3162
295.804	61.0142
295.812	105.323
295.819	65.7704
295.827	77.0642
295.835	69.5197
295.842	88.049
295.85	70.2037
295.858	47.0784
295.866	45.6982
295.873	76.2163
295.881	53.6729
295.889	59.1177
295.896	50.2135
295.904	51.418
295.912	43.5652
295.92	43.5962
295.927	42.0148
295.935	47.7516
295.943	54.2046
295.95	67.8111
295.958	62.7929
295.966	72.3864
295.974	67.5353
295.981	97.7021
295.989	102.583
295.997	85.222
296.004	111.064
296.012	123.489
296.02	101.872
296.028	112.065
296.035	104.494
296.043	126.487
296.051	119.353
296.058	124.43
296.066	91.9804
296.074	119.838
296.081	110.17
296.089	167.081
296.097	217.013
296.104	214.713
296.112	257.271
296.12	258.387
296.127	254.563
296.135	205.201
296.143	228.398
296.15	271.616
296.158	269.167
296.166	272.467
296.173	224.606
296.181	190.572
296.189	215.216
296.196	203.527
296.204	129.191
296.212	70.5137
296.219	53.0969
296.227	37.3724
296.235	32.9131
296.242	38.7411
296.25	45.671
296.258	40.7
296.265	51.9696
296.273	47.4934
296.281	40.0151
296.288	46.2
296.296	36.1882
296.304	31.8983
296.311	24.4653
296.319	30.338
296.327	25.0839
296.334	31.2908
296.342	36.4614
296.35	33.0232
296.357	23.6708
296.365	13.7116
296.372	30.0391
296.38	18.8386
296.388	26.5589
296.395	33.9414
296.403	35.8175
296.411	47.4303
296.418	55.1678
296.426	19.8047
296.433	13.3849
296.441	26.901
296.449	33.9641
296.456	34.7236
296.464	33.5194
296.472	66.6618
296.479	50.1505
296.487	65.7603
296.494	32.0728
296.502	31.1288
296.51	15.3104
296.517	10.4376
296.525	31.4869
296.532	50.3884
296.54	40.6933
296.548	40.4346
296.555	88.573
296.563	88.7439
296.571	79.8721
296.578	41.3998
296.586	28.8486
296.593	48.8796
296.601	63.5394
296.608	66.6875
296.616	27.3952
296.624	50.4369
296.631	65.2636
296.639	62.7936
296.646	56.0214
296.654	34.2284
296.662	38.5271
296.669	74.5343
296.677	61.6243
296.684	58.1448
296.692	109.404
296.699	138.316
296.707	97.3599
296.715	36.9589
296.722	47.8754
296.73	15.2577
296.737	36.1952
296.745	83.1343
296.753	39.2306
296.76	56.6342
296.768	74.1507
296.775	105.87
296.783	70.3934
296.79	36.2408
296.798	36.4087
296.805	47.403
296.813	60.5099
296.821	62.0662
296.828	68.8276
296.836	75.266
296.843	69.9916
296.851	36.169
296.858	56.1236
296.866	94.7189
296.873	76.9891
296.881	44.2273
296.888	60.5185
296.896	71.1685
296.904	80.9803
296.911	92.4988
296.919	60.8468
296.926	99.6282
296.934	100.217
296.941	61.661
296.949	35.3787
296.956	24.6232
296.964	54.4298
296.971	101.008
296.979	114.224
296.986	121.239
296.994	72.3599
297.002	47.1023
297.009	45.8888
297.017	42.9364
297.024	62.022
297.032	103.413
297.039	130.2
297.047	72.8231
297.054	40.9751
297.062	62.7813
297.069	24.4918
297.077	44.5082
297.084	101.138
297.092	150.867
297.099	104.382
297.107	50.9644
297.114	42.7559
297.122	48.4215
297.129	106.037
297.137	117.017
297.144	132.362
297.152	100.81
297.159	55.3637
297.167	55.3859
297.174	68.5286
297.182	70.6051
297.189	103.869
297.197	134.587
297.204	102.96
297.212	91.1596
297.219	84.696
297.227	58.5795
297.234	68.9567
297.242	82.3446
297.249	96.5873
297.256	134.649
297.264	73.1133
297.271	46.5625
297.279	64.2252
297.286	85.5465
297.294	117.564
297.301	128.61
297.309	68.5928
297.316	32.3855
297.324	73.7264
297.331	124.3
297.339	68.7069
297.346	74.3699
297.354	89.3604
297.361	79.4184
297.368	49.5349
297.376	60.8506
297.383	52.5048
297.391	80.5254
297.398	51.1599
297.406	46.8385
297.413	63.9027
297.421	60.0931
297.428	46.0202
297.436	36.1785
297.443	54.9484
297.45	55.851
297.458	88.081
297.465	88.8887
297.473	82.6335
297.48	89.2089
297.488	136.589
297.495	136.993
297.502	110.838
297.51	136.612
297.517	173.179
297.525	120.377
297.532	107.99
297.54	156.497
297.547	160.826
297.554	180.597
297.562	153.095
297.569	228.154
297.577	269.926
297.584	365.21
297.592	409.143
297.599	517.646
297.606	516.813
297.614	559.761
297.621	504.413
297.629	533.407
297.636	496.082
297.643	405.104
297.651	304.479
297.658	322.198
297.666	307.166
297.673	290.403
297.68	165.81
297.688	52.5175
297.695	19.7429
297.703	13.6379
297.71	9.87022
297.717	16.3574
297.725	16.4074
297.732	13.5954
297.74	15.2761
297.747	4.06865
297.754	0.613108
297.762	3.42063
297.769	15.7192
297.777	5.75141
297.784	3.88816
297.791	4.9548
297.799	9.9615
297.806	16.1143
297.813	10.6933
297.821	4.56357
297.828	3.70642
297.836	1.08428
297.843	4.42862
297.85	1.65037
297.858	1.77727
297.865	3.75609
297.872	1.57671
297.88	4.01249
297.887	11.1307
297.894	7.08266
297.902	5.96696
297.909	16.9146
297.916	12.186
297.924	21.5741
297.931	11.0214
297.939	3.9261
297.946	7.62899
297.953	3.67819
297.961	7.91358
297.968	10.8618
297.975	2.32107
297.983	2.91324
297.99	8.03241
297.997	21.178
298.005	25.0777
298.012	17.1544
298.019	21.8985
298.027	17.9956
298.034	16.3866
298.041	7.03113
298.049	11.8524
298.056	16.867
298.063	8.89857
298.071	0.57141
298.078	7.07235
298.085	9.48536
298.093	7.07086
298.1	7.43751
298.107	15.6381
298.115	23.6604
298.122	8.35066
298.129	0.201294
298.137	4.33615
298.144	5.75705
298.151	11.3354
298.158	5.62064
298.166	3.92643
298.173	4.77643
298.18	19.5971
298.188	36.2743
298.195	3.93789
298.202	6.86437
298.21	8.32451
298.217	7.0274
298.224	17.2305
298.232	8.84334
298.239	9.58237
298.246	13.5838
298.253	8.23172
298.261	4.36983
298.268	-1.72256
298.275	-1.09053
298.283	7.63473
298.29	13.3639
298.297	-2.44201
298.304	2.58621
298.312	15.0955
298.319	11.573
298.326	24.7261
298.334	16.2143
298.341	30.9128
298.348	17.6425
298.355	14.2163
298.363	14.4793
298.37	5.69379
298.377	30.0618
298.384	3.22241
298.392	5.3438
298.399	-3.1686
298.406	-2.44849
298.413	2.51448
298.421	2.96567
298.428	-3.37233
298.435	-0.103759
298.443	4.99858
298.45	-0.527637
298.457	7.82285
298.464	18.4817
298.472	3.91138
298.479	3.45297
298.486	0.488821
298.493	-1.65265
298.501	-0.169063
298.508	20.3651
298.515	19.6519
298.522	0.90332
298.529	0.316391
298.537	9.96634
298.544	20.7204
298.551	9.7784
298.558	0.823603
298.566	15.4027
298.573	6.42955
298.58	8.65293
298.587	25.5027
298.595	3.32755
298.602	4.14439
298.609	9.15735
298.616	10.1608
298.623	11.031
298.631	8.15938
298.638	8.56531
298.645	2.72523
298.652	1.76375
298.66	14.4446
298.667	5.21094
298.67	13.725
298.678	18.6361
298.686	18.3878
298.694	14.6296
298.702	9.85397
298.71	11.5858
298.718	11.2968
298.726	7.34968
298.734	13.2444
298.742	20.9215
298.75	13.4676
298.757	13.4877
298.765	16.5948
298.773	18.4984
298.781	18.3676
298.789	29.0296
298.797	27.072
298.805	20.8226
298.813	10.3766
298.821	14.0385
298.829	19.5546
298.837	16.5518
298.845	18.7646
298.853	24.5805
298.861	15.6601
298.869	20.4982
298.877	12.7064
298.885	11.1617
298.893	24.9886
298.9	70.2565
298.908	24.55
298.916	25.4809
298.924	37.1236
298.932	60.2529
298.94	42.064
298.948	30.5732
298.956	23.8854
298.964	31.281
298.972	22.8069
298.98	14.8522
298.988	20.1909
298.996	10.0847
299.003	7.77767
299.011	9.98446
299.019	20.4017
299.027	31.3885
299.035	29.1393
299.043	28.5177
299.051	18.2449
299.059	11.7572
299.067	12.304
299.075	25.9822
299.083	13.0231
299.09	10.4532
299.098	12.4331
299.106	14.82
299.114	23.2758
299.122	18.4516
299.13	7.44479
299.138	9.23465
299.146	13.7452
299.154	14.4411
299.161	24.3105
299.169	17.9033
299.177	18.1005
299.185	14.0148
299.193	32.5632
299.201	42.1672
299.209	35.2345
299.217	12.4228
299.225	13.077
299.232	23.3792
299.24	7.73117
299.248	8.72012
299.256	17.4802
299.264	16.7164
299.272	7.88114
299.28	10.9962
299.287	18.0844
299.295	9.25403
299.303	7.22749
299.311	9.87772
299.319	19.7199
299.327	8.92923
299.335	7.56345
299.343	9.47859
299.35	6.65287
299.358	11.1912
299.366	27.4582
299.374	15.089
299.382	12.6292
299.39	11.3893
299.397	21.1132
299.405	34.2125
299.413	11.3312
299.421	12.8291
299.429	12.8551
299.437	19.1104
299.445	17.0504
299.452	13.7556
299.46	16.2481
299.468	11.6251
299.476	8.48809
299.484	17.0119
299.492	30.9892
299.499	9.16187
299.507	9.37237
299.515	8.28728
299.523	10.9684
299.531	31.3959
299.539	36.3713
299.546	21.2015
299.554	10.4447
299.562	16.6132
299.57	10.0961
299.578	7.72828
299.585	10.1756
299.593	17.4483
299.601	8.09048
299.609	9.4423
299.617	20.1181
299.624	23.8438
299.632	14.1864
299.64	14.6858
299.648	16.7924
299.656	16.6585
299.664	16.3505
299.671	14.6318
299.679	14.0385
299.687	26.8995
299.695	21.2911
299.703	11.6991
299.71	9.39101
299.718	11.5319
299.726	25.2416
299.734	23.4268
299.741	24.0734
299.749	33.7005
299.757	32.3268
299.765	15.3129
299.773	9.96177
299.78	13.8881
299.788	22.6884
299.796	14.6418
299.804	21.8911
299.812	30.7844
299.819	18.9571
299.827	21.8313
299.835	32.009
299.843	26.1048
299.85	19.0907
299.858	20.8192
299.866	34.8234
299.874	35.4735
299.881	23.4846
299.889	23.4873
299.897	15.0084
299.905	23.7004
299.913	35.276
299.92	13.9488
299.928	22.9441
299.936	17.5585
299.944	21.6472
299.951	40.1168
299.959	16.8058
299.967	11.602
299.975	23.0062
299.982	28.6233
299.99	17.8224
299.998	26.0928
300.006	17.8243
300.013	40.1304
300.021	37.6341
300.029	22.5052
300.036	15.1977
300.044	11.9788
300.052	10.7023
300.06	15.4797
300.067	17.5162
300.075	13.9575
300.083	14.7739
300.091	9.00603
300.098	10.704
300.106	13.7714
300.114	17.6164
300.122	16.0552
300.129	33.6152
300.137	18.5236
300.145	14.9896
300.152	11.5576
300.16	17.5142
300.168	9.40867
300.176	8.68693
300.183	14.938
300.191	24.5584
300.199	11.5227
300.206	14.9098
300.214	20.4885
300.222	25.9332
300.23	14.2054
300.237	11.6417
300.245	12.9469
300.253	24.5586
300.26	17.2166
300.268	16.5461
300.276	7.14674
300.283	3.92899
300.291	4.88162
300.299	5.93221
300.306	10.0842
300.314	7.7015
300.322	4.20469
300.33	4.77403
300.337	4.78688
300.345	7.87583
300.353	13.4136
300.36	9.23735
300.368	8.32334
300.376	16.2636
300.383	14.2779
300.391	20.6621
300.399	34.7234
300.406	16.7046
300.414	14.9398
300.422	17.9069
300.429	13.9177
300.437	13.3012
300.445	13.199
300.452	4.72459
300.46	5.84031
300.468	11.3135
300.475	16.8428
300.483	21.2465
300.491	5.93661
300.498	10.3476
300.506	16.4277
300.514	9.91858
300.521	7.85276
300.529	14.9328
300.537	23.8461
300.544	19.9223
300.552	14.4851
300.559	10.6547
300.567	13.1218
300.575	13.9826
300.582	19.8124
300.59	7.88249
300.598	7.85927
300.605	8.06496
300.613	18.755
300.621	16.941
300.628	11.6772
300.636	8.33491
300.643	3.12375
300.651	4.88362
300.659	15.6382
300.666	16.8661
300.674	28.4316
300.682	7.86846
300.689	12.7348
300.697	21.8026
300.705	17.7397
300.712	8.96223
300.72	9.97768
300.727	9.05275
300.735	3.61038
300.743	7.9955
300.75	11.5029
300.758	13.4806
300.765	7.88072
300.773	5.6451
300.781	15.3826
300.788	32.3739
300.796	18.1851
300.803	21.9024
300.811	6.69351
300.819	4.78749
300.826	7.34714
300.834	4.36346
300.841	4.3799
300.849	10.1361
300.857	12.0416
300.864	5.83576
300.872	8.90316
300.879	7.37408
300.887	13.3166
300.895	8.76319
300.902	7.68632
300.91	12.3653
300.917	18.1409
300.925	23.6444
300.932	43.6232
300.94	14.0422
300.948	11.5497
300.955	9.54901
300.963	8.12143
300.97	7.65421
300.978	9.49907
300.985	7.31253
300.993	12.4558
301.001	1.94883
301.008	4.23553
301.016	7.76839
301.023	3.44797
301.031	6.1654
301.038	5.54889
301.046	5.5516
301.054	1.53368
301.061	3.45288
301.069	5.24682
301.076	2.82032
301.084	6.64429
301.091	3.88744
301.099	5.53834
301.106	17.073
301.114	12.7855
301.121	8.16413
301.129	12.479
301.137	17.2417
301.144	4.53992
301.152	7.8805
301.159	11.4504
301.167	7.19457
301.174	8.06981
301.182	6.79017
301.189	13.1498
301.197	15.0044
301.204	12.4106
301.212	16.4523
301.219	21.9199
301.227	17.4938
301.234	15.6401
301.242	11.7209
301.249	11.7992
301.257	14.431
301.265	10.8161
301.272	12.6922
301.28	30.3941
301.287	29.0257
301.295	28.4924
301.302	35.3095
301.31	19.4881
301.317	17.3912
301.325	30.9042
301.332	21.9862
301.34	13.9834
301.347	18.603
301.355	13.6218
301.362	18.6919
301.37	19.7027
301.377	10.9235
301.385	6.85312
301.392	7.13356
301.4	10.3263
301.407	14.6627
301.415	6.78544
301.422	7.2319
301.43	9.26588
301.437	12.2824
301.445	1.84857
301.452	2.64241
301.459	8.91464
301.467	3.65989
301.474	2.90053
301.482	1.75959
301.489	7.80518
301.497	17.4751
301.504	16.6573
301.512	3.09375
301.519	2.8875
301.527	5.96138
301.534	10.1811
301.542	3.45391
301.549	9.77633
301.557	9.19996
301.564	5.62529
301.572	9.14496
301.579	12.085
301.586	10.4316
301.594	21.6535
301.601	4.91025
301.609	2.25617
301.616	1.18465
301.624	2.95227
301.631	7.8486
301.639	4.91309
301.646	6.23052
301.653	1.27998
301.661	2.17655
301.668	9.37004
301.676	14.7796
301.683	1.31053
301.691	0.594709
301.698	2.81708
301.706	6.68025
301.713	16.1968
301.72	9.64165
301.728	6.60507
301.735	11.994
301.743	12.7269
301.75	5.65855
301.758	1.15949
301.765	0.564087
301.772	4.76486
301.78	12.656
301.787	4.72446
301.795	1.6547
301.802	2.29199
301.81	-0.905305
301.817	-1.14361
301.824	-0.463593
301.832	2.68905
301.839	1.98815
301.847	17.3075
301.854	13.3449
301.861	3.15749
301.869	1.60086
301.876	0.0389995
301.884	3.6362
301.891	6.09103
301.898	5.73859
301.906	2.69448
301.913	-0.923234
301.921	2.01486
301.928	6.57054
301.935	-0.544084
301.943	0.677035
301.95	0.63722
301.958	-2.32706
301.965	-0.376005
301.972	7.0036
301.98	7.46311
301.987	5.93607
301.994	16.61
302.002	27.8001
302.009	18.9696
302.017	7.96708
302.024	4.06737
302.031	1.89644
302.039	9.57199
302.046	15.8882
302.053	8.68963
302.061	-1.10462
302.068	-2.17936
302.076	-1.35412
302.083	5.29652
302.09	15.1727
302.098	14.9687
302.105	23.31
302.112	3.08475
302.12	-0.962278
302.127	-3.3454
302.134	1.34183
302.142	8.76814
302.149	23.0206
302.157	0.0364575
302.164	-1.90614
302.171	0.855498
302.179	-0.558326
302.186	2.58646
302.193	18.6103
302.201	24.4042
302.208	-1.81563
302.215	1.0631
302.223	11.1612
302.23	10.8077
302.237	0.244794
302.245	7.534
302.252	15.5237
302.259	14.7872
302.267	10.2984
302.274	2.40092
302.281	6.72157
302.289	11.067
302.296	5.35927
302.303	12.3376
302.311	7.7278
302.318	11.4249
302.325	1.4749
302.332	-3.12103
302.34	1.44738
302.347	12.122
302.354	1.3655
302.362	10.2235
302.369	16.9782
302.376	14.5966
302.384	4.35951
302.391	14.2374
302.398	5.2481
302.406	8.37583
302.413	16.9655
302.42	16.4872
302.427	12.3662
302.432	28.2473
302.44	10.5595
302.449	14.721
302.457	14.0796
302.465	31.4339
302.473	19.168
302.481	18.4276
302.489	17.9416
302.497	15.3933
302.505	17.3609
302.513	26.1117
302.521	14.1802
302.529	19.6353
302.537	8.26359
302.545	7.68897
302.553	6.18858
302.561	12.607
302.569	6.64905
302.577	5.27553
302.585	10.7688
302.594	24.9503
302.602	30.8105
302.61	8.70309
302.618	8.1139
302.626	15.3356
302.634	21.3885
302.642	24.6181
302.65	13.8731
302.658	18.3501
302.666	12.4247
302.674	8.75811
302.682	12.0468
302.69	10.5188
302.698	15.2981
302.706	15.6657
302.714	23.2413
302.722	15.8415
302.73	11.2029
302.738	19.4095
302.746	29.207
302.754	17.8094
302.762	14.1437
302.77	22.6101
302.778	13.1782
302.786	7.58909
302.794	11.3739
302.802	11.2351
302.81	24.38
302.818	32.5892
302.826	15.8226
302.834	20.9196
302.842	24.9715
302.85	43.6549
302.858	24.0118
302.866	42.9246
302.874	21.3479
302.882	17.6473
302.89	15.1502
302.898	17.9431
302.906	24.6873
302.914	10.7881
302.922	26.6238
302.93	33.21
302.938	16.9541
302.946	9.17429
302.954	8.24688
302.962	15.2732
302.97	18.3087
302.978	23.6211
302.986	36.9725
302.994	24.4286
303.002	17.6936
303.01	25.9333
303.018	9.21424
303.026	8.46889
303.034	11.4154
303.042	16.6932
303.05	16.8675
303.058	11.4297
303.066	8.3006
303.074	8.15827
303.082	13.8987
303.09	18.0583
303.098	14.4063
303.106	18.63
303.114	25.8058
303.122	11.1108
303.13	9.69238
303.138	9.74919
303.146	17.6995
303.154	29.2402
303.161	15.1186
303.169	22.9845
303.177	25.0024
303.185	40.1442
303.193	21.459
303.201	18.9052
303.209	10.7757
303.217	9.80812
303.225	16.3661
303.233	11.3038
303.241	21.3889
303.249	36.6502
303.257	19.2767
303.265	15.0962
303.273	18.1283
303.281	17.1382
303.289	24.8586
303.296	12.9336
303.304	11.0439
303.312	12.1136
303.32	12.4937
303.328	12.6392
303.336	13.1299
303.344	9.0856
303.352	10.2006
303.36	12.9504
303.368	14.9146
303.376	15.2215
303.384	15.0303
303.391	24.8093
303.399	17.2145
303.407	11.3151
303.415	10.6393
303.423	14.8091
303.431	19.3837
303.439	31.8144
303.447	22.8686
303.455	27.3988
303.463	10.8791
303.471	23.1496
303.478	32.8971
303.486	20.6255
303.494	27.5607
303.502	14.5386
303.51	13.3001
303.518	15.3067
303.526	27.6847
303.534	28.6123
303.542	26.1433
303.549	48.6057
303.557	37.5367
303.565	27.8593
303.573	26.1807
303.581	17.4462
303.589	26.6733
303.597	32.608
303.605	36.2721
303.612	42.8901
303.62	31.8378
303.628	27.7568
303.636	19.0685
303.644	28.4767
303.652	27.0239
303.66	18.8104
303.668	13.0019
303.675	12.7592
303.683	13.1139
303.691	16.8707
303.699	26.6008
303.707	17.7131
303.715	20.8113
303.723	26.9133
303.73	16.4759
303.738	19.0558
303.746	22.8461
303.754	21.4019
303.762	30.627
303.77	27.4888
303.778	25.4989
303.785	14.0025
303.793	16.2694
303.801	15.7057
303.809	16.0618
303.817	21.1253
303.825	14.8815
303.832	19.7008
303.84	31.6152
303.848	23.2069
303.856	18.317
303.864	18.1
303.872	14.8486
303.879	17.0719
303.887	21.7161
303.895	22.991
303.903	14.2694
303.911	14.6882
303.919	26.5639
303.926	39.0934
303.934	37.2768
303.942	27.2582
303.95	22.5888
303.958	19.6731
303.965	17.4272
303.973	19.6033
303.981	12.9926
303.989	16.8968
303.997	11.1154
304.004	11.2268
304.012	10.5988
304.02	9.51142
304.028	9.46305
304.036	9.06401
304.043	9.02552
304.051	20.6427
304.059	31.2609
304.067	26.7656
304.075	42.9685
304.082	25.617
304.09	9.01495
304.098	10.8285
304.106	26.3151
304.114	18.4288
304.121	14.5095
304.129	20.1817
304.137	18.2807
304.145	18.7354
304.153	8.6678
304.16	13.4324
304.168	4.08694
304.176	5.03204
304.184	5.20076
304.191	3.70654
304.199	5.00449
304.207	10.5878
304.215	15.5785
304.223	20.2513
304.23	10.1082
304.238	10.4511
304.246	11.9157
304.254	17.812
304.261	16.8438
304.269	8.47937
304.277	14.7109
304.285	30.482
304.292	29.584
304.3	7.34395
304.308	5.55729
304.316	16.4305
304.323	11.1038
304.331	6.14437
304.339	2.88418
304.347	5.60898
304.354	12.1258
304.362	26.7266
304.37	36.1359
304.378	13.5979
304.385	6.94979
304.393	13.724
304.401	10.682
304.409	12.0495
304.416	3.7873
304.424	5.62818
304.432	16.792
304.439	20.5133
304.447	25.6346
304.455	12.8681
304.463	14.878
304.47	10.5751
304.478	4.81688
304.486	12.0965
304.494	7.72839
304.501	21.93
304.509	12.5599
304.517	27.9767
304.524	17.3106
304.532	28.6732
304.54	9.0553
304.547	7.47658
304.555	9.07888
304.563	10.8227
304.571	14.9404
304.578	13.4482
304.586	9.00042
304.594	12.2288
304.601	3.65841
304.609	5.11109
304.617	6.09339
304.625	23.2769
304.632	22.4132
304.64	18.4351
304.648	19.3413
304.655	15.8406
304.663	15.5566
304.671	11.2192
304.678	5.07198
304.686	6.54967
304.694	23.4453
304.701	12.3148
304.709	5.01288
304.717	10.2646
304.724	18.8799
304.732	15.2748
304.74	21.5579
304.747	20.475
304.755	13.5343
304.763	22.7482
304.77	7.60703
304.778	2.90204
304.786	1.98515
304.793	6.81708
304.801	6.62763
304.809	9.84854
304.816	4.32135
304.824	12.1223
304.832	24.0995
304.839	21.8437
304.847	26.7494
304.855	31.9591
304.862	26.1365
304.87	24.0191
304.878	15.5007
304.885	4.159
304.893	3.72237
304.901	9.01587
304.908	14.6804
304.916	10.6403
304.924	20.4145
304.931	20.8091
304.939	15.6664
304.946	9.64258
304.954	19.3266
304.962	17.9087
304.969	5.87461
304.977	6.0487
304.985	14.5554
304.992	12.9447
305	23.0553
305.007	33.5802
305.015	44.6993
305.023	20.7412
305.03	18.5455
305.038	13.7349
305.046	18.9236
305.053	21.8869
305.061	22.3133
305.068	26.7867
305.076	10.5758
305.084	15.7354
305.091	16.0803
305.099	20.7106
305.106	35.0906
305.114	13.1976
305.122	11.7143
305.129	15.6091
305.137	15.299
305.145	25.2666
305.152	14.0481
305.16	5.73272
305.167	6.13016
305.175	3.65032
305.182	7.94578
305.19	12.7406
305.198	17.567
305.205	8.99516
305.213	4.19365
305.22	9.34314
305.228	6.27401
305.236	5.12818
305.243	3.67491
305.251	8.45818
305.258	14.9631
305.266	19.137
305.273	45.0801
305.281	38.3267
305.289	36.0099
305.296	10.3184
305.304	8.95387
305.311	5.37474
305.319	10.1327
305.326	5.37281
305.334	7.33845
305.342	7.55235
305.349	4.98186
305.357	18.8961
305.364	20.2747
305.372	4.28295
305.379	7.73857
305.387	8.1391
305.395	16.2604
305.402	22.9944
305.41	18.1178
305.417	15.6826
305.425	9.84283
305.432	17.8489
305.44	44.846
305.447	12.8216
305.455	7.54377
305.462	18.0346
305.47	11.3394
305.478	5.44547
305.485	11.5779
305.493	5.39042
305.5	15.8204
305.508	10.2303
305.515	3.56798
305.523	6.78701
305.53	7.8548
305.538	5.32276
305.545	6.89314
305.553	15.5574
305.56	11.2369
305.568	12.5834
305.575	7.34086
305.583	3.91244
305.59	2.78558
305.598	4.04162
305.605	3.18847
305.613	6.27112
305.62	3.74007
305.628	7.91478
305.636	5.20979
305.643	17.4104
305.651	12.7743
305.658	7.28379
305.666	7.67202
305.673	5.31972
305.681	9.92097
305.688	9.00551
305.696	11.4763
305.703	27.4975
305.711	15.1543
305.718	5.00108
305.726	8.85596
305.733	21.8438
305.74	27.4837
305.748	32.878
305.755	28.742
305.763	14.6537
305.77	2.17621
305.778	0.15314
305.785	4.56161
305.793	12.2886
305.8	13.5732
305.808	12.1368
305.815	0.85534
305.823	-0.402729
305.83	0.252244
305.838	4.42777
305.845	7.75305
305.853	22.3976
305.86	19.8619
305.868	10.105
305.875	7.08227
305.883	6.83131
305.89	7.11378
305.897	8.32145
305.905	3.8566
305.912	8.51713
305.92	3.04711
305.927	10.3221
305.935	20.1223
305.942	21.5435
305.95	8.61176
305.957	31.8523
305.964	25.8468
305.972	16.1487
305.979	14.9142
305.987	5.64249
305.994	9.83764
306.002	6.15393
306.009	4.46609
306.017	14.8769
306.024	3.79174
306.031	18.0955
306.039	28.7717
306.046	6.01792
306.054	2.0602
306.061	10.8742
306.069	21.2447
306.076	19.0231
306.083	17.515
306.091	19.8308
306.098	13.5067
306.106	14.0186
306.113	20.6866
306.121	4.82557
306.128	3.09508
306.135	8.78511
306.143	14.5405
306.15	23.7416
306.158	9.58097
306.165	16.484
306.172	8.37766
306.18	1.74301
306.187	5.15359
306.195	13.3021
306.202	32.2311
306.209	39.6518
306.217	23.2687
306.224	37.1496
306.232	17.7001
306.239	12.3458
306.246	19.0671
306.254	17.9615
306.261	5.27198
306.269	14.416
306.276	19.9624
306.283	35.1227
306.291	52.7926
306.299	49.7181
306.308	36.6773
306.316	33.7728
306.324	17.6732
306.332	40.9858
306.34	101.3
306.348	138.047
306.357	131.418
306.365	164.761
306.373	125.828
306.381	88.6719
306.389	75.3374
306.397	120.198
306.406	137.923
306.414	146.847
306.422	66.7074
306.43	30.433
306.438	26.3693
306.446	39.8115
306.455	27.0373
306.463	46.3534
306.471	57.078
306.479	117.113
306.487	163.182
306.495	101.227
306.503	101.136
306.512	77.8151
306.52	18.4962
306.528	11.7866
306.536	13.9295
306.544	18.115
306.552	15.5652
306.56	19.174
306.569	56.3692
306.577	104.426
306.585	127.161
306.593	106.58
306.601	53.7991
306.609	72.9306
306.617	72.9054
306.625	102.872
306.634	45.5244
306.642	30.2547
306.65	49.1789
306.658	48.6968
306.666	28.8472
306.674	30.7167
306.682	17.7939
306.69	18.2726
306.699	31.7721
306.707	78.3615
306.715	140.515
306.723	91.9735
306.731	54.6427
306.739	31.2001
306.747	55.0677
306.755	95.8325
306.763	112.329
306.771	164.874
306.78	168.031
306.788	119.265
306.796	74.1675
306.804	72.1475
306.812	76.3496
306.82	66.3292
306.828	48.8483
306.836	47.1332
306.844	87.8544
306.852	156.924
306.86	164.902
306.869	119.397
306.877	71.9706
306.885	58.8866
306.893	50.7319
306.901	55.7001
306.909	51.422
306.917	31.3615
306.925	25.4946
306.933	26.2964
306.941	41.721
306.949	85.0747
306.957	119.099
306.965	88.8414
306.974	123.74
306.982	48.038
306.99	47.5684
306.998	31.9824
307.006	59.0419
307.014	103.871
307.022	182.811
307.03	259.615
307.038	137.096
307.046	60.1597
307.054	48.0117
307.062	37.802
307.07	21.3472
307.078	38.1273
307.086	57.7822
307.094	36.0173
307.102	53.7729
307.11	43.2293
307.118	47.1298
307.127	37.996
307.135	26.0629
307.143	36.4896
307.151	36.3935
307.159	25.4387
307.167	26.4153
307.175	81.7167
307.183	91.2541
307.191	113.797
307.199	176.012
307.207	154.305
307.215	93.7637
307.223	38.3327
307.231	27.1615
307.239	23.4013
307.247	23.2735
307.255	24.1169
307.263	18.6293
307.271	17.2739
307.279	26.9106
307.287	54.4291
307.295	76.1997
307.303	26.1412
307.311	14.2039
307.319	19.5776
307.327	31.3707
307.335	29.0328
307.343	19.9543
307.351	37.0498
307.359	30.591
307.367	29.9904
307.375	21.3102
307.383	24.9081
307.391	26.3406
307.399	37.8534
307.407	48.7957
307.415	70.6989
307.423	104.399
307.431	73.0829
307.439	45.4154
307.447	43.5192
307.455	48.2958
307.463	40.5475
307.471	19.2277
307.479	25.1443
307.487	49.6762
307.495	93.2505
307.503	49.9591
307.511	32.2044
307.519	40.7795
307.527	63.067
307.535	62.2123
307.543	46.669
307.551	38.3106
307.559	43.1026
307.567	37.9259
307.575	40.2921
307.583	36.6498
307.591	38.2726
307.599	35.4
307.606	50.0364
307.614	34.1489
307.622	23.5327
307.63	26.0831
307.638	26.8614
307.646	38.4924
307.654	24.8948
307.662	19.6347
307.67	38.0061
307.678	74.986
307.686	155.145
307.694	101.297
307.702	64.4129
307.71	50.9378
307.718	30.3337
307.726	18.4046
307.734	24.4303
307.742	37.0026
307.75	27.2121
307.757	34.2871
307.765	61.5317
307.773	33.6807
307.781	47.5785
307.789	56.5288
307.797	45.6975
307.805	60.0281
307.813	78.5812
307.821	181.074
307.829	255.712
307.837	211.024
307.845	121.248
307.852	91.8375
307.86	48.3505
307.868	21.6129
307.876	25.3645
307.884	16.0571
307.892	18.5075
307.9	24.707
307.908	29.5618
307.916	40.4411
307.924	44.648
307.932	40.2618
307.939	41.8989
307.947	39.5484
307.955	50.9184
307.963	68.7424
307.971	140.104
307.979	272.581
307.987	239.999
307.995	151.927
308.003	121.004
308.011	57.0721
308.018	29.2127
308.026	19.4306
308.034	23.4831
308.042	18.1257
308.05	22.7735
308.058	20.0656
308.066	22.32
308.074	24.8232
308.081	21.7602
308.089	31.8093
308.097	33.4861
308.105	66.0044
308.113	67.4439
308.121	64.5504
308.129	139.126
308.137	239.461
308.144	313.936
308.152	344.682
308.16	212.573
308.168	94.3399
308.176	62.7183
308.184	39.7294
308.192	30.4913
308.199	44.6362
308.207	42.1052
308.215	27.0528
308.223	34.4363
308.231	39.3572
308.239	25.1839
308.246	25.0629
308.254	24.0586
308.262	14.8888
308.27	13.8277
308.278	18.9427
308.286	32.428
308.294	32.472
308.301	129.477
308.309	236.825
308.317	233.898
308.325	151.653
308.333	83.8304
308.341	39.1078
308.348	29.3529
308.356	45.6823
308.364	42.2467
308.372	25.8547
308.38	35.2712
308.387	63.8382
308.395	54.0187
308.403	29.2997
308.411	27.4376
308.419	12.3214
308.427	18.5005
308.434	35.9885
308.442	43.3111
308.45	33.1607
308.458	36.8127
308.466	48.7461
308.473	53.5466
308.481	50.8343
308.489	96.2524
308.497	181.404
308.505	294.436
308.512	272.195
308.52	120.542
308.528	48.1587
308.536	24.7316
308.544	21.674
308.551	29.8117
308.559	10.1116
308.567	21.5095
308.575	18.2017
308.582	13.7995
308.59	41.811
308.598	62.0578
308.606	63.5245
308.614	117.549
308.621	184.829
308.629	115.169
308.637	103.886
308.645	48.832
308.652	25.5899
308.66	22.2385
308.668	16.9481
308.676	8.67836
308.684	11.3828
308.691	19.0906
308.699	33.7518
308.707	110.749
308.715	180.044
308.722	247.427
308.73	214.708
308.738	114.202
308.746	51.5243
308.753	28.8196
308.761	26.6218
308.769	18.1138
308.777	13.6928
308.784	10.6546
308.792	18.2292
308.8	43.4093
308.808	33.4805
308.815	17.6658
308.823	25.0232
308.831	19.5831
308.839	12.3371
308.846	16.3164
308.854	20.1928
308.862	31.3985
308.87	26.8594
308.877	27.0919
308.885	66.4995
308.893	69.1483
308.9	22.0772
308.908	42.5833
308.916	49.3331
308.924	56.4226
308.931	49.7923
308.939	85.1931
308.947	179.883
308.954	355.624
308.962	492.192
308.97	445.398
308.978	293.781
308.985	177.798
308.993	87.0661
309.001	64.3405
309.008	124.655
309.016	290.544
309.024	387.792
309.032	273.47
309.039	156.494
309.047	70.1311
309.055	32.2487
309.062	26.2062
309.07	27.7755
309.078	38.58
309.085	77.9988
309.093	174.928
309.101	265.731
309.108	276.109
309.116	267.375
309.124	282.25
309.132	175.331
309.139	95.7268
309.147	28.6277
309.155	18.8712
309.162	28.7473
309.17	36.2471
309.178	51.6455
309.185	39.6724
309.193	42.3935
309.201	31.4156
309.208	59.0572
309.216	173.671
309.224	222.667
309.231	189.582
309.239	103.908
309.247	75.8684
309.254	160.4
309.262	272.374
309.27	208.902
309.277	116.889
309.285	62.1924
309.293	28.6039
309.3	19.3238
309.308	22.6102
309.316	37.6438
309.323	51.8395
309.331	74.9585
309.338	54.9394
309.346	74.3578
309.354	123.964
309.361	105.48
309.369	72.0568
309.377	39.125
309.384	11.4113
309.392	14.5117
309.4	27.173
309.407	34.3532
309.415	32.1461
309.422	23.844
309.43	50.034
309.438	112.533
309.445	228.319
309.453	155.685
309.461	120.348
309.468	73.5139
309.476	40.6197
309.483	22.1781
309.491	19.9094
309.499	30.1847
309.506	70.9357
309.514	144.856
309.522	187.289
309.529	109.395
309.537	56.9964
309.544	38.6099
309.552	18.8918
309.56	27.9178
309.567	41.9631
309.575	41.5752
309.582	97.0258
309.59	227.656
309.598	290.856
309.605	223.18
309.613	198.383
309.62	151.129
309.628	159.25
309.636	120.153
309.643	82.8515
309.651	94.505
309.658	124.815
309.666	185.23
309.673	149.397
309.681	103.357
309.689	47.6264
309.696	19.0837
309.704	35.115
309.711	30.0608
309.719	28.1692
309.726	35.0749
309.734	35.2276
309.742	51.8721
309.749	11.6797
309.757	35.1485
309.764	30.6306
309.772	26.9651
309.779	51.2728
309.787	46.6795
309.795	57.7004
309.802	52.8479
309.81	32.1439
309.817	34.6637
309.825	37.8723
309.832	100.456
309.84	148.294
309.847	142.702
309.855	86.4762
309.863	47.3301
309.87	66.2626
309.878	45.9485
309.885	12.6447
309.893	19.5456
309.9	35.5654
309.908	62.2934
309.915	99.6502
309.923	164.514
309.93	252.459
309.938	316.472
309.945	224.502
309.953	156.82
309.961	82.3879
309.968	95.8473
309.976	41.1337
309.983	21.6688
309.991	27.2712
309.998	36.9189
310.006	26.5048
310.013	25.3365
310.021	13.7395
310.028	16.0952
310.036	19.2439
310.043	44.1175
310.051	65.5906
310.058	35.5052
310.066	43.1825
310.073	47.2606
310.081	40.573
310.088	40.8669
310.096	74.8624
310.103	203.321
310.111	215.815
310.118	97.815
310.126	55.9311
310.133	49.0509
310.141	36.2565
310.148	31.5771
310.156	27.7218
310.163	42.5714
310.171	59.9564
310.178	54.5256
310.186	87.7653
310.193	137.98
310.201	168.91
310.208	223.168
310.216	210.884
310.223	272.332
310.231	233.417
310.234	140.145
310.242	81.0166
310.25	62.6796
310.259	75.6693
310.267	119.536
310.275	97.7748
310.283	72.8907
310.292	45.9664
310.3	54.1028
310.308	155.16
310.317	227.543
310.325	176.368
310.333	120.078
310.341	57.2344
310.35	49.9288
310.358	54.2296
310.366	62.6253
310.374	50.8267
310.383	57.1324
310.391	62.8972
310.399	77.4205
310.408	60.974
310.416	24.6394
310.424	45.024
310.432	57.6247
310.441	91.5085
310.449	61.315
310.457	66.5719
310.465	52.1144
310.474	46.0324
310.482	57.5675
310.49	54.2709
310.498	57.1866
310.507	52.2781
310.515	39.9777
310.523	52.4613
310.531	46.6819
310.54	90.3174
310.548	194.847
310.556	208.108
310.564	138.508
310.573	112.249
310.581	145.962
310.589	176.717
310.597	141.071
310.605	83.8686
310.614	58.3685
310.622	63.5404
310.63	127.474
310.638	158.094
310.647	156.064
310.655	98.6843
310.663	55.2431
310.671	57.0148
310.679	52.489
310.688	72.4848
310.696	96.3254
310.704	69.972
310.712	60.2571
310.721	81.8752
310.729	108.179
310.737	161.936
310.745	166.749
310.753	106.167
310.762	82.9692
310.77	107.364
310.778	110.177
310.786	59.2188
310.794	49.9954
310.803	64.8836
310.811	70.4074
310.819	74.1256
310.827	98.2718
310.835	84.8077
310.844	72.9462
310.852	51.0833
310.86	63.4002
310.868	57.054
310.876	35.2375
310.884	46.0254
310.893	76.2652
310.901	118.537
310.909	160.429
310.917	177.095
310.925	177.329
310.934	112.834
310.942	68.8619
310.95	59.0891
310.958	100.783
310.966	126.362
310.974	106.463
310.983	61.8948
310.991	64.4237
310.999	94.8571
311.007	137.555
311.015	151.917
311.023	129.567
311.032	115.202
311.04	70.7798
311.048	38.7475
311.056	72.7365
311.064	74.2037
311.072	68.3928
311.081	93.0723
311.089	108.073
311.097	111.778
311.105	71.4107
311.113	82.7824
311.121	119.381
311.129	85.8633
311.138	103.598
311.146	92.1144
311.154	88.1849
311.162	74.7825
311.17	75.381
311.178	103.067
311.186	163.875
311.194	304.018
311.203	285.001
311.211	172.677
311.219	124.797
311.227	123.371
311.235	116.243
311.243	81.7982
311.251	73.8312
311.259	72.385
311.268	81.1829
311.276	95.6896
311.284	95.4973
311.292	99.7883
311.3	88.9715
311.308	87.5543
311.316	133.74
311.324	221.081
311.332	105.4
311.341	69.4588
311.349	81.4955
311.357	77.0042
311.365	82.1669
311.373	95.3515
311.381	87.1899
311.389	93.5196
311.397	90.3681
311.405	77.6938
311.413	90.3809
311.422	132.925
311.43	104.004
311.438	89.2917
311.446	117.072
311.454	160.556
311.462	193.019
311.47	238.116
311.478	224.964
311.486	204.63
311.494	150.175
311.502	127.992
311.511	101.987
311.519	122.786
311.527	131.1
311.535	152.251
311.543	166.239
311.551	147.591
311.559	242.372
311.567	270.468
311.575	272.62
311.583	237.228
311.591	182.843
311.599	210.735
311.607	240.492
311.615	198.394
311.623	176.948
311.632	141.759
311.64	181.51
311.648	204.759
311.656	189.11
311.664	188.261
311.672	224.619
311.68	205.504
311.688	154.71
311.696	184.565
311.704	230.684
311.712	238.379
311.72	135.557
311.728	117.538
311.736	64.3735
311.744	67.4703
311.752	127.06
311.76	221.482
311.768	265.058
311.776	221.871
311.784	166.415
311.792	114.975
311.8	80.7976
311.808	74.0831
311.816	75.2191
311.824	71.3451
311.832	79.3558
311.84	36.5735
311.849	44.5295
311.857	72.2255
311.865	77.5684
311.873	69.8584
311.881	59.4828
311.889	78.8412
311.897	78.7942
311.905	74.4089
311.913	63.1811
311.921	58.5568
311.929	72.1951
311.937	84.1476
311.945	105.422
311.953	140.313
311.961	157.136
311.969	79.3604
311.977	54.8937
311.985	55.3649
311.993	50.0859
312.001	53.8178
312.009	51.3195
312.017	87.548
312.025	90.1854
312.033	48.9458
312.041	57.3748
312.048	106.007
312.056	91.453
312.064	53.9644
312.072	59.381
312.08	81.3045
312.088	86.6597
312.096	75.2201
312.104	51.7854
312.112	46.4218
312.12	43.0604
312.128	116.041
312.136	140.297
312.144	143.843
312.152	101.401
312.16	93.9021
312.168	74.3406
312.176	68.9751
312.184	59.6373
312.192	83.83
312.2	90.4116
312.208	88.1102
312.216	130.501
312.224	144.048
312.232	253.184
312.24	294.599
312.248	185.979
312.256	155.286
312.264	122.695
312.271	130.766
312.279	81.8757
312.287	58.1984
312.295	80.9191
312.303	120.058
312.311	131.542
312.319	97.371
312.327	73.4207
312.335	50.9368
312.343	44.6854
312.351	49.1632
312.359	48.7598
312.367	122.432
312.375	146.304
312.383	206.901
312.39	268.181
312.398	244.631
312.406	148.72
312.414	65.2166
312.422	73.5654
312.43	72.6722
312.438	119.83
312.446	77.2621
312.454	82.664
312.462	135.118
312.47	222.423
312.477	288.536
312.485	231.779
312.493	127.008
312.501	112.42
312.509	168.661
312.517	150.728
312.525	159.534
312.533	110.551
312.541	116.854
312.549	156.367
312.556	180.919
312.564	119.09
312.572	54.7455
312.58	22.5912
312.588	68.7923
312.596	135.078
312.604	115.822
312.612	92.2604
312.62	152.304
312.627	242.286
312.635	183.886
312.643	197.916
312.651	142.082
312.659	96.3697
312.667	121.947
312.675	205.555
312.683	256.181
312.69	207.875
312.698	170.413
312.706	197.495
312.714	198.212
312.722	163.682
312.73	122.92
312.738	178.633
312.745	274.84
312.753	337.679
312.761	308.742
312.769	171.02
312.777	103.178
312.785	97.181
312.793	173.041
312.8	248.752
312.808	384.416
312.816	494.714
312.824	369.036
312.832	179.364
312.84	103.484
312.847	72.5702
312.855	114.286
312.863	211.018
312.871	247.698
312.879	347.308
312.887	343.21
312.894	158.692
312.902	76.654
312.91	64.7346
312.918	88.0175
312.926	199.803
312.934	368.9
312.941	355.808
312.949	247.612
312.957	171.891
312.965	139.077
312.973	178.745
312.98	244.938
312.988	389.759
312.996	498.922
313.004	372.504
313.012	225.283
313.02	171.842
313.027	178.308
313.035	245.008
313.043	284.016
313.051	317.872
313.059	341.177
313.066	262.266
313.074	146.5
313.082	243.225
313.09	270.535
313.097	197.273
313.105	126.639
313.113	241.354
313.121	328.222
313.129	272.298
313.136	179.313
313.144	142.437
313.152	133.351
313.16	175.937
313.168	283.496
313.175	273.182
313.183	232.957
313.191	189.77
313.199	210.733
313.206	224.23
313.214	270.686
313.222	225.019
313.23	172.252
313.238	169.457
313.245	184.426
313.253	212.806
313.261	202.227
313.269	168.794
313.276	158.674
313.284	166.087
313.292	221.23
313.3	186.393
313.307	202.329
313.315	200.141
313.323	160.987
313.331	137.75
313.338	191.931
313.346	205.853
313.354	186.808
313.362	260.332
313.369	287.417
313.377	296.779
313.385	327.721
313.393	360.784
313.4	409.999
313.408	288.523
313.416	326.766
313.423	456.328
313.431	554.575
313.439	460.484
313.447	506.026
313.454	631.856
313.462	656.468
313.47	681.041
313.478	743.62
313.485	954.008
313.493	1261.25
313.501	1378.35
313.508	1335.13
313.516	1153.53
313.524	1158.47
313.532	1175.97
313.539	1077.54
313.547	1099.13
313.555	869.792
313.562	772.386
313.57	870.932
313.578	529.154
313.586	300.629
313.593	172.544
313.601	114.323
313.609	67.3561
313.616	72.2776
313.624	105.206
313.632	77.3259
313.639	86.883
313.647	67.5947
313.655	60.1352
313.662	109.698
313.67	149.236
313.678	145.079
313.685	151.737
313.693	119.82
313.701	99.3746
313.709	67.3619
313.716	60.9654
313.724	73.5854
313.732	68.3888
313.739	93.6024
313.747	58.2716
313.755	47.5835
313.762	83.3185
313.77	74.8439
313.778	61.6529
313.785	58.5516
313.793	72.404
313.801	108.523
313.808	141.943
313.816	130.744
313.824	91.0629
313.831	103.342
313.839	124.712
313.847	95.2926
313.854	114.248
313.862	121.353
313.869	80.2617
313.877	86.5624
313.885	113.067
313.892	140.133
313.9	130.697
313.908	127.335
313.915	132.622
313.923	106.803
313.931	114.782
313.938	99.8921
313.946	112.325
313.953	107.585
313.961	117.087
313.969	122.88
313.976	98.486
313.984	61.5258
313.992	60.5919
313.999	66.8082
314.007	53.1086
314.014	53.5603
314.022	114.873
314.03	141.598
314.037	136.922
314.045	134.674
314.053	165.006
314.06	158.26
314.068	135.862
314.075	124.147
314.083	111.878
314.091	72.8164
314.098	49.0012
314.106	55.1789
314.113	74.8892
314.121	119.777
314.129	132.382
314.136	125.081
314.144	115.971
314.151	98.7772
314.159	68.0386
314.167	97.3418
314.174	149.317
314.182	164.109
314.189	114.162
314.197	91.211
314.205	37.4602
314.212	66.8629
314.22	115.075
314.227	176.457
314.235	181.99
314.242	104.743
314.25	99.4613
314.258	189.951
314.265	242.695
314.273	183.582
314.28	180.342
314.288	211.608
314.297	187.2
314.305	152.614
314.314	114.57
314.322	112.398
314.33	153.655
314.339	155.202
314.347	137.368
314.356	173.94
314.364	221.673
314.372	235.747
314.381	199.748
314.389	238.784
314.397	261.598
314.406	197.198
314.414	134.843
314.423	171.248
314.431	237.425
314.439	221.515
314.448	168.091
314.456	218.311
314.465	167.511
314.473	106.335
314.481	116.657
314.49	205.407
314.498	253.157
314.506	236.892
314.515	271.246
314.523	286.278
314.531	231.608
314.54	208.963
314.548	262.603
314.557	285.951
314.565	183.37
314.573	129.181
314.582	243.146
314.59	353.514
314.598	306.088
314.607	250.42
314.615	238.389
314.623	274.455
314.632	219.517
314.64	221.983
314.648	264.361
314.657	161.348
314.665	200.667
314.674	277.597
314.682	372.808
314.69	464.246
314.699	395.494
314.707	271.584
314.715	212.811
314.724	226.988
314.732	327.528
314.74	379.867
314.749	286.497
314.757	205.084
314.765	306.264
314.773	498.732
314.782	497.31
314.79	358.129
314.798	156.423
314.807	144.669
314.815	204.688
314.823	358.744
314.832	321.242
314.84	266.999
314.848	487.503
314.857	724.581
314.865	578.793
314.873	316.088
314.882	180.684
314.89	247.551
314.898	394.105
314.907	326.406
314.915	314.256
314.923	350.327
314.931	514.768
314.94	608.939
314.948	509.647
314.956	248.382
314.965	264.216
314.973	417.362
314.981	546.696
314.989	514.774
314.998	506.633
315.006	486.434
315.014	603.682
315.023	529.707
315.031	405.902
315.039	272.001
315.047	411.857
315.056	603.5
315.064	730.267
315.072	641.449
315.081	687.26
315.089	639.172
315.097	583.729
315.105	497.191
315.114	452.788
315.122	518.387
315.13	740.915
315.138	728.833
315.147	573.891
315.155	409.841
315.163	442.361
315.172	514.56
315.18	612.042
315.188	794.364
315.196	990.475
315.205	959.06
315.213	607.539
315.221	419.763
315.229	450.854
315.238	570.324
315.246	736.534
315.254	847.867
315.262	1139.97
315.271	875.871
315.279	426.324
315.287	265.165
315.295	381.084
315.303	732.164
315.312	1224.23
315.32	1258.88
315.328	890.923
315.336	446.32
315.345	261.221
315.353	344.473
315.361	596.781
315.369	1128.81
315.377	1276.52
315.386	965.186
315.394	541.222
315.402	360.729
315.41	443.712
315.419	600.96
315.427	756.156
315.435	1048.27
315.443	913.535
315.451	580.024
315.46	645.494
315.468	659.587
315.476	612.088
315.484	651.066
315.493	965.24
315.501	836.877
315.509	669.762
315.517	574.262
315.525	469.792
315.533	505.771
315.542	767.436
315.55	746.721
315.558	506.56
315.566	445.585
315.574	513.508
315.583	680.127
315.591	683.401
315.599	470.321
315.607	425.171
315.615	560.213
315.624	622.765
315.632	568.66
315.64	450.852
315.648	486.143
315.656	554.17
315.664	664.648
315.673	743.434
315.681	742.039
315.689	911.409
315.697	983.239
315.705	1083.82
315.713	1068.58
315.722	987.829
315.73	1019.25
315.738	1131.12
315.746	1166.86
315.754	1237.15
315.762	1332.16
315.771	1578.65
315.779	1805.75
315.787	2108.07
315.795	2470.73
315.803	2726.63
315.811	3273.46
315.819	3893.1
315.828	4914.23
315.836	5602.18
315.844	5402.01
315.852	4545.14
315.86	4261.51
315.868	4782.99
315.876	4048.9
315.885	3016.02
315.893	2925.44
315.901	2490.46
315.909	1468.27
315.917	576.659
315.925	284.322
315.933	155.557
315.942	110.869
315.95	106.85
315.958	86.7268
315.966	120.029
315.974	125.18
315.982	120.668
315.99	88.0654
315.998	90.2262
316.006	86.602
316.015	80.0372
316.023	102.918
316.031	93.2814
316.039	86.089
316.047	87.3249
316.055	103.82
316.063	122.746
316.071	82.5597
316.079	86.8166
316.088	85.7691
316.096	75.728
316.104	67.6314
316.112	81.6139
316.12	60.3963
316.128	39.1795
316.136	42.1657
316.144	51.3481
316.152	102.524
316.16	109.26
316.168	79.003
316.177	118.165
316.185	94.7014
316.193	67.8293
316.201	39.718
316.209	27.67
316.217	35.4558
316.225	52.7187
316.233	27.6784
316.241	31.1859
316.249	45.9776
316.257	47.1658
316.265	34.4654
316.273	27.3552
316.281	20.9742
316.29	28.0573
316.298	48.0415
316.306	59.6571
316.314	67.632
316.322	62.9139
316.33	40.3527
316.338	22.7212
316.346	22.0838
316.354	25.5184
316.362	38.6428
316.37	47.0281
316.378	46.627
316.386	60.222
316.394	45.2628
316.402	36.7914
316.41	36.2678
316.418	20.5301
316.426	60.1137
316.434	47.9579
316.443	41.7928
316.451	25.1922
316.459	44.0603
316.467	51.1901
316.475	66.5937
316.483	58.983
316.491	64.7446
316.499	64.5519
316.507	46.4135
316.515	27.7161
316.523	47.0633
316.531	41.2915
316.539	21.3131
316.547	33.1312
316.555	28.0847
316.563	43.8583
316.571	35.235
316.579	45.6106
316.587	32.0033
316.595	36.6503
316.603	61.4572
316.611	89.6121
316.619	114.765
316.627	71.5986
316.635	75.4587
316.643	46.2689
316.651	46.5854
316.659	40.1112
316.667	31.2174
316.675	31.9806
316.683	47.5684
316.691	49.8837
316.699	75.4139
316.707	54.8707
316.715	37.3214
316.723	72.8156
316.731	46.2406
316.739	39.7548
316.747	39.338
316.755	44.7249
316.763	19.1607
316.771	17.1713
316.779	14.6905
316.787	33.5457
316.795	39.1939
316.803	30.1646
316.811	21.8478
316.819	40.5928
316.827	31.3498
316.835	39.7535
316.842	42.1192
316.85	53.7956
316.858	61.6272
316.866	43.1214
316.874	52.4017
316.882	60.5167
316.89	34.9949
316.898	45.6266
316.906	46.6469
316.914	42.2843
316.922	30.5301
316.93	47.0485
316.938	45.3825
316.946	123.384
316.954	171.78
316.962	88.63
316.97	68.2808
316.978	66.0907
316.986	56.1353
316.994	30.8703
317.001	36.2921
317.009	28
317.017	30.4466
317.025	16.243
317.033	25.7072
317.041	32.7532
317.049	33.9087
317.057	30.6661
317.065	30.0488
317.073	28.3352
317.081	18.5542
317.089	19.1327
317.097	34.1118
317.104	50.7656
317.112	42.1673
317.12	41.6877
317.128	34.6608
317.136	50.7033
317.144	46.0803
317.152	24.2551
317.16	20.4319
317.168	32.2032
317.176	24.8054
317.184	58.04
317.191	40.1647
317.199	18.885
317.207	17.0899
317.215	27.9149
317.223	16.7365
317.231	25.6132
317.239	32.8119
317.247	51.4047
317.255	53.8791
317.262	43.8866
317.27	76.4512
317.278	60.5381
317.286	61.8553
317.294	69.8784
317.302	75.6613
317.31	72.6026
317.318	50.3392
317.326	48.8292
317.333	42.8227
317.341	42.7562
317.349	44.7036
317.357	61.433
317.365	48.4358
317.373	42.5493
317.381	61.9975
317.388	38.7511
317.396	41.7996
317.404	56.8508
317.412	48.0506
317.42	69.5958
317.428	120.985
317.436	114.236
317.443	73.1095
317.451	64.5411
317.459	62.6501
317.467	80.8832
317.475	78.594
317.483	74.0661
317.491	78.7367
317.498	62.1332
317.506	103.036
317.514	117.129
317.522	57.3126
317.53	45.3131
317.538	49.255
317.545	39.6495
317.553	26.9685
317.561	49.0605
317.569	47.6309
317.577	50.1675
317.585	58.6626
317.592	69.2073
317.6	94.6255
317.608	107.538
317.616	93.2831
317.624	62.1491
317.632	87.7314
317.639	75.9042
317.647	64.0742
317.655	46.0529
317.663	49.1127
317.671	48.7005
317.678	50.404
317.686	46.1204
317.694	48.749
317.702	60.841
317.71	34.4535
317.717	25.2532
317.725	52.6714
317.733	53.0793
317.741	74.7058
317.749	74.7206
317.756	65.1991
317.764	44.9811
317.772	34.9011
317.78	25.9326
317.788	70.7721
317.795	28.8086
317.803	53.3567
317.811	18.3966
317.819	9.03017
317.826	10.8782
317.834	25.012
317.842	22.3845
317.85	10.7524
317.858	8.51616
317.865	27.6844
317.873	24.7708
317.881	44.5143
317.889	30.753
317.896	26.1937
317.904	19.1206
317.912	4.50645
317.92	5.30188
317.928	5.44121
317.935	8.57338
317.943	22.5853
317.951	32.0675
317.959	18.949
317.966	24.1831
317.974	31.0404
317.982	42.0868
317.99	13.3129
317.997	15.1262
318.005	33.1411
318.013	34.3637
318.021	43.5578
318.028	67.2652
318.036	54.8034
318.044	30.2179
318.052	36.5437
318.059	22.1196
318.067	14.767
318.075	13.0091
318.082	18.2956
318.09	32.823
318.098	30.3986
318.106	19.2194
318.113	14.6282
318.121	22.43
318.129	17.643
318.137	36.1922
318.144	49.3271
318.152	59.3745
318.16	44.998
318.167	33.934
318.175	15.2606
318.183	16.4328
318.191	7.50647
318.198	9.96189
318.206	38.7269
318.214	24.7107
318.221	20.2499
318.229	16.0158
318.237	15.6088
318.244	20.6536
318.252	47.7616
318.26	47.9808
318.268	46.4433
318.275	76.5681
318.283	103.047
318.291	71.6458
318.298	39.7343
318.306	31.7397
318.314	28.4053
318.321	36.9815
318.329	81.0741
318.337	55.6737
318.344	54.1331
318.352	48.7069
318.36	54.7809
318.368	63.5034
318.375	58.4541
318.383	23.4586
318.391	23.3444
318.398	30.155
318.406	47.0449
318.414	39.4557
318.421	26.1992
318.429	30.1097
318.437	23.7073
318.444	27.0626
318.451	49.8993
318.46	65.2108
318.468	78.1876
318.477	37.632
318.485	46.759
318.494	38.6045
318.502	33.7684
318.511	32.4205
318.519	57.6274
318.528	68.6566
318.536	61.3829
318.545	41.2213
318.553	51.9363
318.562	52.6815
318.57	62.3727
318.579	53.1153
318.587	81.3323
318.596	91.8491
318.604	65.9993
318.613	63.4386
318.621	70.5757
318.63	63.9467
318.638	51.9821
318.647	36.9307
318.655	81.3837
318.664	65.8966
318.672	54.7042
318.681	68.1494
318.689	57.7455
318.698	44.4769
318.706	34.2273
318.715	59.996
318.723	52.8733
318.731	49.8939
318.74	44.2305
318.748	45.5222
318.757	40.4625
318.765	39.0334
318.774	46.0546
318.782	51.7803
318.791	54.1984
318.799	59.5685
318.808	77.7821
318.816	39.9239
318.825	33.8952
318.833	46.9188
318.842	55.8933
318.85	78.5897
318.858	77.694
318.867	64.0874
318.875	75.1748
318.884	60.1789
318.892	50.6651
318.901	61.234
318.909	52.1921
318.918	64.794
318.926	63.3318
318.934	63.9368
318.943	83.8261
318.951	80.878
318.96	72.1258
318.968	66.3543
318.977	50.4237
318.985	52.642
318.994	58.0001
319.002	56.2607
319.01	77.057
319.019	56.286
319.027	46.5895
319.036	53.8941
319.044	73.8718
319.053	61.6213
319.061	77.3322
319.069	70.6034
319.078	48.8738
319.086	72.2611
319.095	113.657
319.103	90.1405
319.111	58.5047
319.12	72.9861
319.128	64.0786
319.137	46.926
319.145	64.6883
319.154	80.9619
319.162	100.01
319.17	84.2886
319.179	67.9253
319.187	67.2364
319.196	68.7058
319.204	87.3585
319.212	63.8948
319.221	71.045
319.229	95.1843
319.237	59.6638
319.246	58.9443
319.254	59.8375
319.263	78.4144
319.271	85.9948
319.279	93.236
319.288	66.6331
319.296	60.1255
319.305	60.2208
319.313	74.9699
319.321	85.0262
319.33	110.469
319.338	76.8464
319.346	61.3236
319.355	48.5929
319.363	54.3833
319.372	70.9667
319.38	69.8021
319.388	54.9864
319.397	47.963
319.405	65.8156
319.413	79.1557
319.422	78.9955
319.43	63.7748
319.438	60.3508
319.447	65.2612
319.455	57.2274
319.464	92.9344
319.472	96.474
319.48	72.8519
319.489	82.5116
319.497	119.345
319.505	53.1055
319.514	38.6934
319.522	53.1437
319.53	48.6404
319.539	62.622
319.547	74.6777
319.555	61.3564
319.564	68.9843
319.572	55.8958
319.58	55.4406
319.589	55.3754
319.597	40.8433
319.605	36.2295
319.614	67.3316
319.622	70.2648
319.63	61.3919
319.639	84.6938
319.647	71.9672
319.655	43.8449
319.664	39.271
319.672	58.5808
319.68	60.7998
319.689	65.0507
319.697	69.618
319.705	66.7904
319.713	56.7803
319.722	32.5156
319.73	43.1592
319.738	64.4714
319.747	54.3533
319.755	63.1889
319.763	49.8475
319.772	35.0469
319.78	52.7167
319.788	51.6814
319.797	66.4881
319.805	69.6675
319.813	58.4557
319.821	54.5543
319.83	54.5946
319.838	56.4793
319.846	43.0125
319.855	36.5156
319.863	60.7078
319.871	111.415
319.879	61.5228
319.888	59.3606
319.896	64.4316
319.904	93.2647
319.913	83.2558
319.921	92.3936
319.929	126.567
319.937	107.853
319.946	96.7882
319.954	95.5381
319.962	118.359
319.97	158.362
319.979	130.496
319.987	125.923
319.995	153.649
320.003	179.272
320.012	179.129
320.02	216.992
320.028	232.288
320.036	233.429
320.045	244.857
320.053	230.196
320.061	220.798
320.069	239.023
320.078	227.175
320.086	167.359
320.094	149.678
320.102	167.353
320.111	126.786
320.119	90.4714
320.127	85.5585
320.135	70.4637
320.144	47.0872
320.152	84.5469
320.16	38.3822
320.168	30.0571
320.177	32.9013
320.185	43.4586
320.193	35.1924
320.201	67.5359
320.209	74.2061
320.218	27.4344
320.226	31.0623
320.234	50.7996
320.242	38.4818
320.251	31.3424
320.259	16.7757
320.267	27.6221
320.275	29.8759
320.283	20.3588
320.292	23.5937
320.3	40.2895
320.308	28.1877
320.316	20.6579
320.324	25.965
320.333	16.9184
320.341	14.313
320.349	14.8395
320.357	18.8998
320.365	25.0179
320.374	22.9373
320.382	31.4714
320.39	26.572
320.398	31.9382
320.406	24.7851
320.415	27.0037
320.423	10.8157
320.431	8.24146
320.439	8.56026
320.447	15.202
320.456	18.233
320.464	10.6169
320.472	7.15183
320.48	16.7057
320.488	17.4878
320.496	20.9617
320.505	46.4216
320.513	37.8031
320.521	15.3506
320.529	13.7785
320.537	18.24
320.545	14.5219
320.554	8.18111
320.562	7.56394
320.57	6.22991
320.578	12.2119
320.586	7.5757
320.594	10.1022
320.603	20.4426
320.611	21.8254
320.619	31.4467
320.627	19.8242
320.635	12.8575
320.643	9.87378
320.651	20.7345
320.66	22.4445
320.668	19.0872
320.676	49.715
320.684	36.5
320.692	12.7998
320.7	15.9516
320.708	14.0088
320.717	18.6878
320.725	8.69611
320.733	8.96475
320.741	26.047
320.749	35.38
320.757	38.7411
320.765	12.1708
320.773	11.0991
320.782	14.5418
320.79	11.9229
320.798	14.5377
320.806	11.4626
320.814	5.85947
320.822	14.4491
320.83	32.2722
320.838	20.746
320.846	18.5875
320.855	16.6319
320.863	10.8319
320.871	21.4569
320.879	15.6415
320.887	12.0902
320.895	17.6533
320.903	26.769
320.911	36.728
320.919	57.8337
320.928	28.2097
320.936	11.3748
320.944	18.639
320.952	25.7393
320.96	20.5522
320.968	19.1716
320.976	24.6169
320.984	41.2942
320.992	23.3658
321	13.417
321.008	18.2014
321.016	17.3778
321.025	24.546
321.033	41.1606
321.041	45.0384
321.049	37.4156
321.057	18.2847
321.065	17.4962
321.073	11.8512
321.081	12.1619
321.089	14.5882
321.097	6.3839
321.105	5.2111
321.113	13.9687
321.121	7.78064
321.129	8.94804
321.137	19.9566
321.146	10.7611
321.154	25.4794
321.162	7.62795
321.17	8.47844
321.178	27.8643
321.186	18.8541
321.194	20.9096
321.202	10.7607
321.21	8.0667
321.218	8.13279
321.226	15.9098
321.234	17.6531
321.242	20.1355
321.25	18.4953
321.258	17.1124
321.266	24.2786
321.274	21.5086
321.282	23.4683
321.29	15.5355
321.298	12.0915
321.306	33.0688
321.314	18.6849
321.322	20.8723
321.33	29.7191
321.338	44.6831
321.346	40.5432
321.354	45.2728
321.362	27.2443
321.371	33.2259
321.379	24.7079
321.387	25.8314
321.395	9.35871
321.403	8.97405
321.411	13.9498
321.419	27.1627
321.427	12.8882
321.435	5.40352
321.443	16.992
321.451	37.0691
321.459	12.1174
321.467	6.02024
321.475	6.13266
321.483	7.89505
321.491	17.2122
321.499	32.3773
321.507	53.5071
321.515	28.3337
321.522	28.5755
321.53	38.8585
321.538	19.7735
321.546	22.8733
321.554	14.3404
321.562	14.3045
321.57	7.34008
321.578	5.21868
321.586	5.3411
321.594	6.38274
321.602	27.8696
321.61	29.2526
321.618	4.90119
321.626	7.9806
321.634	11.9465
321.642	10.1416
321.65	9.69302
321.658	6.68784
321.666	14.1746
321.674	26.2731
321.682	16.0571
321.69	17.2993
321.698	22.475
321.706	23.1554
321.714	26.0017
321.722	11.0893
321.73	9.3653
321.738	19.2742
321.746	36.0406
321.753	46.2893
321.761	18.8365
321.769	17.3302
321.777	19.54
321.785	16.5058
321.793	26.3528
321.801	19.7667
321.809	13.4077
321.817	13.4714
321.825	11.8136
321.833	8.07261
321.841	18.8179
321.849	37.0918
321.857	16.8412
321.865	11.4592
321.872	9.20273
321.88	8.56026
321.888	13.9328
321.896	19.5255
321.904	25.4729
321.912	17.2803
321.92	36.1725
321.928	16.4785
321.936	11.378
321.944	6.67865
321.952	13.1298
321.959	22.8163
321.967	39.7053
321.975	35.0889
321.983	21.5395
321.991	13.1394
321.999	8.77425
322.007	10.3515
322.015	29.3909
322.023	45.0867
322.031	26.2166
322.038	22.4153
322.046	22.2137
322.054	28.2153
322.062	13.342
322.07	26.392
322.078	23.2623
322.086	11.8491
322.094	28.0796
322.101	41.3837
322.109	34.5985
322.117	23.239
322.125	28.2349
322.133	21.6288
322.141	31.8375
322.149	23.5574
322.157	20.5145
322.164	7.72925
322.172	10.247
322.18	13.5115
322.188	37.06
322.196	27.0481
322.204	13.787
322.212	21.9697
322.219	11.9519
322.227	25.5139
322.235	6.84414
322.243	4.98013
322.251	12.3436
322.259	28.8991
322.267	37.1807
322.274	35.3696
322.282	32.4117
322.29	38.2401
322.298	16.1703
322.306	18.4568
322.314	30.5603
322.321	8.01108
322.329	7.67541
322.337	11.8151
322.345	14.184
322.353	6.88368
322.361	20.2234
322.368	22.825
322.376	12.0927
322.384	9.4393
322.392	17.8471
322.4	21.8937
322.408	20.0336
322.415	17.0995
322.423	25.0912
322.431	14.5834
322.439	19.9555
322.447	29.8318
322.454	36.2536
322.462	20.419
322.47	39.7581
322.478	29.9338
322.486	30.0557
322.493	30.072
322.501	37.2775
322.509	47.3151
322.517	28.2688
322.525	49.6158
322.532	24.5581
322.54	10.2628
322.548	8.62114
322.556	20.0481
322.564	25.2232
322.571	33.1359
322.579	22.2283
322.587	21.8464
322.595	15.5423
322.603	6.7148
322.61	14.3717
322.618	20.697
322.626	23.5488
322.634	39.8901
322.641	39.0881
322.649	16.1448
322.657	15.1663
322.665	29.0625
322.673	20.3186
322.68	9.70875
322.688	7.10485
322.696	13.9162
322.704	13.7492
322.711	17.6054
322.719	10.719
322.726	41.3315
322.735	49.5143
322.743	44.835
322.752	61.4544
322.761	57.2443
322.769	28.5754
322.778	34.7983
322.787	37.7309
322.795	25.5598
322.804	31.8609
322.813	18.9446
322.821	18.6149
322.83	29.4044
322.838	36.1771
322.847	24.1426
322.856	23.0906
322.864	33.2216
322.873	22.4164
322.882	22.2409
322.89	27.5801
322.899	21.6387
322.907	31.558
322.916	38.2118
322.925	47.9966
322.933	41.4942
322.942	37.3408
322.95	33.3333
322.959	56.5893
322.968	52.0264
322.976	30.6768
322.985	22.2338
322.993	21.5424
323.002	26.585
323.011	30.5353
323.019	45.7733
323.028	38.4569
323.036	32.9552
323.045	28.1572
323.054	33.2428
323.062	44.5319
323.071	42.5089
323.079	39.7726
323.088	32.3569
323.096	50.904
323.105	55.4223
323.114	52.9668
323.122	35.9295
323.131	32.5609
323.139	50.2977
323.148	66.5112
323.156	36.7765
323.165	33.1587
323.174	33.632
323.182	39.4399
323.191	42.9367
323.199	41.8198
323.208	40.5386
323.216	34.0677
323.225	36.6472
323.234	50.0439
323.242	32.0865
323.251	32.0073
323.259	45.711
323.268	61.2098
323.276	66.867
323.285	43.1078
323.293	44.2623
323.302	47.8236
323.311	58.4862
323.319	46.7568
323.328	44.1442
323.336	52.736
323.345	68.3212
323.353	58.2943
323.362	40.5508
323.37	66.1225
323.379	66.6199
323.387	46.5454
323.396	50.2617
323.404	48.15
323.413	59.6722
323.422	47.9498
323.43	40.6862
323.439	49.3464
323.447	35.6398
323.456	34.4413
323.464	33.5689
323.473	48.3504
323.481	59.6172
323.49	51.7987
323.498	49.9429
323.507	46.3959
323.515	61.67
323.524	56.5993
323.532	57.704
323.541	77.182
323.549	68.0519
323.558	51.4197
323.566	65.9821
323.575	47.3904
323.583	29.3014
323.592	35.189
323.6	34.1922
323.609	35.2762
323.617	42.3513
323.626	42.0423
323.634	30.5262
323.643	26.7666
323.651	27.5071
323.66	29.3536
323.668	48.5911
323.677	52.0839
323.685	28.707
323.694	28.4605
323.702	33.7727
323.711	38.4005
323.719	25.783
323.728	26.6305
323.736	21.2625
323.744	17.4024
323.753	22.6642
323.761	28.9987
323.77	43.2458
323.778	44.5406
323.787	28.1481
323.795	19.5832
323.804	32.2018
323.812	45.0865
323.821	21.9108
323.829	21.1322
323.838	44.4785
323.846	48.7145
323.854	23.5447
323.863	32.2216
323.871	26.1938
323.88	30.0984
323.888	16.3353
323.897	16.0385
323.905	22.7058
323.914	50.0374
323.922	32.1529
323.931	27.7281
323.939	30.4851
323.947	16.7894
323.956	31.3591
323.964	29.2087
323.973	42.5282
323.981	27.4948
323.99	37.0412
323.998	29.8794
324.006	31.7222
324.015	22.8576
324.023	19.9768
324.032	35.4866
324.04	21.8774
324.049	21.8798
324.057	34.358
324.065	30.3172
324.074	48.7359
324.082	36.652
324.091	51.201
324.099	39.6035
324.107	24.164
324.116	20.0602
324.124	40.0101
324.133	27.4103
324.141	33.9927
324.149	27.9839
324.158	35.296
324.166	39.2863
324.175	24.9507
324.183	28.2798
324.191	29.9646
324.2	42.2882
324.208	22.9625
324.217	31.2586
324.225	24.557
324.233	32.8237
324.242	38.48
324.25	29.3602
324.259	22.2734
324.267	22.6075
324.275	20.9507
324.284	34.0941
324.292	41.8608
324.3	28.0356
324.309	34.3396
324.317	25.0098
324.326	27.9277
324.334	39.9266
324.342	23.2869
324.351	48.1752
324.359	37.6666
324.367	43.1288
324.376	38.1544
324.384	40.7835
324.393	49.5656
324.401	45.7384
324.409	46.1186
324.418	82.9094
324.426	75.247
324.434	42.389
324.443	45.1472
324.451	50.1096
324.459	50.8363
324.468	31.5029
324.476	21.4218
324.484	26.5569
324.493	24.3739
324.501	30.3713
324.509	30.2758
324.518	27.5965
324.526	22.4385
324.534	21.6956
324.543	33.6331
324.551	39.2454
324.559	43.3791
324.568	35.5064
324.576	29.1264
324.584	21.9719
324.593	23.1962
324.601	27.146
324.609	20.9541
324.618	25.0475
324.626	44.4009
324.634	56.9789
324.643	50.6743
324.651	31.8676
324.659	25.6217
324.668	22.5798
324.676	14.992
324.684	30.0468
324.693	25.2868
324.701	28.4496
324.709	37.3655
324.717	41.427
324.726	35.9823
324.734	38.9662
324.742	33.9079
324.751	30.8654
324.759	22.2467
324.767	11.9249
324.776	15.8173
324.784	29.712
324.792	14.3455
324.8	21.0638
324.809	15.5805
324.817	9.40208
324.825	10.3741
324.834	7.72936
324.842	6.63199
324.85	5.58887
324.858	5.86824
324.867	19.0373
324.875	20.4116
324.883	15.8353
324.891	8.30015
324.9	13.6928
324.908	11.5575
324.916	7.43772
324.925	11.6058
324.933	22.3945
324.941	22.9553
324.949	6.33042
324.958	3.62794
324.966	3.9473
324.974	11.8213
324.982	23.011
324.991	12.0571
324.999	13.2682
325.007	20.847
325.015	23.7516
325.024	23.2207
325.032	20.0405
325.04	21.4198
325.048	19.8651
325.057	15.476
325.065	17.7646
325.073	11.9688
325.081	16.744
325.09	9.7186
325.098	24.3268
325.106	29.5994
325.114	34.1164
325.122	35.5155
325.131	17.8098
325.139	29.7057
325.147	16.7222
325.155	14.0459
325.164	12.6087
325.172	26.7806
325.18	6.44544
325.188	7.45704
325.197	6.96411
325.205	12.3652
325.213	11.5932
325.221	6.87001
325.229	15.4758
325.238	17.1418
325.246	19.7791
325.254	22.1767
325.262	9.56761
325.27	6.7166
325.279	4.96454
325.287	15.2863
325.295	47.111
325.303	33.4293
325.311	17.3784
325.32	16.0194
325.328	15.4873
325.336	23.5863
325.344	15.8526
325.352	8.51776
325.361	18.2939
325.369	38.7947
325.377	50.6381
325.385	39.197
325.393	21.5741
325.401	7.51266
325.41	14.0943
325.418	21.8795
325.426	6.26617
325.434	11.3715
325.442	26.0818
325.451	21.2786
325.459	23.1608
325.467	26.5088
325.475	12.9965
325.483	19.3755
325.491	29.7507
325.499	27.8958
325.508	31.4811
325.516	34.032
325.524	30.6259
325.532	22.4199
325.54	20.7599
325.548	20.9606
325.557	15.0589
325.565	16.3642
325.573	23.7268
325.581	10.9987
325.589	13.5141
325.597	6.04085
325.605	7.89205
325.614	12.0859
325.622	9.21699
325.63	15.6191
325.638	15.625
325.646	13.9679
325.654	26.421
325.662	24.5826
325.671	24.3192
325.679	11.8479
325.687	16.5184
325.695	27.1216
325.703	10.853
325.711	20.3972
325.719	20.1872
325.727	30.9331
325.736	18.367
325.744	23.7452
325.752	28.1375
325.76	34.0694
325.768	23.062
325.776	18.7174
325.784	17.143
325.792	21.2062
325.8	19.0532
325.809	32.3278
325.817	37.5846
325.825	33.8976
325.833	14.0511
325.841	21.913
325.849	7.48187
325.857	8.82291
325.865	11.3431
325.873	28.3231
325.881	39.5898
325.89	20.1065
325.898	17.7295
325.906	23.1293
325.914	19.1363
325.922	34.9372
325.93	38.0172
325.938	10.9108
325.946	7.62733
325.954	11.0534
325.962	14.2914
325.97	16.5008
325.978	24.5321
325.986	38.9819
325.995	39.4243
326.003	24.2303
326.011	14.2634
326.019	12.5217
326.027	23.0772
326.035	16.0939
326.043	15.1246
326.051	24.4818
326.059	36.62
326.067	30.6855
326.075	29.6719
326.083	26.3519
326.091	28.9088
326.099	27.2626
326.107	26.2578
326.115	35.5864
326.123	43.7725
326.132	25.5723
326.14	23.0193
326.148	18.0465
326.156	27.1016
326.164	22.9685
326.172	11.9318
326.18	19.1059
326.188	34.7961
326.196	21.2851
326.204	16.2452
326.212	17.1114
326.22	19.6977
326.228	27.5868
326.236	19.7087
326.244	11.3688
326.252	17.2014
326.26	19.0665
326.268	36.6044
326.276	48.3147
326.284	21.096
326.292	33.1927
326.3	32.2537
326.308	45.8821
326.316	25.1671
326.324	12.8169
326.332	9.23206
326.34	22.2001
326.348	21.5187
326.356	11.027
326.364	27.6231
326.372	52.3103
326.38	27.4996
326.388	18.2824
326.396	36.3174
326.404	32.9559
326.412	26.7775
326.42	43.7793
326.428	44.0278
326.436	21.6526
326.444	12.4474
326.452	11.3597
326.46	18.737
326.468	24.0141
326.476	24.2295
326.484	31.793
326.492	46.2385
326.5	54.2764
326.508	34.025
326.516	48.8384
326.524	50.9041
326.532	37.7799
326.54	13.2795
326.548	17.0432
326.556	26.1212
326.564	45.735
326.572	49.7088
326.58	30.1621
326.588	48.4671
326.596	35.4484
326.604	55.468
326.611	41.6563
326.619	48.9243
326.627	36.697
326.635	24.4714
326.643	30.6488
326.651	40.7993
326.659	79.9711
326.667	67.9483
326.675	64.3467
326.683	71.0646
326.691	53.8779
326.699	44.4031
326.707	34.5394
326.715	53.4324
326.723	96.2866
326.731	98.8535
326.739	75.2327
326.746	50.0762
326.754	39.1015
326.762	71.0548
326.77	44.4571
326.778	77.7617
326.786	54.1608
326.794	17.2984
326.802	32.0503
326.81	50.5881
326.818	41.2503
326.826	27.7494
326.834	25.8825
326.841	9.49328
326.849	19.1823
326.857	23.2877
326.865	22.2542
326.873	38.4646
326.881	23.4709
326.889	11.2056
326.897	9.35299
326.905	22.2934
326.913	21.3251
326.921	26.8549
326.928	15.1503
326.936	16.4405
326.944	17.2622
326.952	29.2967
326.96	48.3714
326.968	40.318
326.976	18.6776
326.984	12.4577
326.992	30.0777
326.999	72.4429
327.007	79.0157
327.015	39.2093
327.023	26.3529
327.031	24.1016
327.039	44.8111
327.047	57.3799
327.055	48.9932
327.062	34.8879
327.07	14.0195
327.078	15.491
327.086	15.0369
327.094	21.2523
327.102	24.1895
327.11	33.4361
327.118	39.3928
327.127	52.1391
327.136	59.2467
327.145	39.2031
327.154	26.8475
327.162	32.8798
327.171	29.2903
327.18	38.6616
327.189	63.0284
327.197	73.4368
327.206	52.2288
327.215	25.2436
327.224	24.2411
327.232	36.362
327.241	41.9316
327.25	39.8515
327.259	101.386
327.267	53.6698
327.276	62.9965
327.285	44.2152
327.293	55.4736
327.302	37.1558
327.311	46.427
327.32	40.3766
327.328	99.3092
327.337	79.9579
327.346	54.4361
327.355	47.8064
327.363	62.8372
327.372	40.6351
327.381	37.3002
327.389	60.0804
327.398	48.2387
327.407	39.666
327.416	60.1293
327.424	34.0896
327.433	37.8449
327.442	49.0412
327.45	55.5427
327.459	49.3766
327.468	38.3935
327.477	43.7983
327.485	44.2509
327.494	36.3326
327.503	51.7903
327.511	83.6306
327.52	51.1753
327.529	57.0779
327.537	63.9545
327.546	55.1696
327.555	55.9639
327.564	76.5176
327.572	50.781
327.581	55.0624
327.59	71.8083
327.598	56.2393
327.607	77.3054
327.616	85.1335
327.624	55.25
327.633	81.0424
327.642	64.3508
327.65	62.2618
327.659	63.4288
327.668	69.7819
327.676	79.2159
327.685	59.1392
327.694	60.3442
327.702	76.9381
327.711	72.7792
327.72	61.5109
327.728	57.3899
327.737	49.0626
327.746	69.1293
327.754	80.6767
327.763	67.3879
327.772	57.8504
327.78	76.3565
327.789	84.0872
327.798	67.2995
327.806	70.4542
327.815	71.9747
327.824	110.11
327.832	65.6981
327.841	59.5642
327.85	77.2921
327.858	52.9973
327.867	65.6015
327.876	85.6597
327.884	73.3445
327.893	97.0713
327.901	80.8718
327.91	54.6425
327.919	72.6711
327.927	66.5254
327.936	66.5221
327.945	65.0665
327.953	62.5348
327.962	72.4763
327.97	64.698
327.979	62.0084
327.988	73.0251
327.996	52.6915
328.005	82.1828
328.014	103.756
328.022	127.707
328.031	43.7693
328.039	42.4036
328.048	44.6693
328.057	42.3105
328.065	51.7786
328.074	59.7443
328.082	53.7616
328.091	58.267
328.1	67.0942
328.108	85.9515
328.117	104.396
328.125	62.0895
328.134	52.3799
328.143	40.6204
328.151	30.3275
328.16	27.6823
328.168	27.7518
328.177	45.3902
328.186	58.1421
328.194	37.5715
328.203	44.636
328.211	46.2813
328.22	28.1491
328.229	36.8004
328.237	31.5623
328.246	40.5742
328.254	59.1719
328.263	66.6441
328.271	35.7259
328.28	49.3375
328.289	42.0313
328.297	68.8869
328.306	80.7417
328.314	69.68
328.323	85.4255
328.331	108.529
328.34	80.3577
328.349	74.492
328.357	54.2049
328.366	47.6735
328.374	76.8162
328.383	132.854
328.391	82.6996
328.4	63.8963
328.408	60.8929
328.417	50.8334
328.425	55.1383
328.434	58.0295
328.443	89.3368
328.451	100.823
328.46	111.531
328.468	86.3324
328.477	71.2819
328.485	51.1364
328.494	52.4708
328.502	66.2103
328.511	60.4349
328.519	34.1786
328.528	45.0338
328.536	41.9176
328.545	26.6594
328.554	20.5168
328.562	30.8516
328.571	33.9205
328.579	46.7667
328.588	31.3044
328.596	32.6666
328.605	50.5725
328.613	58.4323
328.622	47.8036
328.63	32.2155
328.639	38.1468
328.647	30.8839
328.656	36.1624
328.664	54.4473
328.673	51.4057
328.681	39.5671
328.69	31.9535
328.698	32.6036
328.707	25.8147
328.715	24.0174
328.724	34.2059
328.732	26.1626
328.741	19.6558
328.749	21.3106
328.758	33.788
328.766	30.4461
328.775	38.3246
328.783	29.4062
328.792	35.2458
328.8	33.4674
328.809	32.1075
328.817	32.2585
328.826	42.5827
328.834	47.7867
328.842	57.916
328.851	64.0366
328.859	47.2039
328.868	45.7038
328.876	43.4257
328.885	48.1266
328.893	37.1955
328.902	31.6887
328.91	30.8952
328.919	23.1451
328.927	24.9931
328.936	33.695
328.944	38.136
328.953	34.4219
328.961	26.3899
328.969	23.5124
328.978	17.9688
328.986	16.9064
328.995	15.4674
329.003	22.9802
329.012	36.8739
329.02	32.1318
329.029	20.134
329.037	17.3354
329.045	22.6336
329.054	29.4937
329.062	18.6186
329.071	24.6752
329.079	30.0959
329.088	17.6805
329.096	15.3558
329.104	20.2951
329.113	25.2058
329.121	46.4525
329.13	39.6115
329.138	46.0458
329.147	39.8253
329.155	34.9411
329.163	53.8864
329.172	47.1956
329.18	31.4948
329.189	25.9831
329.197	23.456
329.205	24.6852
329.214	19.7493
329.222	29.0145
329.231	31.1955
329.239	25.9513
329.247	60.6265
329.256	14.7259
329.264	18.041
329.273	25.9991
329.281	24.5081
329.289	31.0789
329.298	36.9415
329.306	34.7737
329.315	24.4654
329.323	34.2609
329.331	32.8446
329.34	27.432
329.348	30.7203
329.357	12.3305
329.365	15.0316
329.373	24.0567
329.382	26.7348
329.39	33.4616
329.398	20.0398
329.407	23.4643
329.415	50.3756
329.424	30.4428
329.432	24.2333
329.44	31.1858
329.449	10.2476
329.457	8.85417
329.465	16.9832
329.474	25.7347
329.482	27.4232
329.491	15.7337
329.499	23.4345
329.507	16.0273
329.516	22.1733
329.524	18.2298
329.532	16.8223
329.541	25.4469
329.549	12.8636
329.557	14.3465
329.566	18.2692
329.574	18.5395
329.582	25.9389
329.591	32.4648
329.599	21.7923
329.607	24.2898
329.616	39.0984
329.624	40.5553
329.632	38.2381
329.641	19.5472
329.649	19.4038
329.657	32.9733
329.666	32.8464
329.674	25.6062
329.682	27.5047
329.691	28.2744
329.699	16.5045
329.707	18.7587
329.716	15.5609
329.724	19.5878
329.732	12.943
329.741	16.1474
329.749	14.9785
329.757	20.6031
329.765	18.1051
329.774	21.9063
329.782	14.3179
329.79	10.878
329.799	28.0639
329.807	42.097
329.815	37.3769
329.824	20.6579
329.832	11.6378
329.84	22.4755
329.849	44.8736
329.857	43.5958
329.865	37.0646
329.873	49.0613
329.882	61.0243
329.89	38.2654
329.898	20.6062
329.907	24.6548
329.915	18.8686
329.923	11.1292
329.931	25.5618
329.94	28.4017
329.948	44.2378
329.956	55.3454
329.964	37.1608
329.973	12.9427
329.981	33.7491
329.989	38.9817
329.998	33.5362
330.006	7.6948
330.014	12.3935
330.022	14.0491
330.031	32.9297
330.039	48.3132
330.047	45.67
330.055	18.3479
330.064	17.5835
330.072	8.38176
330.08	16.8932
330.088	17.5535
330.097	30.6344
330.105	36.8429
330.113	49.7543
330.121	34.9483
330.13	19.0269
330.138	23.822
330.146	22.8697
330.154	37.4695
330.163	33.2011
330.171	24.9021
330.179	21.5957
330.187	51.0688
330.195	98.2531
330.204	50.1489
330.212	30.0892
330.22	17.8162
330.228	34.8086
330.237	38.1451
330.245	32.6733
330.253	55.112
330.261	50.0316
330.269	35.4643
330.278	13.651
330.286	15.5043
330.294	27.5395
330.302	34.244
330.311	49.7163
330.319	52.3638
330.327	49.9468
330.335	31.7676
330.343	32.6554
330.352	29.4037
330.36	29.3651
330.368	51.7055
330.376	40.0559
330.384	29.8049
330.393	24.5606
330.401	23.9566
330.409	23.6084
330.417	22.1402
330.425	33.709
330.434	20.2575
330.442	29.2288
330.45	28.8089
330.458	45.3079
330.466	50.151
330.474	20.7313
330.483	27.8388
330.491	38.9969
330.499	24.0176
330.507	46.3635
330.515	26.5357
330.523	39.9158
330.532	40.9998
330.54	50.6051
330.548	57.9718
330.556	39.9292
330.564	34.7667
330.572	36.757
330.581	51.5574
330.589	34.7801
330.597	40.9865
330.605	29.6489
330.613	34.0666
330.621	38.9954
330.63	29.2747
330.638	24.3929
330.646	36.369
330.654	32.619
330.662	42.5221
330.67	41.5636
330.678	26.2138
330.687	28.0162
330.695	31.7154
330.703	38.0918
330.711	57.2386
330.719	34.6305
330.727	17.0173
330.735	31.8631
330.743	33.4394
330.752	52.4487
330.76	60.4389
330.768	65.3044
330.776	73.2105
330.784	52.0378
330.792	69.9559
330.8	116.982
330.808	100.701
330.817	80.3747
330.825	91.3242
330.833	72.969
330.841	74.2892
330.849	95.5602
330.857	109.673
330.865	142.634
330.873	177.908
330.881	81.769
330.889	89.2495
330.898	98.0769
330.906	120.629
330.914	183.88
330.922	92.5177
330.93	61.3665
330.938	69.6168
330.946	83.5809
330.954	82.1566
330.962	48.5983
330.97	54.1256
330.979	38.7785
330.987	54.7306
330.995	124.78
331.003	171.281
331.011	106.775
331.019	59.3048
331.027	35.1926
331.035	30.0133
331.043	58.9975
331.051	47.9204
331.059	51.4785
331.067	33.3332
331.075	18.173
331.083	24.9498
331.092	37.1005
331.1	42.7199
331.108	47.6626
331.116	62.7282
331.124	75.2786
331.132	69.1867
331.14	57.5735
331.148	60.4687
331.156	61.0361
331.164	43.5858
331.172	49.9826
331.18	41.5787
331.188	55.1579
331.196	36.3465
331.204	48.489
331.212	63.0002
331.22	43.6968
331.228	49.9156
331.236	65.5465
331.244	34.6591
331.252	26.6398
331.26	31.426
331.269	54.9958
331.277	54.6683
331.285	33.9745
331.293	18.4169
331.301	31.2335
331.309	34.6918
331.317	59.1729
331.325	39.2107
331.333	33.5111
331.341	90.4182
331.349	81.5397
331.357	52.8861
331.365	44.076
331.373	33.5799
331.381	48.6007
331.389	48.8995
331.397	54.7644
331.405	50.6819
331.413	55.2331
331.421	37.9267
331.429	40.8227
331.437	42.9478
331.445	40.0858
331.453	50.2468
331.461	90.2837
331.469	102.994
331.477	69.4342
331.485	57.7399
331.493	40.4785
331.501	31.8495
331.509	25.9511
331.517	57.003
331.525	66.319
331.533	44.3381
331.541	28.769
331.549	43.1171
331.557	49.6508
331.565	59.3943
331.572	53.2713
331.58	46.3208
331.588	52.6452
331.596	58.1537
331.604	50.799
331.612	35.613
331.62	41.4468
331.624	74.2188
331.633	84.2907
331.642	72.2412
331.651	62.7215
331.659	84.7186
331.668	87.5134
331.677	50.483
331.686	54.8037
331.695	103.814
331.704	61.1231
331.713	55.6341
331.722	52.5463
331.73	115.138
331.739	101.389
331.748	84.5606
331.757	100.013
331.766	78.8581
331.775	63.0465
331.784	60.9827
331.793	80.7703
331.801	50.7205
331.81	45.1846
331.819	63.9514
331.828	83.7993
331.837	73.4415
331.846	103.556
331.855	116.749
331.863	152.772
331.872	135.275
331.881	124.302
331.89	91.4211
331.899	95.8927
331.908	100.286
331.916	67.3774
331.925	81.8576
331.934	79.9904
331.943	96.6936
331.952	81.6396
331.961	91.6745
331.97	88.7032
331.978	127.221
331.987	72.9822
331.996	76.9755
332.005	77.7702
332.014	99.646
332.023	83.6777
332.031	64.7339
332.04	105.928
332.049	113.552
332.058	108.749
332.067	114.442
332.075	117.879
332.084	77.2753
332.093	88.5629
332.102	105.855
332.111	87.434
332.12	81.1581
332.128	85.7039
332.137	99.9712
332.146	70.7971
332.155	82.6816
332.164	113.637
332.172	104.169
332.181	84.8913
332.19	112.982
332.199	133.114
332.208	84.4797
332.216	101.252
332.225	99.2067
332.234	117.204
332.243	126.745
332.252	115.209
332.26	119.857
332.269	137.481
332.278	139.073
332.287	123.452
332.295	103.293
332.304	107.347
332.313	95.3838
332.322	114.299
332.331	123.32
332.339	128.472
332.348	163.407
332.357	151.447
332.366	130.34
332.374	143.951
332.383	169.284
332.392	145.058
332.401	123.745
332.409	168.352
332.418	144.884
332.427	123.218
332.436	148.153
332.445	137.208
332.453	146.047
332.462	109.929
332.471	89.7383
332.48	147.636
332.488	154.99
332.497	127.221
332.506	103.936
332.515	66.7684
332.523	69.5293
332.532	72.1457
332.541	97.594
332.55	69.4903
332.558	50.5714
332.567	65.6164
332.576	67.7082
332.584	105.193
332.593	117.143
332.602	84.6071
332.611	87.647
332.619	103.424
332.628	122.515
332.637	119.305
332.646	66.8078
332.654	65.4587
332.663	74.5384
332.672	91.3884
332.68	88.9922
332.689	91.5412
332.698	114.026
332.707	95.5733
332.715	81.8196
332.724	85.034
332.733	95.5608
332.741	72.1008
332.75	59.5034
332.759	40.7953
332.768	51.5407
332.776	52.6882
332.785	69.5818
332.794	81.169
332.802	76.8679
332.811	87.166
332.82	78.5963
332.828	65.9129
332.837	71.8159
332.846	94.4957
332.854	93.7573
332.863	93.9089
332.872	70.3597
332.881	54.0366
332.889	66.5007
332.898	38.9786
332.907	45.8656
332.915	40.5141
332.924	38.8659
332.933	59.9463
332.941	61.7446
332.95	63.0006
332.959	74.2428
332.967	72.5424
332.976	80.7252
332.985	83.6729
332.993	96.2518
333.002	134.905
333.011	112.459
333.019	86.7989
333.028	103.326
333.037	96.3191
333.045	78.4921
333.054	66.7872
333.063	77.0184
333.071	125.117
333.08	112.299
333.088	88.3773
333.097	70.6871
333.106	71.5819
333.114	86.1349
333.123	54.6372
333.132	63.1836
333.14	77.6562
333.149	55.8596
333.158	75.5154
333.166	90.9317
333.175	98.2062
333.184	136.774
333.192	130.021
333.201	78.3625
333.209	106.58
333.218	130.835
333.227	179.698
333.235	118.338
333.244	55.8612
333.253	50.9907
333.261	53.0926
333.27	30.995
333.278	52.4884
333.287	93.877
333.296	147.355
333.304	111.647
333.313	69.7812
333.321	56.7331
333.33	43.272
333.339	47.1703
333.347	60.5873
333.356	109.229
333.364	122.283
333.373	90.0072
333.382	99.7393
333.39	117.557
333.399	144.616
333.407	80.5824
333.416	78.9556
333.425	103.834
333.433	115.829
333.442	97.4526
333.45	48.6281
333.459	39.1389
333.468	54.0258
333.476	75.7591
333.485	73.9101
333.493	97.5316
333.502	99.6132
333.51	64.4815
333.519	65.1394
333.528	82.5571
333.536	82.2268
333.545	128.195
333.553	97.5459
333.562	80.1529
333.57	99.3682
333.579	90.5287
333.588	100.642
333.596	85.8808
333.605	52.4968
333.613	58.9232
333.622	76.1867
333.63	104.595
333.639	109.95
333.647	100.617
333.656	83.3149
333.664	71.6612
333.673	66.2369
333.682	108.528
333.69	170.852
333.699	151.724
333.707	145.198
333.716	156.604
333.724	144.382
333.733	102.549
333.741	154.534
333.75	168.839
333.758	118.513
333.767	129.543
333.775	187.08
333.784	226.536
333.793	198.76
333.801	321.543
333.81	348.194
333.818	219.288
333.827	236.671
333.835	285.07
333.844	252.315
333.852	217.306
333.861	261.701
333.869	251.698
333.878	147.05
333.886	89.4758
333.895	62.0903
333.903	63.7979
333.912	69.4285
333.92	62.8874
333.929	30.906
333.937	19.9344
333.946	23.5091
333.954	29.3161
333.963	38.6542
333.971	65.177
333.98	59.9493
333.988	62.5612
333.997	45.4534
334.005	54.8212
334.014	55.7663
334.022	85.5227
334.031	138.091
334.039	89.9325
334.048	89.0754
334.056	95.5107
334.064	114.62
334.073	65.1016
334.081	40.1194
334.09	41.769
334.098	61.4667
334.107	28.4798
334.115	32.2955
334.124	27.297
334.132	18.4491
334.141	31.6763
334.149	51.7184
334.158	71.1688
334.166	122.206
334.175	107.146
334.183	79.3878
334.191	87.7011
334.2	63.7492
334.208	87.5726
334.217	120.377
334.225	69.0097
334.234	34.7376
334.242	43.6854
334.251	30.8994
334.259	30.4005
334.267	42.1699
334.276	37.7296
334.284	58.826
334.293	53.3709
334.301	47.7474
334.31	75.8692
334.318	119.19
334.326	143.487
334.335	130
334.343	125.495
334.352	109.928
334.36	127.944
334.369	184.349
334.377	108.511
334.385	55.7041
334.394	41.6338
334.402	70.2797
334.411	79.0997
334.419	67.2072
334.427	49.8857
334.436	27.175
334.444	35.172
334.453	57.5237
334.461	111.193
334.469	144.45
334.478	98.359
334.486	83.7403
334.495	100.308
334.503	78.1739
334.511	116.344
334.52	122.87
334.528	80.0531
334.537	61.2119
334.545	86.8775
334.553	112.633
334.562	70.0683
334.57	71.0495
334.579	38.9356
334.587	60.1285
334.595	78.6224
334.604	164.905
334.612	212.251
334.62	218.951
334.629	246.332
334.637	293.17
334.646	180.016
334.654	116.278
334.662	186.77
334.671	164.553
334.679	69.4212
334.687	51.5184
334.696	42.3548
334.704	59.1949
334.712	61.0425
334.721	92.4159
334.729	107.873
334.738	163.743
334.746	233.913
334.754	310.111
334.763	197.81
334.771	222.366
334.779	217.766
334.788	233.071
334.796	186.289
334.804	196.718
334.813	200.529
334.821	170.881
334.829	90.8422
334.838	55.9533
334.846	80.2758
334.854	106.95
334.863	76.0257
334.871	133.846
334.879	191.994
334.888	239.813
334.896	195.048
334.904	207.443
334.913	290.523
334.921	261.718
334.929	234.33
334.938	322.442
334.946	370.368
334.954	256.49
334.963	148.345
334.971	95.6545
334.979	120.02
334.987	84.6845
334.996	79.9144
335.004	166.881
335.012	258.208
335.021	265.522
335.029	186.15
335.037	227.89
335.046	320.599
335.054	261.307
335.062	199.495
335.07	397.765
335.079	373.711
335.087	272.856
335.095	162.618
335.104	90.6042
335.112	119.517
335.12	99.4763
335.128	124.485
335.137	287.594
335.145	439.533
335.153	348.25
335.161	303.772
335.17	422.585
335.178	399.576
335.186	294.165
335.195	297.298
335.203	349.824
335.211	456.88
335.219	293.302
335.228	172.859
335.236	158.843
335.244	136.955
335.252	253.275
335.261	474.615
335.269	470.41
335.277	300.171
335.285	295.941
335.294	408.572
335.302	466.114
335.31	282.339
335.318	285.319
335.327	390.369
335.335	472.85
335.343	335.105
335.351	241.077
335.36	142.025
335.368	278.848
335.376	514.631
335.384	712.878
335.393	512.509
335.401	287.421
335.409	375.73
335.417	612.083
335.425	601.695
335.434	383.158
335.442	385.186
335.45	492.737
335.458	503.436
335.467	342.303
335.475	264.655
335.483	370.704
335.491	633.337
335.499	820.435
335.508	502.035
335.516	394.69
335.524	395.177
335.532	551.822
335.54	606.305
335.549	342.738
335.557	331.691
335.565	613.347
335.573	726.092
335.581	493.193
335.59	362.135
335.598	561.916
335.606	784.826
335.614	804.079
335.622	431.141
335.631	303.824
335.639	441.874
335.647	766.18
335.655	807.198
335.663	522.28
335.671	399.719
335.68	657.936
335.688	850.951
335.696	663.263
335.704	698.707
335.712	933.884
335.721	910.536
335.729	509.774
335.737	487.746
335.745	607.198
335.753	1001.03
335.761	798.717
335.769	535.1
335.778	478.65
335.786	823.71
335.794	1206.3
335.802	1238.11
335.81	1397.53
335.818	1388.22
335.827	943.858
335.835	488.421
335.843	411.378
335.851	543.158
335.859	910.508
335.867	976.84
335.875	600.971
335.884	501.688
335.892	909.597
335.9	1446.94
335.908	1712.47
335.916	1697.83
335.924	995.449
335.932	506.135
335.94	373.419
335.949	568.277
335.957	944.662
335.965	978.75
335.973	692.981
335.981	584.537
335.989	1060.88
335.997	2082.94
336.005	2583.27
336.014	1802.69
336.022	962.89
336.03	645.273
336.038	577.57
336.046	913.655
336.054	1242.77
336.062	1312.18
336.07	897.295
336.078	975.765
336.087	1786.87
336.095	2567.64
336.103	2379.5
336.111	1385.72
336.119	572.587
336.127	443.98
336.135	682.232
336.143	1228.57
336.151	1568.38
336.159	1340.36
336.167	1287.7
336.175	1817.8
336.184	2351.38
336.192	2026.99
336.2	1581.29
336.208	923.43
336.216	565.77
336.224	803.893
336.232	1519.63
336.24	1696.79
336.248	1763.84
336.256	2001.04
336.264	1852.56
336.265	1627.61
336.274	1229.3
336.283	1242.41
336.292	1264.02
336.301	878.242
336.31	843.775
336.319	1527.86
336.328	2021.71
336.337	1962.76
336.346	1414.77
336.355	883.952
336.364	1089.68
336.373	1376.32
336.382	1130.09
336.391	1318.13
336.4	2209.99
336.409	2414.3
336.418	1390.76
336.427	686.401
336.436	609.472
336.445	1045.44
336.454	1505.29
336.463	1770.82
336.472	2501.04
336.481	2659.59
336.49	1691.28
336.499	736.818
336.508	583.017
336.517	948.587
336.526	1699.6
336.535	2870.7
336.544	3237.73
336.553	2240.86
336.562	959.014
336.571	622.846
336.58	628.862
336.589	1283.96
336.598	2276.05
336.607	2795.3
336.616	2394.99
336.625	1363.67
336.634	794.25
336.643	973.505
336.652	1533.42
336.661	1966.33
336.67	2154.92
336.679	2211.01
336.687	1593.1
336.696	1214.05
336.705	1335.1
336.714	1270.21
336.723	1557.22
336.732	1923.78
336.741	1949.52
336.75	1806.73
336.759	1479.19
336.768	1456.27
336.777	1676.38
336.786	1747.52
336.795	1805.02
336.804	1765.1
336.813	1420.58
336.822	1385.33
336.831	1602.35
336.839	1546.91
336.848	1410.19
336.857	1378.21
336.866	1354.05
336.875	1598.64
336.884	1565.44
336.893	1884.26
336.902	2296.38
336.911	2818.24
336.92	2653.26
336.929	2479.76
336.938	2994.76
336.947	2601.61
336.955	2462.55
336.964	3012.51
336.973	3363.35
336.982	3232.27
336.991	4317.71
337	4918.68
337.009	4827.31
337.018	5649.9
337.027	7162.95
337.036	8592.03
337.044	10295.9
337.053	12259
337.062	12795.2
337.071	11477
337.08	10237.8
337.089	10135.7
337.098	9948.79
337.107	7719.57
337.116	6536.51
337.124	5889.83
337.133	3623.78
337.142	1588.64
337.151	695.538
337.16	393.006
337.169	286.721
337.178	284.89
337.187	274.119
337.195	257.042
337.204	208.759
337.213	182.227
337.222	138.434
337.231	140.545
337.24	198.657
337.249	153.884
337.257	151.222
337.266	115.016
337.275	133.268
337.284	157.971
337.293	146.102
337.302	168.562
337.311	191.872
337.319	181.64
337.328	232.844
337.337	125.865
337.346	159.637
337.355	178.148
337.364	138.286
337.373	109.605
337.381	77.5805
337.39	81.4318
337.399	98.1438
337.408	78.5354
337.417	92.5192
337.426	71.3799
337.434	96.7219
337.443	92.6967
337.452	69.47
337.461	86.2205
337.47	143.894
337.478	143.442
337.487	181.101
337.496	127.564
337.505	102.461
337.514	136.848
337.523	151.286
337.531	114.806
337.54	106.138
337.549	90.8106
337.558	119.083
337.567	78.7547
337.575	63.1828
337.584	67.3321
337.593	72.2885
337.602	76.0783
337.611	101.548
337.619	91.0874
337.628	90.8801
337.637	74.2533
337.646	95.3046
337.655	81.697
337.663	68.529
337.672	64.4774
337.681	63.0833
337.69	96.5237
337.699	81.141
337.707	63.8456
337.716	87.4844
337.725	102.522
337.734	77.2917
337.742	78.3186
337.751	76.9128
337.76	61.0898
337.769	58.2202
337.778	83.3119
337.786	64.1511
337.795	65.2224
337.804	53.834
337.813	54.2645
337.821	63.0119
337.83	89.0869
337.839	93.9443
337.848	110.616
337.856	106.775
337.865	123.738
337.874	108.727
337.883	93.5622
337.891	109.722
337.9	66.6806
337.909	59.9561
337.918	44.992
337.926	68.4867
337.935	63.7834
337.944	53.2328
337.953	57.773
337.961	84.0781
337.97	104.76
337.979	101.792
337.988	63.7259
337.996	64.0348
338.005	67.8482
338.014	67.5096
338.022	82.7874
338.031	71.8533
338.04	89.9304
338.049	83.255
338.057	72.7405
338.066	87.5498
338.075	95.6295
338.083	78.1073
338.092	62.02
338.101	54.0947
338.11	53.6717
338.118	67.3603
338.127	44.0931
338.136	46.082
338.144	54.3696
338.153	48.9664
338.162	49.9151
338.171	56.505
338.179	44.898
338.188	34.2476
338.197	58.9272
338.205	65.101
338.214	62.0077
338.223	60.3141
338.231	51.8454
338.24	50.0587
338.249	73.2153
338.258	79.9681
338.266	120.654
338.275	58.1705
338.284	25.3485
338.292	19.6772
338.301	50.8382
338.31	46.5515
338.318	64.6328
338.327	54.0142
338.336	32.3904
338.344	55.7169
338.353	62.1946
338.362	51.1371
338.37	42.6359
338.379	45.7134
338.388	71.078
338.396	72.2508
338.405	62.8332
338.414	39.8071
338.422	41.6128
338.431	71.5181
338.44	65.0922
338.448	54.4592
338.457	78.6247
338.466	65.2277
338.474	54.8493
338.483	38.4012
338.491	74.9669
338.5	91.3859
338.509	64.4336
338.517	57.9864
338.526	63.7046
338.535	40.5425
338.543	40.0674
338.552	45.7255
338.561	78.416
338.569	81.1887
338.578	71.1648
338.586	45.2968
338.595	57.3314
338.604	56.1629
338.612	77.9708
338.621	86.1275
338.63	54.2083
338.638	35.5511
338.647	17.7201
338.655	43.6387
338.664	69.1701
338.673	52.4168
338.681	42.5957
338.69	39.7124
338.698	55.2413
338.707	58.4658
338.716	52.1043
338.724	45.6799
338.733	46.9267
338.742	39.4117
338.75	33.4126
338.759	36.2902
338.767	48.6286
338.776	58.6411
338.784	63.5883
338.793	46.502
338.802	73.584
338.81	37.0588
338.819	63.0874
338.827	81.7869
338.836	64.2465
338.845	83.3361
338.853	70.1267
338.862	31.6786
338.87	34.3359
338.879	38.6384
338.887	58.7093
338.896	60.5396
338.905	48.1744
338.913	33.2947
338.922	43.9747
338.93	32.89
338.939	15.9941
338.947	31.7844
338.956	57.3784
338.965	49.4794
338.973	42.0619
338.982	33.7073
338.99	40.6924
338.999	47.2579
339.007	36.9947
339.016	30.7135
339.024	35.211
339.033	65.0047
339.042	36.7088
339.05	59.5478
339.059	25.4054
339.067	33.6967
339.076	65.5833
339.084	61.3798
339.093	50.8449
339.101	56.313
339.11	52.7673
339.118	35.0709
339.127	26.1825
339.135	65.1017
339.144	98.035
339.152	55.5392
339.161	37.0741
339.17	57.441
339.178	44.8176
339.187	36.914
339.195	38.3131
339.204	73.7922
339.212	72.7101
339.221	48.2557
339.229	37.1982
339.238	38.3334
339.246	32.5504
339.255	50.9311
339.263	68.6862
339.272	73.352
339.28	78.6894
339.289	24.4915
339.297	15.3997
339.306	31.5337
339.314	21.8488
339.323	46.4564
339.331	54.4651
339.34	30.8338
339.348	49.2155
339.357	68.2665
339.365	52.2301
339.374	50.6002
339.382	53.9772
339.391	57.5621
339.399	26.0861
339.408	31.3687
339.416	30.1087
339.424	36.4955
339.433	46.7366
339.441	35.2203
339.45	53.8472
339.458	48.5373
339.467	55.7202
339.475	45.8683
339.484	32.4391
339.492	45.1898
339.501	28.0768
339.509	39.5579
339.518	69.7928
339.526	50.2115
339.535	38.54
339.543	34.8028
339.551	49.4112
339.56	46.6003
339.568	27.9129
339.577	46.6417
339.585	42.0535
339.594	44.6362
339.602	49.2202
339.611	55.9593
339.619	62.0949
339.627	55.8507
339.636	32.5311
339.644	58.7832
339.653	49.6823
339.661	70.0371
339.67	55.3104
339.678	24.8679
339.686	27.2004
339.695	34.762
339.703	34.3037
339.712	23.765
339.72	20.1113
339.729	12.6166
339.737	20.1999
339.745	34.3708
339.754	33.954
339.762	27.7612
339.771	56.3934
339.779	77.4086
339.787	91.9881
339.796	71.7026
339.804	55.1766
339.813	38.0878
339.821	62.2499
339.829	70.1774
339.838	26.1757
339.846	26.5535
339.855	37.2792
339.863	52.8285
339.871	67.7563
339.88	49.8304
339.888	60.0356
339.897	44.0423
339.905	42.4352
339.913	72.4391
339.922	77.7162
339.93	62.5988
339.939	31.2764
339.947	20.6051
339.955	39.8751
339.964	56.2303
339.972	30.6882
339.98	37.3842
339.989	56.3047
339.997	41.8448
340.006	54.6828
340.014	39.8322
340.022	66.0582
340.031	70.1384
340.039	61.4007
340.047	40.3026
340.056	47.4663
340.064	35.067
340.072	36.8364
340.081	36.634
340.089	22.8893
340.097	38.7391
340.106	53.3988
340.114	37.6162
340.122	33.5574
340.131	59.386
340.139	54.6185
340.148	83.4332
340.156	76.38
340.164	49.8123
340.173	53.1321
340.181	41.0951
340.189	55.5952
340.198	67.5615
340.206	51.5467
340.214	41.9743
340.223	46.5488
340.231	35.5482
340.239	45.8697
340.247	57.2847
340.256	49.1869
340.264	72.8728
340.272	54.8109
340.281	61.3039
340.289	37.9298
340.297	46.8789
340.306	56.6383
340.314	57.3641
340.322	75.0474
340.331	49.8407
340.339	63.8395
340.347	50.0365
340.356	36.3769
340.364	48.8226
340.372	48.7625
340.38	48.8126
340.389	57.5323
340.397	51.1146
340.405	69.9824
340.414	49.1504
340.422	79.3805
340.43	80.2657
340.438	105.299
340.447	79.0009
340.455	42.2983
340.463	51.8241
340.472	43.3181
340.48	55.4119
340.488	70.6527
340.496	47.9948
340.505	82.3734
340.513	82.4022
340.521	77.5678
340.529	80.7211
340.538	48.7155
340.546	76.4478
340.554	63.0086
340.563	36.0591
340.571	55.1396
340.579	110.191
340.587	88.6162
340.596	112.587
340.604	101.007
340.612	70.9635
340.62	90.1233
340.629	115.825
340.637	89.6985
340.645	93.9764
340.653	78.0375
340.662	61.1201
340.67	79.0862
340.678	89.0317
340.686	114.719
340.695	85.862
340.703	75.1352
340.711	81.8101
340.719	75.4041
340.727	79.3658
340.736	64.2879
340.744	79.9948
340.752	72.9477
340.76	70.1387
340.769	58.8613
340.777	57.6848
340.785	85.2335
340.793	103.428
340.801	103.596
340.81	75.1201
340.818	66.5468
340.826	92.7716
340.834	127.126
340.843	95.2271
340.851	59.7826
340.859	58.9605
340.867	79.8009
340.875	87.5602
340.884	106.041
340.892	96.4847
340.9	82.9429
340.908	93.4721
340.916	108.554
340.925	148.557
340.933	129.861
340.941	139.626
340.949	68.785
340.957	90.4962
340.965	89.9253
340.974	112.162
340.982	107.873
340.99	105.265
340.998	102.88
341.006	100.701
341.015	104.24
341.023	76.3227
341.031	104.405
341.039	157.684
341.048	125.366
341.057	126.984
341.066	173.505
341.076	164.514
341.085	130.815
341.094	81.4085
341.103	77.1985
341.112	82.5876
341.121	135.704
341.13	92.4687
341.14	116.041
341.149	121.048
341.158	88.4817
341.167	80.5777
341.176	81.8494
341.185	106.505
341.194	104.333
341.203	120.585
341.213	141.266
341.222	136.79
341.231	115.912
341.24	110.851
341.249	102.632
341.258	116.695
341.267	121.695
341.276	110.533
341.286	110.82
341.295	111.511
341.304	145.631
341.313	147.602
341.322	110.85
341.331	103.135
341.34	124.483
341.349	155.724
341.358	147.643
341.368	123.228
341.377	86.3412
341.386	98.8733
341.395	115.181
341.404	133.72
341.413	150.653
341.422	145.652
341.431	131.431
341.44	100.08
341.449	153.476
341.458	195.422
341.468	155.452
341.477	161.27
341.486	165.903
341.495	113.526
341.504	108.566
341.513	117.079
341.522	127.273
341.531	95.3131
341.54	124.496
341.549	103.834
341.558	87.7018
341.567	87.9932
341.577	68.9298
341.586	106.74
341.595	190.146
341.604	149.203
341.613	117.055
341.622	135.678
341.631	146.213
341.64	188.05
341.649	191.156
341.658	195.63
341.667	195.273
341.676	163.116
341.685	164.343
341.694	179.344
341.703	135.876
341.712	161.759
341.721	234.684
341.73	233.989
341.739	227.424
341.749	252.709
341.758	225.724
341.767	186.826
341.776	263.598
341.785	260.918
341.794	236.449
341.803	309.162
341.812	380.107
341.821	340.26
341.83	392.428
341.839	498.251
341.848	447.403
341.857	494.456
341.866	474.249
341.875	489.877
341.884	439.171
341.893	361.994
341.902	387.812
341.911	363.022
341.92	335.874
341.929	274.312
341.938	269.176
341.947	186.441
341.956	153.541
341.965	153.492
341.974	122.648
341.983	108.453
341.992	99.0839
342.001	86.2855
342.01	87.4278
342.019	103.227
342.028	103.765
342.037	89.1627
342.046	81.5495
342.055	74.1524
342.064	75.9321
342.073	74.9175
342.082	72.5956
342.091	70.2888
342.1	63.2904
342.109	49.2905
342.118	52.6607
342.127	55.6245
342.136	55.3991
342.145	61.8764
342.154	47.478
342.163	51.8005
342.172	52.0351
342.181	48.4869
342.19	47.6395
342.199	47.932
342.208	50.1005
342.217	67.7795
342.226	69.5455
342.234	47.6482
342.243	51.6291
342.252	49.7679
342.261	54.3867
342.27	59.2694
342.279	67.6681
342.288	74.0664
342.297	57.7728
342.306	45.6123
342.315	61.5094
342.324	80.9024
342.333	71.6755
342.342	56.1371
342.351	66.1357
342.36	61.8464
342.369	57.1698
342.378	54.4834
342.387	64.6484
342.395	58.6548
342.404	59.2151
342.413	35.7386
342.422	28.3532
342.431	47.1052
342.44	71.2844
342.449	55.4361
342.458	54.4071
342.467	59.021
342.476	48.715
342.485	27.8451
342.494	26.5017
342.503	28.6201
342.511	32.5448
342.52	38.0864
342.529	47.2738
342.538	46.7722
342.547	40.3578
342.556	40.5061
342.565	27.4063
342.574	43.334
342.583	44.3649
342.592	49.4514
342.6	43.0681
342.609	45.8506
342.618	74.9861
342.627	39.9955
342.636	44.6582
342.645	28.4329
342.654	29.5231
342.663	35.2733
342.672	32.0155
342.68	30.976
342.689	47.6376
342.698	32.7595
342.707	38.7812
342.716	43.9362
342.725	20.3313
342.734	43.2398
342.743	62.1595
342.751	28.6733
342.76	18.1389
342.769	18.6254
342.778	40.9001
342.787	47.16
342.796	47.1207
342.805	36.6412
342.814	30.0573
342.822	44.5933
342.831	29.5125
342.84	41.1085
342.849	39.9212
342.858	25.9753
342.867	18.3951
342.876	14.7862
342.884	28.1732
342.893	38.3926
342.902	19.751
342.911	11.9724
342.92	16.8875
342.929	35.6671
342.937	37.7762
342.946	52.6223
342.955	60.0632
342.964	61.8805
342.973	50.2068
342.982	65.1307
342.99	56.5141
342.999	55.0735
343.008	40.1806
343.017	20.3254
343.026	29.4147
343.034	32.2123
343.043	30.5293
343.052	31.5866
343.061	39.4013
343.07	41.5083
343.079	53.3745
343.087	41.9593
343.096	37.9941
343.105	39.6348
343.114	60.072
343.123	52.6806
343.131	50.105
343.14	52.7906
343.149	29.5708
343.158	42.1407
343.167	62.7518
343.175	39.7076
343.184	17.5234
343.193	17.2625
343.202	21.6925
343.211	22.2494
343.219	39.8621
343.228	30.5586
343.237	41.5054
343.246	33.9271
343.254	62.7169
343.263	77.5108
343.272	28.1525
343.281	30.454
343.29	62.6422
343.298	29.8119
343.307	35.2754
343.316	50.7561
343.325	59.6252
343.333	62.9088
343.342	48.8967
343.351	43.7098
343.36	59.7054
343.369	49.3042
343.377	50.8436
343.386	66.5279
343.395	60.5184
343.404	45.6501
343.412	42.3214
343.421	56.0809
343.43	84.6051
343.439	65.0274
343.447	69.0121
343.456	108.756
343.465	56.6571
343.474	34.1728
343.482	26.3865
343.491	45.0589
343.5	61.0756
343.508	57.8723
343.517	56.9262
343.526	50.3518
343.535	36.404
343.543	46.3524
343.552	39.1306
343.561	39.0463
343.57	48.0285
343.578	58.7642
343.587	53.7177
343.596	44.7273
343.604	57.5451
343.613	79.1529
343.622	52.1972
343.631	88.0016
343.639	78.8649
343.648	64.4335
343.657	53.1642
343.665	33.7924
343.674	35.4407
343.683	52.7891
343.692	80.5388
343.7	92.1335
343.709	59.7248
343.718	47.1356
343.726	29.6843
343.735	23.2027
343.744	19.6158
343.752	47.5134
343.761	31.0779
343.77	34.4759
343.779	38.4234
343.787	45.6655
343.796	98.5074
343.805	56.3036
343.813	32.924
343.822	41.4203
343.831	42.1758
343.839	44.7547
343.848	56.4392
343.857	37.8144
343.865	54.6552
343.874	61.9591
343.883	50.2388
343.891	52.1206
343.9	41.1145
343.909	44.745
343.917	45.2404
343.926	37.5778
343.935	25.5656
343.943	37.1262
343.952	36.4159
343.961	36.6764
343.969	65.4311
343.978	48.9289
343.987	28.6734
343.995	20.7284
344.004	38.8617
344.012	46.6787
344.021	60.7588
344.03	59.6974
344.038	43.9194
344.047	33.629
344.056	23.7635
344.064	26.8089
344.073	38.5468
344.082	60.3453
344.09	68.7868
344.099	54.4439
344.107	52.1747
344.116	31.9611
344.125	26.0864
344.133	58.9019
344.142	51.4736
344.151	31.7912
344.159	42.0663
344.168	24.86
344.176	23.0119
344.185	18.5618
344.194	17.5597
344.202	45.3991
344.211	48.4819
344.219	53.824
344.228	28.5182
344.237	20.1706
344.245	35.8783
344.254	47.0752
344.262	40.787
344.271	29.6184
344.28	24.9718
344.288	38.5544
344.297	41.6009
344.305	49.0391
344.314	44.3613
344.323	24.6298
344.331	44.1419
344.34	37.7375
344.348	18.7614
344.357	15.1854
344.366	26.5519
344.374	27.9764
344.383	36.8732
344.391	34.5614
344.4	26.319
344.408	28.3076
344.417	30.7971
344.426	45
344.434	73.4057
344.443	74.8474
344.451	34.3314
344.46	23.3652
344.468	21.1604
344.477	27.5116
344.485	26.5558
344.494	23.1037
344.503	33.1818
344.511	22.6795
344.52	19.7785
344.528	45.5421
344.537	34.3649
344.545	27.4203
344.554	34.7382
344.562	36.1603
344.571	40.6815
344.58	38.0331
344.588	10.671
344.597	31.2368
344.605	32.6166
344.614	33.1359
344.622	17.296
344.631	34.0099
344.639	38.6708
344.648	31.2422
344.656	14.0598
344.665	8.36627
344.673	14.0233
344.682	34.6007
344.69	20.7229
344.699	14.2279
344.707	28.3555
344.716	10.0235
344.724	7.86473
344.733	20.0665
344.741	10.4984
344.75	8.80234
344.758	13.5558
344.767	24.0935
344.775	26.7496
344.784	17.4377
344.792	19.2082
344.801	35.9896
344.809	28.4015
344.818	12.9345
344.826	11.3862
344.835	18.3687
344.843	39.809
344.852	16.6442
344.86	36.0901
344.869	90.556
344.877	18.2681
344.886	11.2483
344.894	12.6785
344.903	22.4452
344.911	25.7165
344.92	16.1898
344.928	28.0236
344.937	15.6463
344.945	13.603
344.954	16.3554
344.962	18.9054
344.971	8.86419
344.979	6.01393
344.988	6.65379
344.996	12.6292
345.004	8.1093
345.013	13.3557
345.021	18.5133
345.03	24.8536
345.038	20.7779
345.047	27.0758
345.055	24.4796
345.064	9.10841
345.072	8.46738
345.081	14.2581
345.089	10.7183
345.097	15.3097
345.106	15.291
345.114	36.8619
345.123	22.4402
345.131	18.7518
345.14	39.4812
345.148	22.4222
345.156	20.9588
345.165	5.99828
345.173	8.22793
345.182	11.0849
345.19	15.3993
345.199	18.3729
345.207	25.4928
345.215	27.2522
345.224	12.2869
345.232	12.1167
345.241	12.8836
345.249	25.9189
345.258	30.8928
345.266	63.8729
345.274	37.2129
345.283	22.2472
345.291	25.1311
345.3	26.4162
345.308	20.8666
345.316	21.804
345.325	39.4395
345.333	28.9582
345.342	36.8887
345.35	41.2285
345.358	8.31595
345.367	13.9139
345.375	11.0669
345.384	12.5498
345.392	11.9668
345.4	37.4791
345.409	28.6077
345.417	33.1602
345.425	23.5983
345.434	19.9457
345.442	16.6249
345.451	9.06797
345.459	22.8666
345.467	32.6261
345.476	23.3197
345.484	57.34
345.492	25.397
345.501	17.0836
345.509	23.1801
345.518	26.0608
345.526	32.2622
345.534	12.3917
345.543	14.3814
345.551	25.4497
345.559	31.4195
345.568	21.6307
345.576	14.7309
345.584	13.3722
345.593	15.8933
345.601	11.564
345.609	20.6821
345.618	29.3294
345.626	50.3559
345.634	40.7794
345.643	31.5716
345.651	51.4916
345.659	23.6955
345.668	30.5264
345.676	44.984
345.684	52.0453
345.693	48.2965
345.701	45.619
345.709	30.2512
345.718	19.7498
345.726	11.3265
345.734	27.1379
345.743	38.476
345.751	60.3953
345.759	41.7152
345.768	19.2373
345.776	31.0102
345.784	27.3632
345.793	18.8954
345.801	28.8482
345.809	36.5431
345.818	36.9902
345.826	29.7388
345.834	50.6444
345.842	47.6907
345.851	50.6808
345.859	28.207
345.867	34.9653
345.876	42.2827
345.884	21.7577
345.892	21.6113
345.901	31.9345
345.909	35.7174
345.917	44.9613
345.925	47.8111
345.934	46.0927
345.942	45.5287
345.951	46.158
345.96	48.2653
345.97	56.918
345.979	57.3361
345.988	62.0586
345.998	50.2852
346.007	47.6715
346.016	40.5333
346.025	32.8519
346.035	43.4804
346.044	36.8242
346.053	38.6012
346.063	53.3522
346.072	37.9873
346.081	43.3501
346.09	51.3698
346.1	41.5661
346.109	49.5134
346.118	51.6326
346.127	54.6769
346.137	63.7329
346.146	40.9259
346.155	40.2837
346.164	33.116
346.174	40.583
346.183	46.446
346.192	41.2042
346.201	49.2098
346.211	51.2496
346.22	41.2082
346.229	51.1905
346.238	56.7216
346.248	57.3158
346.257	41.263
346.266	52.3094
346.275	49.4017
346.285	54.8493
346.294	40.5114
346.303	49.7431
346.312	55.0417
346.322	55.446
346.331	57.7866
346.34	52.5463
346.349	50.4191
346.359	46.792
346.368	51.0032
346.377	63.7888
346.386	54.1816
346.395	63.0941
346.405	48.51
346.414	43.286
346.423	43.1646
346.432	75.1512
346.442	65.5472
346.451	57.2502
346.46	76.0788
346.469	75.0822
346.478	63.2663
346.488	59.3863
346.497	65.7231
346.506	61.9285
346.515	55.674
346.524	51.7806
346.534	72.1997
346.543	75.3528
346.552	73.8687
346.561	65.5185
346.57	75.3547
346.58	87.8112
346.589	71.9404
346.598	61.6141
346.607	59.2431
346.616	75.4596
346.625	63.5845
346.635	80.1737
346.644	81.9315
346.653	78.7857
346.662	76.3757
346.671	61.0173
346.681	45.0923
346.69	61.1501
346.699	65.4605
346.708	77.9665
346.717	65.9521
346.726	72.3707
346.736	85.1892
346.745	60.1849
346.754	63.9234
346.763	68.3549
346.772	94.698
346.781	79.8059
346.791	99.7466
346.8	94.0692
346.809	89.5911
346.818	111.061
346.827	104.055
346.836	92.2213
346.845	92.2624
346.855	76.0787
346.864	98.7079
346.873	97.2066
346.882	87.3924
346.891	65.8557
346.9	70.5634
346.909	67.2324
346.919	54.6959
346.928	66.1896
346.937	93.7995
346.946	94.9482
346.955	94.4411
346.964	79.5938
346.973	66.2427
346.983	59.4915
346.992	66.8342
347.001	77.3772
347.01	72.6635
347.019	68.2744
347.028	51.4966
347.037	65.5109
347.046	85.4048
347.055	62.6399
347.065	71.605
347.074	58.23
347.083	66.9055
347.092	94.5588
347.101	84.9265
347.11	63.2335
347.119	67.9438
347.128	60.8154
347.137	52.9723
347.146	49.2207
347.156	60.1833
347.165	54.9964
347.174	69.9356
347.183	64.0925
347.192	63.8094
347.201	69.5295
347.21	59.7553
347.219	62.4477
347.228	74.2004
347.237	56.1819
347.246	50.7713
347.256	56.1574
347.265	78.4187
347.274	50.4713
347.283	50.4422
347.292	62.8307
347.301	58.3848
347.31	42.4525
347.319	55.9876
347.328	50.716
347.337	37.4976
347.346	50.3506
347.355	65.9173
347.364	64.6502
347.373	34.359
347.382	35.8308
347.392	52.753
347.401	61.5325
347.41	70.7415
347.419	40.9926
347.428	36.442
347.437	38.7608
347.446	38.9241
347.455	40.2852
347.464	35.4728
347.473	39.0552
347.482	41.5727
347.491	53.5105
347.5	50.0683
347.509	38.672
347.518	49.8105
347.527	31.2182
347.536	25.5599
347.545	30.9729
347.554	40.269
347.563	36.8086
347.572	39.7047
347.581	42.0286
347.59	45.3967
347.599	33.9863
347.608	28.9447
347.617	28.5731
347.626	30.2983
347.635	30.2166
347.644	28.0478
347.653	24.6459
347.662	42.6106
347.671	45.5685
347.68	66.9722
347.689	26.8949
347.698	40.021
347.707	32.1783
347.716	25.4373
347.725	32.0046
347.734	23.6172
347.743	25.2267
347.752	34.7769
347.761	20.3548
347.77	22.1061
347.779	25.0495
347.788	19.9458
347.797	29.4259
347.806	34.31
347.815	30.2163
347.824	37.3756
347.833	33.7849
347.842	35.4996
347.851	17.1848
347.86	20.2119
347.869	24.3815
347.878	35.1167
347.887	23.9487
347.896	28.8298
347.905	35.8543
347.914	41.2807
347.923	27.933
347.932	34.1399
347.941	29.9481
347.95	20.619
347.959	14.2083
347.968	31.3205
347.977	26.4288
347.986	17.1622
347.995	18.4965
348.004	22.6335
348.013	30.5393
348.021	25.3749
348.03	28.4992
348.039	19.7845
348.048	32.6565
348.057	20.5032
348.066	37.0508
348.075	41.0662
348.084	59.9638
348.093	65.9989
348.102	34.7814
348.111	25.7635
348.12	26.1342
348.129	21.594
348.138	29.2149
348.147	34.8055
348.155	30.3802
348.164	41.5174
348.173	27.5006
348.182	30.4801
348.191	50.4875
348.2	74.8335
348.209	51.386
348.218	54.8227
348.227	29.0192
348.236	32.996
348.245	49.6913
348.254	47.7245
348.262	61.3385
348.271	34.4522
348.28	32.1644
348.289	29.0856
348.298	29.4337
348.307	41.3298
348.316	37.6571
348.325	36.238
348.334	33.0188
348.342	35.7886
348.351	54.832
348.36	47.1786
348.369	38.1143
348.378	67.0773
348.387	53.8051
348.396	41.7616
348.405	53.6951
348.414	49.3911
348.422	36.7229
348.431	36.6141
348.44	52.5033
348.449	42.7441
348.458	31.2835
348.467	33.2533
348.476	33.626
348.484	43.1216
348.493	38.2527
348.502	29.4452
348.511	43.8335
348.52	36.7486
348.529	28.5636
348.538	50.0439
348.546	36.4276
348.555	44.2236
348.564	42.7208
348.573	20.0348
348.582	27.3539
348.591	41.4554
348.6	46.8242
348.608	41.3068
348.617	43.9524
348.626	52.2694
348.635	22.0787
348.644	35.2569
348.653	34.8968
348.661	18.6722
348.67	17.9373
348.679	28.0191
348.688	19.461
348.697	43.7554
348.706	40.0631
348.714	67.0211
348.723	63.7407
348.732	24.6721
348.741	23.3299
348.75	25.0482
348.758	20.4754
348.767	21.8776
348.776	31.4291
348.785	46.9117
348.794	43.2587
348.802	67.6925
348.811	40.9686
348.82	40.0529
348.829	40.2145
348.838	27.4266
348.846	16.8493
348.855	20.1062
348.864	28.8336
348.873	21.0767
348.882	30.3607
348.89	28.7979
348.899	10.5916
348.908	20.5649
348.917	23.6766
348.926	52.001
348.934	60.6724
348.943	59.0082
348.952	53.7983
348.961	20.1091
348.969	28.6726
348.978	50.8952
348.987	66.5383
348.996	34.2675
349.005	29.0291
349.013	37.6002
349.022	26.2372
349.031	30.2793
349.04	35.5509
349.048	46.2985
349.057	16.1524
349.066	11.116
349.075	37.0372
349.083	45.7018
349.092	57.4105
349.101	38.8685
349.11	48.2208
349.118	34.1906
349.127	22.2795
349.136	16.1856
349.145	26.7048
349.153	55.0644
349.162	52.6434
349.171	97.5782
349.18	71.9526
349.188	31.4242
349.197	13.9325
349.206	21.8458
349.215	48.0137
349.223	35.9597
349.232	47.9693
349.241	72.5155
349.249	109.118
349.258	84.6028
349.267	42.0313
349.276	31.1625
349.284	23.6397
349.293	22.929
349.302	27.186
349.31	49.2324
349.319	75.0482
349.328	75.9217
349.337	50.1987
349.345	25.4908
349.354	34.6449
349.363	20.1751
349.371	32.2675
349.38	27.4335
349.389	49.3725
349.397	90.3547
349.406	83.7594
349.415	65.9507
349.424	38.6398
349.432	38.1971
349.441	26.1657
349.45	27.9076
349.458	36.6573
349.467	48.3461
349.476	24.5129
349.484	56.1127
349.493	51.8497
349.502	50.5178
349.51	118.935
349.519	60.7235
349.528	55.9442
349.536	37.0399
349.545	49.2233
349.554	49.933
349.562	35.7209
349.571	40.2469
349.58	77.6311
349.588	59.095
349.597	42.2433
349.606	39.2427
349.614	45.6831
349.623	25.6493
349.632	39.8142
349.64	66.8222
349.649	67.5462
349.658	41.3437
349.666	64.7552
349.675	48.0686
349.684	38.984
349.692	31.9841
349.701	47.2918
349.709	37.3568
349.718	62.8191
349.727	59.1042
349.735	62.3994
349.744	88.005
349.753	38.8298
349.761	59.6692
349.77	70.6242
349.779	63.3855
349.787	59.4461
349.796	48.5032
349.804	109.954
349.813	117.03
349.822	79.2692
349.83	103.034
349.839	127.689
349.847	120.465
349.856	91.0161
349.865	75.6613
349.873	112.068
349.882	106.874
349.891	112.16
349.899	151.683
349.908	133.473
349.916	184.395
349.925	189.214
349.933	199.41
349.942	221.269
349.951	149.64
349.959	140.162
349.968	146.774
349.976	199.1
349.985	236.659
349.994	180.018
350.002	117.199
350.011	127.467
350.019	148.128
350.028	90.4968
350.037	79.6176
350.045	22.732
350.054	18.818
350.062	17.7454
350.071	27.0819
350.079	26.4443
350.088	14.5846
350.097	18.1481
350.105	50.321
350.114	24.5337
350.122	20.9322
350.131	24.864
350.139	23.4815
350.148	39.0767
350.156	22.1249
350.165	17.1489
350.174	51.6051
350.182	28.2965
350.191	6.82095
350.199	11.1729
350.208	25.8452
350.216	39.5184
350.225	70.5354
350.233	61.8071
350.242	56.5571
350.25	16.6802
350.259	14.9068
350.267	24.8143
350.276	55.3893
350.285	55.3199
350.293	38.2691
350.302	34.7979
350.31	31.3103
350.319	27.5733
350.327	16.9517
350.336	17.2756
350.344	20.0117
350.353	23.3654
350.361	33.2665
350.37	24.0839
350.378	17.5175
350.387	20.6971
350.395	21.1912
350.404	31.1541
350.412	24.0906
350.421	33.684
350.429	22.0256
350.438	23.2893
350.446	36.0545
350.455	28.034
350.463	33.0457
350.472	35.8172
350.48	58.963
350.489	66.0498
350.497	43.7514
350.506	50.7351
350.514	43.6465
350.523	51.6271
350.531	53.304
350.54	54.8127
350.548	32.6475
350.557	21.041
350.565	40.9497
350.574	35.7185
350.582	16.8591
350.591	20.1629
350.599	9.35143
350.608	14.5097
350.616	46.7509
350.624	62.3248
350.633	65.187
350.641	42.0066
350.65	37.8873
350.658	71.711
350.667	97.2624
350.675	50.3577
350.684	37.184
350.692	72.7879
350.701	65.368
350.709	44.4561
350.717	36.3172
350.726	59.3736
350.734	30.893
350.743	32.9304
350.751	55.3986
350.76	28.9868
350.768	45.3082
350.777	55.8737
350.785	48.1735
350.793	54.4285
350.802	52.4866
350.81	65.6586
350.819	54.5572
350.827	53.3059
350.836	34.8927
350.844	41.3923
350.852	46.7
350.861	58.7337
350.869	54.4221
350.878	48.3181
350.886	42.735
350.894	45.6859
350.903	39.4099
350.911	43.8555
350.92	51.7657
350.928	44.2868
350.937	46.5352
350.945	41.871
350.953	85.1062
350.962	104.471
350.97	91.511
350.979	46.3225
350.987	69.66
350.989	67.233
350.998	101.609
351.008	85.4292
351.017	50.6611
351.027	76.1634
351.036	114.291
351.045	82.037
351.055	88.2611
351.064	71.7101
351.074	63.8412
351.083	59.5725
351.093	67.9338
351.102	76.3123
351.111	118.734
351.121	71.1195
351.13	62.8186
351.14	80.5404
351.149	101.513
351.158	103.125
351.168	67.8698
351.177	75.9653
351.187	46.0679
351.196	79.6142
351.206	74.4568
351.215	49.9868
351.224	61.0252
351.234	50.3458
351.243	50.8029
351.253	54.7507
351.262	66.9583
351.271	112.409
351.281	96.4972
351.29	62.0446
351.299	117.333
351.309	111.985
351.318	68.7674
351.328	50.1977
351.337	84.8668
351.346	115.131
351.356	100.609
351.365	70.9436
351.375	72.7084
351.384	79.2132
351.393	70.0445
351.403	88.0194
351.412	117.167
351.421	108.477
351.431	75.172
351.44	63.9833
351.449	63.8771
351.459	109.033
351.468	98.7617
351.478	88.5375
351.487	134.103
351.496	138.367
351.506	121.959
351.515	87.9199
351.524	78.8112
351.534	67.3544
351.543	93.3243
351.552	131.274
351.562	98.7941
351.571	87.8942
351.58	87.9292
351.59	111.362
351.599	103.486
351.608	102.161
351.618	83.1607
351.627	107.862
351.636	124.646
351.646	185.926
351.655	191.713
351.664	91.3737
351.674	94.3154
351.683	130.554
351.692	182.393
351.702	176.699
351.711	111.056
351.72	87.6001
351.73	77.5935
351.739	133.843
351.748	209.902
351.758	157.708
351.767	135.724
351.776	193.686
351.786	211.835
351.795	138.068
351.804	91.8112
351.813	112.796
351.823	181.637
351.832	210.57
351.841	185.92
351.851	133.36
351.86	145.632
351.869	164.405
351.879	153.65
351.888	131.069
351.897	122.679
351.906	143.764
351.916	203.608
351.925	178.235
351.934	124.389
351.944	141.155
351.953	178.271
351.962	203.004
351.971	159.733
351.981	118.566
351.99	155.853
351.999	242.299
352.009	232.396
352.018	136.355
352.027	116.139
352.036	134.695
352.046	144.77
352.055	188.761
352.064	260.762
352.073	328.2
352.083	281.811
352.092	123.153
352.101	142.312
352.11	157.208
352.12	198.481
352.129	272.01
352.138	291.65
352.147	158.515
352.157	130.189
352.166	194.779
352.175	256.698
352.184	286.15
352.194	319.132
352.203	309.229
352.212	197.805
352.221	163.227
352.231	155.499
352.24	204.877
352.249	356.936
352.258	248.365
352.267	160.165
352.277	156.849
352.286	289.971
352.295	366.178
352.304	474.981
352.314	371.193
352.323	198.23
352.332	163.14
352.341	168.293
352.35	227.228
352.36	302.912
352.369	237.04
352.378	179.909
352.387	144.944
352.397	155.132
352.406	322.099
352.415	457.029
352.424	342.012
352.433	221.62
352.443	135.435
352.452	112.282
352.461	146.289
352.47	236.357
352.479	255.037
352.489	204.656
352.498	201.892
352.507	242.034
352.516	368.567
352.525	369.994
352.534	220.345
352.544	185.757
352.553	99.7168
352.562	133.156
352.571	205.133
352.58	301.039
352.59	200.895
352.599	249.887
352.608	373.714
352.617	363.476
352.626	327.107
352.635	266.199
352.644	215.613
352.654	125.951
352.663	133.771
352.672	308.964
352.681	388.823
352.69	377.096
352.699	436.281
352.709	301.286
352.718	237.623
352.727	244.481
352.736	300.857
352.745	314.789
352.754	195.78
352.763	255.953
352.773	316.563
352.782	416.199
352.791	434.679
352.8	253.991
352.809	173.221
352.818	146.253
352.827	220.26
352.837	307.103
352.846	242.177
352.855	331.211
352.864	558.039
352.873	644.971
352.882	299.988
352.891	132.778
352.9	137.735
352.91	170.234
352.919	208.082
352.928	329.061
352.937	503.592
352.946	715.498
352.955	472.179
352.964	246.431
352.973	152.497
352.982	121.193
352.992	133.722
353.001	241.628
353.01	499.955
353.019	649.97
353.028	584.815
353.037	392.964
353.046	232.336
353.055	201.825
353.064	149.253
353.073	257.123
353.083	377.885
353.092	502.659
353.101	543.386
353.11	433.948
353.119	291.723
353.128	271.623
353.137	336.556
353.146	385.083
353.155	342.398
353.164	339.401
353.173	423.872
353.182	468.461
353.191	362.008
353.2	328.194
353.21	351.303
353.219	351.184
353.228	396.145
353.237	411.225
353.246	548.498
353.255	544.87
353.264	361.966
353.273	257.56
353.282	242.106
353.291	311.615
353.3	374.899
353.309	369.557
353.318	313.387
353.327	326.027
353.336	359.223
353.345	361.966
353.354	388.303
353.363	398.109
353.372	305.57
353.381	245.402
353.391	322.758
353.4	410.958
353.409	409.284
353.418	559.657
353.427	671.087
353.436	860.177
353.445	615.032
353.454	504.58
353.463	692.349
353.472	832.085
353.481	706.052
353.49	630.634
353.499	936.777
353.508	1028.77
353.517	967.041
353.526	930.78
353.535	1111.63
353.544	1479.83
353.553	1569.62
353.562	1870.98
353.571	2487.02
353.58	2272.14
353.589	1671.04
353.598	1521.11
353.607	1707.13
353.616	1785.89
353.625	1627.72
353.634	1189.6
353.643	1031.71
353.652	1220.84
353.661	927.774
353.67	385.358
353.679	134.803
353.688	75.1067
353.697	66.607
353.706	48.8572
353.715	47.0312
353.724	57.9235
353.733	41.328
353.741	38.7365
353.75	75.1673
353.759	64.9249
353.768	74.0864
353.777	77.9937
353.786	64.7354
353.795	62.8014
353.804	77.5398
353.813	106.176
353.822	137.17
353.831	114.621
353.84	92.783
353.849	80.8286
353.858	64.3962
353.867	72.2001
353.876	53.3303
353.885	15.0244
353.894	16.4834
353.903	26.4918
353.912	30.0307
353.921	49.5811
353.929	43.0249
353.938	46.6542
353.947	34.6309
353.956	37.0617
353.965	37.9485
353.974	33.7348
353.983	39.9177
353.992	40.2942
354.001	93.5756
354.01	79.9206
354.019	67.0277
354.028	68.6357
354.037	90.8867
354.046	95.1446
354.054	103.917
354.063	91.642
354.072	68.9799
354.081	43.6885
354.09	35.0318
354.099	32.118
354.108	28.6879
354.117	20.5175
354.126	35.6153
354.135	25.1793
354.143	22.9059
354.152	16.0387
354.161	29.3916
354.17	46.1571
354.179	27.3501
354.188	66.1744
354.197	92.4244
354.206	75.9508
354.215	62.2733
354.223	53.5058
354.232	69.9811
354.241	56.5088
354.25	44.3498
354.259	53.4507
354.268	46.1531
354.277	28.3107
354.286	24.5742
354.294	31.3976
354.303	38.6803
354.312	30.1094
354.321	57.6623
354.33	49.967
354.339	33.3045
354.348	50.6084
354.356	57.4311
354.365	34.3542
354.374	80.8248
354.383	124.74
354.392	98.4352
354.401	94.2623
354.41	146.653
354.418	122.594
354.427	107.995
354.436	85.3171
354.445	107.795
354.454	54.0533
354.463	38.6884
354.471	36.2221
354.48	35.404
354.489	36.7709
354.498	27.0062
354.507	45.3274
354.516	25.7803
354.524	26.063
354.533	72.6311
354.542	111.968
354.551	119.337
354.56	118.448
354.569	106.815
354.577	98.1176
354.586	117.291
354.595	78.3778
354.604	96.2662
354.613	141.006
354.621	86.5687
354.63	47.4703
354.639	40.5777
354.648	33.0825
354.657	44.3675
354.665	66.0438
354.674	50.2551
354.683	60.7686
354.692	67.7428
354.701	51.5959
354.709	79.0617
354.718	195.461
354.727	174.841
354.736	98.7101
354.745	112.487
354.753	108.63
354.762	114.244
354.771	126.458
354.78	117.118
354.789	198.91
354.797	161.668
354.806	100.87
354.815	80.5357
354.824	72.0283
354.832	58.5876
354.841	91.8278
354.85	87.3299
354.859	86.5849
354.867	111.743
354.876	115.732
354.885	194.193
354.894	160.649
354.902	93.1505
354.911	85.5507
354.92	131.26
354.929	163.04
354.937	123.319
354.946	116.656
354.955	167.546
354.964	193.755
354.972	106.64
354.981	113.8
354.99	63.9988
354.999	54.9904
355.007	37.5109
355.016	25.9994
355.025	40.7807
355.034	46.8162
355.042	96.5013
355.051	255.021
355.06	316.565
355.068	220.897
355.077	217.958
355.086	244.75
355.095	225.914
355.103	178.712
355.112	110.098
355.121	147.096
355.13	211.19
355.138	144.225
355.147	87.3734
355.156	58.4644
355.164	84.3915
355.173	62.8703
355.182	70.5856
355.19	55.2691
355.199	141.159
355.208	262.772
355.217	275.129
355.225	145.397
355.234	140.642
355.243	229.916
355.251	326.193
355.26	288.761
355.269	175.884
355.277	215.201
355.286	282.515
355.295	225.735
355.303	109.891
355.312	58.7325
355.321	43.3316
355.329	59.5205
355.338	65.7624
355.347	108.101
355.355	207.482
355.364	369.815
355.373	379.111
355.382	202.405
355.39	120.056
355.399	244.561
355.407	295.069
355.416	197.404
355.425	135.33
355.433	223.665
355.442	301.357
355.451	301.29
355.459	147.941
355.468	90.9699
355.477	127.913
355.485	102.102
355.494	103.378
355.503	225.802
355.511	402.21
355.52	331.797
355.529	186.567
355.537	157.801
355.546	233.788
355.554	334.258
355.563	251.417
355.572	108.25
355.58	149.081
355.589	303.322
355.598	343.801
355.606	227.414
355.615	88.2636
355.623	64.0432
355.632	145.793
355.641	280.318
355.649	478.713
355.658	532.564
355.667	406.333
355.675	190.233
355.684	160.202
355.692	344.734
355.701	391.531
355.71	387.981
355.718	244.439
355.727	225.109
355.735	349.831
355.744	374.121
355.753	291.719
355.761	121.417
355.77	118.415
355.778	249.647
355.787	467.107
355.796	418.761
355.804	297.704
355.813	189.689
355.821	192.642
355.83	325.882
355.838	457.788
355.847	374.278
355.856	234.496
355.864	233.697
355.873	397.989
355.881	446.923
355.89	314.048
355.898	209.646
355.907	227.169
355.916	468.843
355.924	724.678
355.933	571.432
355.941	351.534
355.95	259.794
355.958	290.225
355.967	413.787
355.976	473.002
355.984	422.419
355.993	244.473
356.001	383.76
356.01	687.127
356.018	548.965
356.027	349.539
356.035	445.421
356.044	542.383
356.052	812.476
356.061	498.793
356.069	239.979
356.078	159.802
356.087	236.728
356.095	481.283
356.104	630.381
356.112	414.266
356.121	215.915
356.129	281.153
356.138	483.911
356.146	706.485
356.155	684.32
356.163	621.847
356.172	802.439
356.18	735.402
356.189	450.162
356.196	174.591
356.206	223.085
356.215	384.556
356.225	688.751
356.234	594.677
356.244	319.761
356.254	374.019
356.263	502.714
356.273	784.469
356.282	924.508
356.292	789.673
356.301	495.525
356.311	265.887
356.321	223.001
356.33	418.184
356.34	664.539
356.349	783.377
356.359	449.76
356.368	282.942
356.378	318.976
356.387	924.242
356.397	1534.1
356.407	1070.12
356.416	472.164
356.426	206.598
356.435	231.555
356.445	415.786
356.454	749.119
356.464	810.126
356.473	454.22
356.483	351.218
356.492	730.484
356.502	1360.19
356.512	1285.74
356.521	667.039
356.531	283.018
356.54	188.801
356.55	288.729
356.559	566.276
356.569	823.619
356.578	608.158
356.588	448.943
356.597	846.958
356.607	1290.66
356.616	1324.19
356.626	896.471
356.635	535.437
356.645	250.695
356.654	415.441
356.664	703.373
356.673	928.534
356.683	986.359
356.692	1129.6
356.702	1219.47
356.711	872.209
356.721	918.951
356.73	846.646
356.74	528.681
356.749	412.653
356.759	622.045
356.768	947.311
356.778	1142.33
356.787	1243.22
356.797	1117.67
356.806	752.049
356.816	680.375
356.825	763.805
356.835	715.647
356.844	621.2
356.854	1002.63
356.863	1489.46
356.873	1595.44
356.882	1009.9
356.892	613.074
356.901	433.78
356.911	544.511
356.92	910.643
356.93	1124.46
356.939	1472.17
356.948	2092.82
356.958	2077.42
356.967	1326.67
356.977	598.964
356.986	465.629
356.996	506.51
357.005	847.632
357.015	1243.91
357.024	1586.53
357.034	1898.54
357.043	1231.58
357.052	665.207
357.062	496.983
357.071	473.191
357.081	715.669
357.09	1373.21
357.1	2058.99
357.109	1989.83
357.118	1366.08
357.128	842.035
357.137	620.394
357.147	810.909
357.156	1271.58
357.166	1432.68
357.175	1504.08
357.184	1558.44
357.194	1218.44
357.203	983.367
357.213	1048.48
357.222	1096.34
357.232	1109.9
357.241	1059.34
357.25	1491.9
357.26	1687.84
357.269	1570.91
357.279	1287.26
357.288	938.694
357.297	842.482
357.307	1203.54
357.316	1543.04
357.326	1585.47
357.335	1203.76
357.344	976.514
357.354	916.831
357.363	1347.79
357.373	1522.69
357.382	1343.89
357.391	959.612
357.401	1109.57
357.41	1307.3
357.42	1321.73
357.429	1405.95
357.438	1711.69
357.448	2126.06
357.457	2356.21
357.466	2000.97
357.476	1914.78
357.485	2555.78
357.495	2664.97
357.504	1937.68
357.513	1903.41
357.523	2810.45
357.532	3346.47
357.541	3239.41
357.551	3704.26
357.56	4332.59
357.569	4940.03
357.579	5650.62
357.588	7250.27
357.598	8557.83
357.607	8036.08
357.616	6677.93
357.626	5982.29
357.635	6299.93
357.644	6419.56
357.654	4751
357.663	4005.3
357.672	4030.49
357.682	3142.27
357.691	1238.13
357.7	494.611
357.71	273.875
357.719	169.717
357.728	119.301
357.738	121.218
357.747	115.869
357.756	106.103
357.766	122.028
357.775	114.809
357.784	149.048
357.794	145.278
357.803	100.74
357.812	95.4775
357.822	120.056
357.831	96.2136
357.84	106.889
357.85	83.4091
357.859	81.3513
357.868	115.05
357.877	135.158
357.887	119.795
357.896	90.7496
357.905	131.737
357.915	143.829
357.924	114.88
357.933	120.07
357.943	144.032
357.952	160.068
357.961	123.72
357.97	113.28
357.98	110.401
357.989	87.5839
357.998	115.676
358.008	76.606
358.017	65.6591
358.026	133.187
358.035	94.3305
358.045	72.4717
358.054	100.556
358.063	119.666
358.072	110.103
358.082	123.219
358.091	167.11
358.1	126.137
358.11	123.72
358.119	161.965
358.128	192.06
358.137	206.908
358.147	203.725
358.156	314.72
358.165	286.287
358.174	360.764
358.184	340.444
358.193	334.674
358.202	292.597
358.211	228.318
358.221	116.877
358.23	92.7399
358.239	115.859
358.248	105.177
358.258	113.753
358.267	110.114
358.276	77.5162
358.285	72.7332
358.295	72.6216
358.304	58.186
358.313	76.6274
358.322	88.8021
358.331	101.143
358.341	91.96
358.35	41.5177
358.359	34.8274
358.368	48.554
358.378	51.3952
358.387	35.6184
358.396	40.6164
358.405	70.7035
358.414	63.7457
358.424	44.6747
358.433	36.9316
358.442	41.0004
358.451	58.4812
358.46	59.0171
358.47	42.8598
358.479	50.7958
358.488	55.9576
358.497	45.281
358.506	33.9997
358.516	57.8944
358.525	82.0961
358.534	84.7101
358.543	56.7889
358.552	42.9963
358.562	50.3556
358.571	69.9833
358.58	76.0304
358.589	76.7017
358.598	71.4243
358.607	66.8131
358.617	64.2744
358.626	61.945
358.635	43.3923
358.644	34.369
358.653	66.8094
358.662	82.6561
358.672	66.5936
358.681	65.7982
358.69	80.319
358.699	77.6123
358.708	85.417
358.717	80.8964
358.727	51.5102
358.736	55.346
358.745	86.5637
358.754	95.9937
358.763	91.1496
358.772	87.1077
358.782	71.3984
358.791	80.6528
358.8	91.2394
358.809	125.928
358.818	116.633
358.827	98.043
358.836	127.944
358.845	115.029
358.855	101.904
358.864	89.7748
358.873	73.0358
358.882	70.2154
358.891	71.715
358.9	82.7553
358.909	104.877
358.919	117.311
358.928	84.8265
358.937	80.8581
358.946	56.1476
358.955	31.3557
358.964	30.3657
358.973	31.9496
358.982	46.9731
358.991	40.792
359.001	36.0911
359.01	29.9605
359.019	23.1655
359.028	29.3065
359.037	55.1515
359.046	33.7453
359.055	53.6928
359.064	32.143
359.073	26.2416
359.082	36.8976
359.092	41.2178
359.101	28.0632
359.11	23.8625
359.119	25.0844
359.128	41.4698
359.137	37.7183
359.146	41.5128
359.155	33.0807
359.164	18.5491
359.173	13.7969
359.182	23.1558
359.191	37.218
359.201	29.2121
359.21	36.9372
359.219	30.7984
359.228	23.2563
359.237	24.2278
359.246	16.5048
359.255	21.155
359.264	23.5828
359.273	15.987
359.282	30.5059
359.291	33.899
359.3	35.4558
359.309	37.0265
359.318	42.7655
359.327	46.3155
359.336	29.7869
359.345	17.4608
359.354	19.6463
359.363	21.458
359.373	21.0867
359.382	23.6115
359.391	42.0212
359.4	52.1636
359.409	28.6713
359.418	39.0827
359.427	16.0895
359.436	22.5976
359.445	33.6911
359.454	34.1542
359.463	35.792
359.472	35.3118
359.481	28.0906
359.49	37.7539
359.499	36.6361
359.508	29.348
359.517	20.7296
359.526	14.9148
359.535	25.6415
359.544	37.9105
359.553	26.8253
359.562	48.0534
359.571	34.7977
359.58	30.0018
359.589	25.9193
359.598	34.6202
359.607	14.982
359.616	19.5601
359.625	62.0091
359.634	75.6594
359.643	52.4437
359.652	41.9669
359.661	32.9078
359.67	22.1968
359.679	41.3591
359.688	21.2915
359.697	40.3077
359.706	44.7033
359.715	29.3018
359.724	19.8542
359.733	7.34698
359.742	18.0378
359.751	18.3349
359.76	22.5518
359.769	21.7282
359.778	24.1046
359.787	25.4782
359.796	6.49666
359.804	17.4386
359.813	30.0224
359.822	35.0591
359.831	29.7396
359.84	19.1889
359.849	9.83555
359.858	25.7255
359.867	52.466
359.876	21.3035
359.885	22.923
359.894	33.7059
359.903	41.6932
359.912	32.164
359.921	28.57
359.93	33.9824
359.939	21.5827
359.948	14.7986
359.957	25.6346
359.965	14.9273
359.974	25.1597
359.983	29.4146
359.992	22.7077
360.001	20.7397
360.01	18.8537
360.019	40.9336
360.028	53.988
360.037	28.7441
360.046	39.7383
360.055	32.9175
360.064	22.8515
360.073	38.2871
360.081	16.2819
360.09	16.8096
360.099	34.263
360.108	35.021
360.117	22.5885
360.126	32.9308
360.135	38.3258
360.144	23.048
360.153	25.7279
360.162	45.6517
360.17	49.9287
360.179	21.1269
360.188	32.4835
360.197	22.537
360.206	23.5823
360.215	25.8103
360.224	31.3422
360.233	18.5712
360.241	26.8154
360.25	39.2777
360.259	32.8185
360.268	34.9591
360.277	11.6792
360.286	14.3371
360.295	17.0961
360.304	16.0194
360.312	22.7335
360.321	27.0615
360.33	34.4665
360.339	50.4509
360.348	33.7162
360.357	30.9204
360.366	23.3651
360.375	28.4074
360.383	21.8014
360.392	18.6123
360.401	25.5788
360.41	49.104
360.419	21.5888
360.428	12.7871
360.436	28.0991
360.445	32.9289
360.454	34.2813
360.463	24.701
360.472	16.6037
360.481	23.8669
360.489	25.2578
360.498	22.1622
360.507	17.9597
360.516	17.5286
360.525	20.6558
360.534	33.9259
360.542	32.2949
360.551	22.1819
360.56	31.6449
360.569	42.0878
360.578	29.718
360.586	47.4224
360.595	32.4057
360.604	37.774
360.613	25.4362
360.622	38.1589
360.631	35.4199
360.639	25.8545
360.648	28.1708
360.657	51.4653
360.666	45.2109
360.675	40.1107
360.683	60.0921
360.692	26.8001
360.701	30.7442
360.71	54.4354
360.718	30.7268
360.727	22.5088
360.736	33.5072
360.745	25.3796
360.754	21.406
360.762	14.5357
360.771	17.3385
360.78	27.6233
360.789	29.1068
360.798	28.6301
360.806	30.8429
360.815	45.2757
360.824	21.9611
360.833	23.2868
360.841	26.6831
360.85	41.6826
360.859	36.7484
360.868	28.424
360.876	28.8813
360.885	33.1334
360.894	60.8685
360.903	41.5884
360.911	31.0431
360.92	48.5049
360.929	57.8076
360.938	71.2805
360.946	39.2013
360.955	49.9782
360.964	42.7412
360.973	46.8119
360.981	70.0402
360.99	30.692
360.999	23.486
361.008	22.5166
361.016	21.6291
361.025	21.9044
361.034	30.8335
361.043	23.4744
361.051	37.6962
361.06	17.537
361.069	16.9063
361.077	30.7594
361.086	47.4903
361.095	42.7789
361.104	22.9145
361.112	23.1602
361.121	42.5307
361.13	48.3667
361.138	59.8532
361.147	101.564
361.156	70.4843
361.165	78.1738
361.173	38.5204
361.182	54.2905
361.191	74.6657
361.199	49.7148
361.208	57.8123
361.217	48.3946
361.225	110.623
361.234	60.1191
361.243	57.5431
361.251	57.1914
361.26	50.8109
361.269	47.5779
361.278	48.3948
361.286	65.37
361.295	40.4048
361.304	31.4932
361.312	51.7056
361.321	60.4235
361.33	55.0303
361.338	63.3488
361.347	66.4634
361.356	69.7153
361.364	30.7802
361.373	35.1293
361.382	24.3072
361.39	43.0542
361.399	38.0392
361.408	49.434
361.416	46.8917
361.425	30.9855
361.434	51.1725
361.442	95.4972
361.451	64.5921
361.459	36.3044
361.468	76.7414
361.477	96.495
361.485	94.5665
361.494	58.1961
361.503	55.1028
361.511	66.5238
361.52	47.5117
361.529	29.0294
361.537	27.9277
361.546	31.6495
361.551	126.469
361.561	100.759
361.571	76.4248
361.581	66.7995
361.59	36.5678
361.6	70.6874
361.61	95.0539
361.62	61.7172
361.629	62.7213
361.639	78.6777
361.649	58.7113
361.658	74.3189
361.668	112.393
361.678	103.63
361.688	114.135
361.697	147.908
361.707	97.3523
361.717	95.2402
361.726	67.9804
361.736	113.958
361.746	120.437
361.756	105.713
361.765	96.0246
361.775	117.6
361.785	122.255
361.794	142.807
361.804	148.735
361.814	150.906
361.823	83.0736
361.833	49.7087
361.843	66.3581
361.852	83.6383
361.862	86.9806
361.872	108.657
361.882	105.424
361.891	120.478
361.901	111.081
361.911	82.7638
361.92	71.431
361.93	71.0718
361.94	87.7844
361.949	87.8427
361.959	76.8308
361.969	93.7818
361.978	82.8719
361.988	62.9059
361.998	74.4515
362.007	91.2853
362.017	76.7315
362.027	75.7277
362.036	49.2816
362.046	52.9775
362.056	46.2905
362.065	65.2012
362.075	73.0534
362.085	79.1487
362.094	95.5939
362.104	97.9406
362.113	95.0664
362.123	93.0532
362.133	86.0748
362.142	75.5349
362.152	72.1724
362.162	91.8037
362.171	83.8698
362.181	87.7493
362.191	94.4511
362.2	87.2853
362.21	84.614
362.219	61.0321
362.229	92.4118
362.239	131.051
362.248	103.331
362.258	79.624
362.268	133.505
362.277	137.969
362.287	141.76
362.296	107.949
362.306	102.881
362.316	126.062
362.325	107.328
362.335	105.188
362.344	102.429
362.354	132.145
362.364	148.077
362.373	102.045
362.383	97.6264
362.393	124.973
362.402	117.65
362.412	149.724
362.421	156.679
362.431	164.174
362.44	166.042
362.45	150.958
362.46	114.067
362.469	112.559
362.479	102.267
362.488	148.047
362.498	176.475
362.508	221.358
362.517	245.864
362.527	173.07
362.536	115.53
362.546	109.279
362.555	124.563
362.565	124.157
362.575	153.694
362.584	164.685
362.594	151.862
362.603	116.724
362.613	102.32
362.622	134.136
362.632	140.688
362.642	119.056
362.651	140.093
362.661	187.536
362.67	145.002
362.68	118.063
362.689	128.073
362.699	113.295
362.708	143.405
362.718	131.879
362.728	114.601
362.737	130.435
362.747	112.837
362.756	142.255
362.766	138.855
362.775	128.802
362.785	116.594
362.794	127.108
362.804	147.578
362.813	128.165
362.823	114.173
362.832	109.389
362.842	102.21
362.851	108.239
362.861	113.968
362.871	100.936
362.88	119.359
362.89	135.092
362.899	199.822
362.909	184.717
362.918	165.605
362.928	211.339
362.937	236.959
362.947	216.921
362.956	250.534
362.966	230.517
362.975	255.155
362.985	362.596
362.994	418.914
363.004	356.378
363.013	389.701
363.023	422.978
363.032	362.734
363.042	310.699
363.051	256.753
363.061	241.386
363.07	234.578
363.08	210.304
363.089	212.861
363.098	186.859
363.108	126.805
363.117	87.3836
363.127	74.17
363.136	101.077
363.146	65.8208
363.155	50.6711
363.165	50.9972
363.174	61.5468
363.184	69.644
363.193	77.134
363.203	60.3634
363.212	37.8449
363.222	45.1808
363.231	55.4822
363.241	61.4402
363.25	48.5443
363.259	48.314
363.269	39.4086
363.278	39.2593
363.288	38.9386
363.297	30.7503
363.307	47.0092
363.316	39.2623
363.326	41.8813
363.335	56.6898
363.344	42.5456
363.354	45.8786
363.363	39.7699
363.373	49.9472
363.382	27.6148
363.392	25.9322
363.401	31.8911
363.41	45.8532
363.42	45.8498
363.429	54.0923
363.439	64.9245
363.448	46.3478
363.458	39.5592
363.467	37.7127
363.476	27.3786
363.486	32.2558
363.495	32.6977
363.505	23.0525
363.514	27.6026
363.523	32.5295
363.533	35.4691
363.542	38.0669
363.552	29.8887
363.561	18.2536
363.57	35.9903
363.58	44.9967
363.589	55.1233
363.599	54.4696
363.608	40.2215
363.617	31.2781
363.627	21.7798
363.636	23.2996
363.646	29.2264
363.655	37.1766
363.664	23.0414
363.674	17.9108
363.683	27.2368
363.693	17.6813
363.702	24.6018
363.711	16.0933
363.721	11.9453
363.73	18.6529
363.739	39.4574
363.749	57.6023
363.758	41.5666
363.767	27.5555
363.777	22.1114
363.786	28.1503
363.796	47.6138
363.805	27.177
363.814	23.7686
363.824	28.0541
363.833	33.3152
363.842	39.763
363.852	43.6375
363.861	28.7221
363.87	19.2347
363.88	20.6162
363.889	18.9732
363.898	16.3244
363.908	13.874
363.917	14.1197
363.926	25.1916
363.936	14.7869
363.945	15.3222
363.954	22.1312
363.964	24.5369
363.973	18.7926
363.982	18.0342
363.992	33.0674
364.001	32.9786
364.01	29.1331
364.02	17.1634
364.029	20.154
364.038	23.1919
364.048	40.4233
364.057	25.4129
364.066	20.2082
364.076	16.4799
364.085	25.6098
364.094	41.299
364.104	44.3252
364.113	32.4125
364.122	28.6156
364.131	36.8121
364.141	28.0333
364.15	32.6421
364.159	37.4816
364.169	27.3739
364.178	42.9708
364.187	49.9571
364.197	27.491
364.206	39.9453
364.215	48.7114
364.224	41.035
364.234	26.8991
364.243	20.094
364.252	15.2839
364.262	10.9381
364.271	17.5505
364.28	33.3368
364.289	26.6731
364.299	35.7219
364.308	29.1534
364.317	15.9816
364.326	13.5266
364.336	30.3623
364.345	34.22
364.354	21.366
364.363	15.7079
364.373	38.0054
364.382	51.5448
364.391	36.7363
364.4	37.8406
364.41	38.2872
364.419	17.3414
364.428	15.3896
364.437	16.5884
364.447	14.0598
364.456	19.0737
364.465	9.96413
364.474	11.7516
364.484	14.8551
364.493	14.1639
364.502	21.31
364.511	10.5628
364.521	18.5828
364.53	9.95332
364.539	17.2298
364.548	22.6566
364.557	15.6524
364.567	14.6433
364.576	17.8013
364.585	17.2632
364.594	17.2114
364.604	15.6262
364.613	26.5191
364.622	9.78214
364.631	8.88116
364.64	31.4161
364.65	22.5118
364.659	7.56787
364.668	17.2582
364.677	6.54302
364.686	4.49774
364.696	8.00634
364.705	11.2712
364.714	26.691
364.723	10.1849
364.732	12.8555
364.742	16.1368
364.751	8.61216
364.76	14.2658
364.769	26.5787
364.778	14.1486
364.788	16.2221
364.797	32.1299
364.806	28.92
364.815	20.9279
364.824	29.4383
364.833	29.1498
364.843	20.2732
364.852	7.58038
364.861	22.687
364.87	18.4866
364.879	13.66
364.888	15.4585
364.898	13.6083
364.907	16.4151
364.916	19.6185
364.925	15.9593
364.934	8.63528
364.943	7.66392
364.953	9.3433
364.962	7.42792
364.971	19.5415
364.98	19.323
364.989	9.59663
364.998	15.7034
365.007	18.6721
365.017	22.0733
365.026	13.0396
365.035	23.4062
365.044	27.2858
365.053	20.7952
365.062	7.09847
365.071	9.93022
365.08	19.2703
365.09	14.1625
365.099	9.234
365.108	22.553
365.117	9.87884
365.126	20.5022
365.135	19.6035
365.144	18.8204
365.153	13.5155
365.163	24.5148
365.172	31.9893
365.181	19.7604
365.19	15.4585
365.199	16.5454
365.208	23.2023
365.217	15.4424
365.226	9.77668
365.235	13.1861
365.245	14.2206
365.254	24.6444
365.263	12.2485
365.272	17.6651
365.281	40.9922
365.29	34.5789
365.299	29.0258
365.308	11.1261
365.317	10.2241
365.326	10.1837
365.335	16.7367
365.344	18.6702
365.354	15.8412
365.363	15.0295
365.372	13.4355
365.381	11.1364
365.39	4.26342
365.399	7.8525
365.408	19.6045
365.417	14.4649
365.426	14.6735
365.435	30.5027
365.444	32.9101
365.453	41.6469
365.462	49.1424
365.471	43.093
365.48	17.4099
365.49	18.8476
365.499	8.69712
365.508	9.04888
365.517	3.86655
365.526	8.31572
365.535	18.5019
365.544	20.8006
365.553	11.0274
365.562	13.0614
365.571	19.3874
365.58	18.1207
365.589	27.8942
365.598	17.3606
365.607	17.7749
365.616	26.6345
365.625	20.1844
365.634	15.8266
365.643	11.0567
365.652	13.9372
365.661	10.2238
365.67	15.1654
365.679	16.251
365.688	20.7822
365.697	24.9565
365.706	16.4936
365.715	16.6553
365.724	27.2323
365.733	24.7444
365.742	17.3605
365.751	15.4896
365.76	25.8943
365.769	28.5097
365.778	18.4397
365.787	21.9045
365.796	34.9618
365.805	23.3735
365.814	9.94868
365.823	20.4472
365.832	25.5813
365.841	19.356
365.85	43.2396
365.859	33.1721
365.868	24.8453
365.877	21.7481
365.886	20.8968
365.895	15.6616
365.904	32.7053
365.913	34.3351
365.922	34.9703
365.931	31.026
365.94	41.1963
365.949	38.8877
365.958	24.524
365.967	44.1919
365.976	60.7517
365.985	39.0181
365.994	26.1079
366.003	11.5888
366.012	8.99776
366.021	12.8734
366.03	36.3427
366.039	61.1323
366.047	24.824
366.056	17.5297
366.065	6.64252
366.074	12.0178
366.083	16.2092
366.092	18.8009
366.101	13.2067
366.11	10.6047
366.119	21.6131
366.128	13.6493
366.137	28.4712
366.146	33.026
366.155	8.54638
366.164	7.23355
366.173	7.43798
366.182	15.3439
366.19	37.1917
366.199	26.0743
366.208	27.7107
366.217	33.4754
366.226	26.6991
366.235	45.8775
366.244	22.4218
366.253	5.80854
366.262	18.1002
366.271	35.0919
366.28	24.6345
366.288	14.7634
366.297	20.1553
366.306	11.5112
366.315	35.0582
366.324	60.9217
366.333	31.8171
366.342	14.2198
366.351	17.2087
366.36	14.7724
366.368	26.8787
366.377	20.5258
366.386	31.5317
366.395	24.1379
366.404	42.7995
366.413	30.4561
366.422	30.6865
366.431	36.8569
366.44	26.0153
366.448	40.1348
366.457	52.792
366.466	54.7537
366.475	50.8222
366.484	51.8862
366.493	37.1489
366.502	39.0421
366.51	37.1749
366.519	34.6199
366.528	27.8526
366.537	27.9382
366.546	59.8073
366.555	29.9352
366.564	10.5798
366.572	28.6452
366.581	40.0222
366.59	29.0256
366.599	20.5174
366.608	33.9087
366.617	36.0255
366.625	21.6419
366.634	14.5594
366.643	42.1673
366.652	41.4962
366.661	39.7175
366.67	34.6834
366.678	28.7557
366.687	22.183
366.696	17.2584
366.705	29.5368
366.714	18.7718
366.723	24.4692
366.731	30.9834
366.74	29.6718
366.749	25.5714
366.758	27.5917
366.767	30.9102
366.775	28.8814
366.784	43.2923
366.793	45.4324
366.802	41.2677
366.811	63.3363
366.819	70.4627
366.828	78.0793
366.837	77.6963
366.846	97.6918
366.855	79.5637
366.863	43.1888
366.872	34.9998
366.881	44.4146
366.89	36.8324
366.899	13.1648
366.907	20.3054
366.916	44.1469
366.925	39.8442
366.934	57.1922
366.943	55.5816
366.951	61.6327
366.96	67.77
366.969	46.6059
366.978	43.9864
366.986	94.173
366.995	42.0657
367.004	25.6436
367.013	41.2056
367.021	62.3068
367.03	49.0567
367.039	65.5088
367.048	78.3917
367.056	75.4274
367.065	76.4189
367.072	102.272
367.081	60.4905
367.091	44.4728
367.101	51.1516
367.111	70.837
367.121	56.6832
367.131	42.9765
367.141	48.9259
367.151	77.4333
367.16	68.8211
367.17	26.3561
367.18	25.4507
367.19	67.4981
367.2	58.814
367.21	32.7493
367.22	20.9099
367.23	24.5663
367.239	19.8969
367.249	28.7145
367.259	38.142
367.269	27.2335
367.279	36.7744
367.289	23.4385
367.299	46.9282
367.308	49.6345
367.318	36.2725
367.328	45.3424
367.338	35.1776
367.348	40.5384
367.358	24.7372
367.368	21.6963
367.377	17.5333
367.387	16.5835
367.397	27.6936
367.407	55.3397
367.417	43.1017
367.427	41.4787
367.436	63.2864
367.446	68.2759
367.456	55.3528
367.466	56.5113
367.476	62.2471
367.486	45.6453
367.495	57.2164
367.505	60.0719
367.515	50.1213
367.525	44.749
367.535	43.3557
367.544	30.8008
367.554	47.624
367.564	42.9635
367.574	23.0899
367.584	32.7451
367.594	43.0956
367.603	46.1662
367.613	25.8236
367.623	51.759
367.633	43.5625
367.643	50.6037
367.652	58.5
367.662	59.1924
367.672	34.1511
367.682	34.8849
367.692	36.6584
367.701	39.8789
367.711	48.0904
367.721	43.0543
367.731	34.3622
367.741	25.0291
367.75	43.7673
367.76	46.1877
367.77	59.4923
367.78	45.471
367.789	35.1479
367.799	42.7346
367.809	47.0521
367.819	54.4423
367.829	54.576
367.838	49.9237
367.848	25.7523
367.858	23.575
367.868	28.6298
367.877	48.0138
367.887	61.0331
367.897	71.5232
367.907	63.0161
367.916	43.7134
367.926	52.4441
367.936	63.3045
367.946	72.5765
367.955	58.3219
367.965	53.1644
367.975	53.0509
367.985	61.1294
367.994	83.0827
368.004	79.4711
368.014	79.324
368.024	46.4554
368.033	35.6684
368.043	52.368
368.053	54.5948
368.063	65.0699
368.072	58.3697
368.082	66.4748
368.092	69.5777
368.101	56.165
368.111	55.6992
368.121	43.2112
368.131	66.4284
368.14	58.5747
368.15	50.6452
368.16	40.7495
368.169	58.3105
368.179	74.7751
368.189	52.9124
368.199	44.2512
368.208	39.7304
368.218	46.6312
368.228	46.8605
368.237	52.4105
368.247	45.5973
368.257	39.0806
368.267	54.3537
368.276	70.3129
368.286	50.8922
368.296	55.6249
368.305	52.2049
368.315	52.8363
368.325	55.1109
368.334	58.7133
368.344	91.5838
368.354	75.5862
368.363	57.9394
368.373	71.9448
368.383	49.5944
368.392	45.32
368.402	65.3139
368.412	59.344
368.421	51.7586
368.431	60.364
368.441	81.8398
368.45	54.6479
368.46	91.7658
368.47	75.9332
368.479	60.5391
368.489	44.938
368.499	44.7121
368.508	59.401
368.518	62.5295
368.528	90.1308
368.537	80.1976
368.547	77.637
368.557	50.2173
368.566	60.5427
368.576	73.9793
368.586	91.6199
368.595	73.0597
368.605	58.3531
368.615	64.0467
368.624	91.6182
368.634	66.3513
368.643	61.1062
368.653	67.7344
368.663	73.7844
368.672	65.8461
368.682	64.3251
368.692	54.4695
368.701	42.8008
368.711	61.6744
368.72	52.2104
368.73	76.8536
368.74	69.6301
368.749	54.9115
368.759	41.9069
368.769	40.4393
368.778	45.0326
368.788	52.5823
368.797	68.3436
368.807	49.2865
368.817	48.1724
368.826	49.5237
368.836	40.1825
368.845	56.2787
368.855	46.9664
368.865	45.1109
368.874	59.5655
368.884	59.4985
368.893	59.4037
368.903	58.837
368.913	71.2999
368.922	48.1632
368.932	37.5297
368.941	52.2177
368.951	51.0009
368.96	54.2055
368.97	48.1384
368.98	59.6519
368.989	48.2801
368.999	50.6461
369.008	45.9467
369.018	38.7411
369.028	32.0789
369.037	42.393
369.047	58.2282
369.056	56.4609
369.066	44.1421
369.075	28.5603
369.085	34.0811
369.094	44.37
369.104	50.6222
369.114	47.3371
369.123	26.5918
369.133	48.9341
369.142	54.0262
369.152	59.6631
369.161	35.577
369.171	28.9529
369.18	40.7786
369.19	88.2059
369.199	90.2385
369.209	75.2727
369.219	40.8696
369.228	44.1981
369.238	36.9295
369.247	40.8304
369.257	73.5499
369.266	69.0749
369.276	68.1489
369.285	53.5901
369.295	29.0633
369.304	34.0952
369.314	36.2994
369.323	43.766
369.333	60.8864
369.342	65.5323
369.352	41.5382
369.361	33.437
369.371	47.9635
369.38	60.5274
369.39	70.9597
369.399	105.622
369.409	106.632
369.418	87.0894
369.428	56.3406
369.437	32.2726
369.447	24.8754
369.456	31.2382
369.466	36.4744
369.475	63.218
369.485	53.19
369.494	43.76
369.504	57.8197
369.513	58.3906
369.523	65.1203
369.532	98.8016
369.542	94.6557
369.551	60.376
369.561	44.8944
369.57	22.9524
369.58	23.4529
369.589	37.0266
369.599	61.468
369.608	82.4626
369.617	74.7355
369.627	46.6065
369.636	68.6698
369.646	87.7324
369.655	104.057
369.665	103.009
369.674	88.6729
369.684	74.3335
369.693	57.8371
369.703	65.1422
369.712	54.1226
369.721	58.6444
369.731	85.0223
369.74	73.7215
369.75	93.7792
369.759	124.143
369.769	114.087
369.778	80.6448
369.788	48.5237
369.797	44.2347
369.806	44.6178
369.816	31.9578
369.825	25.9576
369.835	37.1927
369.844	65.3196
369.854	64.9747
369.863	60.4753
369.872	79.3497
369.882	106.273
369.891	63.4895
369.901	51.1226
369.91	64.6351
369.919	80.8916
369.929	42.9836
369.938	42.6625
369.948	34.7787
369.957	58.9752
369.966	115.308
369.976	101.982
369.985	124.275
369.995	77.8899
370.004	30.2572
370.013	39.4657
370.023	70.7127
370.032	101.554
370.042	77.06
370.051	78.5924
370.06	71.7406
370.07	95.6887
370.079	91.9951
370.089	51.9995
370.098	31.1169
370.107	32.2519
370.117	18.2721
370.126	20.7609
370.135	33.9753
370.145	62.9163
370.154	73.0149
370.164	128.306
370.173	132.768
370.182	123.672
370.192	57.8963
370.201	36.1453
370.21	45.734
370.22	31.2432
370.229	33.3204
370.238	42.5484
370.248	87.0372
370.257	159.044
370.266	140.566
370.276	95.3291
370.285	36.7887
370.294	39.0522
370.304	38.4946
370.313	25.1817
370.322	42.1735
370.332	88.471
370.341	128.565
370.351	87.1738
370.36	117.697
370.369	115.262
370.378	47.023
370.388	41.195
370.397	61.1271
370.406	67.192
370.416	75.5214
370.425	74.0836
370.434	92.8593
370.444	105.479
370.453	118.274
370.462	92.5524
370.472	74.0636
370.481	80.9071
370.49	65.37
370.5	32.7063
370.509	69.3714
370.518	103.798
370.527	102.095
370.537	111.81
370.546	89.1649
370.555	48.6987
370.565	54.5965
370.574	86.8176
370.583	149.16
370.593	113.868
370.602	130.795
370.611	132.116
370.62	75.2183
370.63	71.5742
370.639	74.3947
370.648	99.9989
370.658	101.513
370.667	85.9594
370.676	70.831
370.685	77.7576
370.695	110.066
370.704	94.8841
370.713	76.6888
370.722	63.5289
370.732	87.2354
370.741	106.829
370.75	90.4637
370.759	43.0454
370.769	55.5135
370.778	109.953
370.787	143.712
370.796	142.637
370.806	79.7175
370.815	133.8
370.824	172.934
370.833	196.057
370.843	196.45
370.852	176.184
370.861	155.974
370.87	185.691
370.88	233.367
370.889	260.014
370.898	267.003
370.907	263.027
370.917	352.711
370.926	409.113
370.935	404.601
370.944	309.409
370.953	246.584
370.963	235.397
370.972	285.273
370.981	333.796
370.99	400.742
371	301.271
371.009	180.402
371.018	169.184
371.027	210.178
371.036	253.094
371.046	241.72
371.055	106.094
371.064	38.3154
371.073	16.778
371.082	15.9471
371.092	21.9091
371.101	47.5653
371.11	15.4156
371.119	21.6779
371.128	21.3621
371.138	15.7861
371.147	18.9562
371.156	18.9358
371.165	13.8792
371.174	22.417
371.183	17.0562
371.193	6.94554
371.202	14.4501
371.211	14.4008
371.22	19.2141
371.229	14.032
371.238	23.5161
371.248	29.3453
371.257	10.461
371.266	16.8922
371.275	7.14073
371.284	22.9068
371.293	19.9729
371.303	15.3745
371.312	24.3651
371.321	20.9992
371.33	29.6601
371.339	36.2916
371.348	40.1251
371.357	28.6884
371.367	38.5377
371.376	41.4357
371.385	13.6633
371.394	8.64393
371.403	13.8352
371.412	18.6039
371.421	14.6967
371.431	15.7045
371.44	9.93464
371.449	25.2704
371.458	18.7278
371.467	4.16589
371.476	3.60734
371.485	2.47142
371.494	1.43031
371.504	5.44752
371.513	8.6723
371.522	8.89888
371.531	19.4612
371.54	25.4783
371.549	12.5474
371.558	19.7934
371.567	18.8069
371.577	25.936
371.586	40.9401
371.595	25.903
371.604	29.1125
371.613	35.2833
371.622	65.1343
371.631	27.7169
371.64	17.5985
371.649	21.2607
371.658	24.6408
371.667	29.0684
371.677	5.05872
371.686	10.2938
371.695	15.0148
371.704	19.1437
371.713	10.0031
371.722	10.304
371.731	13.6592
371.74	16.5529
371.749	6.43756
371.758	12.2502
371.767	20.9772
371.776	43.4199
371.785	25.329
371.795	14.3706
371.804	14.9976
371.813	17.9431
371.822	27.2786
371.831	25.3833
371.84	23.3927
371.849	24.374
371.858	20.8361
371.867	12.3925
371.876	12.363
371.885	12.1214
371.894	28.4481
371.903	25.1797
371.912	24.4599
371.921	20.9405
371.93	21.3842
371.939	4.01367
371.948	5.51664
371.957	22.9368
371.966	42.4969
371.975	28.0629
371.984	16.1058
371.993	19.9715
372.003	36.0384
372.012	26.438
372.021	58.1972
372.03	34.5866
372.039	21.7644
372.048	23.9601
372.057	19.2041
372.066	35.3493
372.075	40.9794
372.084	38.6845
372.093	10.2911
372.102	10.0317
372.111	27.0448
372.12	18.6916
372.129	39.812
372.138	31.1172
372.147	22.0589
372.156	19.0094
372.165	42.1683
372.174	57.7871
372.183	60.5369
372.192	48.269
372.201	32.7508
372.21	29.0398
372.219	34.939
372.228	34.081
372.237	32.0279
372.246	18.493
372.254	31.5276
372.263	51.3866
372.272	19.1185
372.281	28.3298
372.29	31.7446
372.299	12.1394
372.308	11.3188
372.317	23.223
372.326	26.123
372.335	18.8805
372.344	29.5879
372.353	55.7257
372.362	72.8538
372.371	62.3525
372.38	26.954
372.389	25.7872
372.398	58.888
372.407	95.1663
372.416	66.5754
372.425	42.5551
372.434	48.5779
372.443	62.8835
372.452	46.3975
372.46	32.0824
372.469	18.0243
372.478	4.20734
372.487	4.35074
372.496	12.0761
372.505	20.9826
372.514	22.1811
372.523	17.9653
372.532	11.064
372.541	27.6034
372.55	106.048
372.559	152.702
372.568	57.2233
372.576	43.1223
372.585	33.0525
372.594	45.6487
372.603	64.6936
372.612	38.4842
372.621	27.7689
372.63	40.4824
372.639	79.2923
372.648	63.2533
372.657	29.0582
372.666	12.5744
372.674	15.5189
372.683	26.6638
372.692	34.2012
372.701	15.66
372.71	19.4583
372.719	29.8424
372.728	50.1007
372.737	53.9913
372.746	70.759
372.754	38.2184
372.764	29.4254
372.774	66.3577
372.784	72.2082
372.794	40.8257
372.804	34.2488
372.814	82.1116
372.824	63.4988
372.834	63.1757
372.844	39.6661
372.854	34.9472
372.864	30.8248
372.875	30.7824
372.885	27.6089
372.895	23.7668
372.905	41.7668
372.915	61.3546
372.925	77.2013
372.935	47.1616
372.945	40.8598
372.955	104.29
372.965	86.3656
372.975	79.1648
372.985	71.9174
372.995	38.6632
373.005	56.6981
373.015	56.63
373.025	72.7151
373.035	53.1255
373.045	44.8443
373.055	30.5102
373.065	41.7836
373.075	63.1103
373.085	35.0352
373.095	27.3327
373.105	35.1838
373.115	63.3352
373.125	102.291
373.135	85.3317
373.145	73.8057
373.155	65.8172
373.165	77.3577
373.175	69.0702
373.185	56.4046
373.195	48.6124
373.205	40.463
373.215	35.5119
373.225	61.3422
373.235	66.6463
373.245	93.879
373.255	99.7527
373.265	35.8548
373.275	41.0459
373.285	92.0415
373.295	141.763
373.305	90.1555
373.315	72.5688
373.325	65.1183
373.334	81.8208
373.344	130.254
373.354	141.291
373.364	87.9656
373.374	29.7571
373.384	37.3407
373.394	100.026
373.404	162.188
373.414	71.8925
373.424	53.9767
373.434	55.9695
373.444	62.8907
373.454	120.561
373.464	137.557
373.474	54.2813
373.484	27.0943
373.494	37.6284
373.504	69.8238
373.514	110.245
373.523	68.0412
373.533	58.465
373.543	77.1757
373.553	142.049
373.563	119.267
373.573	77.9273
373.583	63.2592
373.593	99.6702
373.603	145.878
373.613	128.508
373.623	106.987
373.633	42.0495
373.643	45.9563
373.652	78.0877
373.662	109.286
373.672	101.358
373.682	117.904
373.692	124.291
373.702	111.493
373.712	93.5207
373.722	98.4658
373.732	70.7782
373.742	75.6229
373.751	125.933
373.761	174.166
373.771	137.499
373.781	95.8474
373.791	101.202
373.801	72.3117
373.811	141.168
373.821	164.386
373.831	156.518
373.84	204.586
373.85	180.027
373.86	101.137
373.87	57.1945
373.88	53.1423
373.89	91.9663
373.9	185.402
373.91	249.914
373.919	145.579
373.929	93.573
373.939	120.97
373.949	198.77
373.959	313.656
373.969	380.644
373.979	316.158
373.988	136.801
373.998	72.6595
374.008	66.1948
374.018	89.2588
374.028	130.273
374.038	208.91
374.048	217.072
374.057	120.212
374.067	74.7593
374.077	99.2183
374.087	192.665
374.097	328.709
374.107	288.963
374.116	200.156
374.126	96.5314
374.136	70.3988
374.146	66.7399
374.156	85.1553
374.166	170.527
374.175	186.351
374.185	116.361
374.195	101.074
374.205	117.625
374.215	244.646
374.224	342.073
374.234	321.171
374.244	223.124
374.254	118.981
374.264	93.3735
374.274	135.331
374.283	230.956
374.293	352.771
374.303	209.286
374.313	180.513
374.323	222.14
374.332	284.817
374.342	284.321
374.352	328.484
374.362	259.037
374.372	210.727
374.381	129.726
374.391	118.915
374.401	210.692
374.411	313.939
374.42	333.509
374.43	334.303
374.44	377.667
374.45	285.408
374.46	182.291
374.469	216.449
374.479	325.945
374.489	227.285
374.499	128.845
374.508	158.789
374.518	282.062
374.528	338.607
374.538	333.662
374.547	347.3
374.557	201.992
374.567	98.3576
374.577	109.25
374.586	208.213
374.596	220.904
374.606	216.452
374.616	204.85
374.625	316.733
374.635	406.674
374.645	370.54
374.655	244.582
374.664	148.625
374.674	97.2945
374.684	122.204
374.694	213.409
374.703	315.82
374.713	375.817
374.723	473.006
374.733	534.154
374.742	333.782
374.752	169.824
374.762	104.735
374.771	84.2271
374.781	130.73
374.791	177.284
374.801	337.356
374.81	542.394
374.82	489.176
374.83	347.208
374.839	257.085
374.849	139.736
374.859	82.932
374.869	101.313
374.878	186.238
374.888	289.428
374.898	368.052
374.907	395.46
374.917	427.713
374.927	234.948
374.936	179.056
374.946	136.438
374.956	285.964
374.966	434.697
374.975	321.783
374.985	203.053
374.995	279.476
375.004	302.564
375.014	252.154
375.024	269.016
375.033	395.993
375.043	362.147
375.053	290.264
375.062	251.456
375.072	284.911
375.082	386.392
375.091	397.437
375.101	282.423
375.111	257.431
375.12	282.923
375.13	274.566
375.14	269.724
375.149	231.511
375.159	246.261
375.169	328.471
375.178	353.151
375.188	386.176
375.198	335.652
375.207	370.144
375.217	358.332
375.226	384.728
375.236	313.926
375.246	246.749
375.255	345.196
375.265	568.878
375.275	572.846
375.284	435.657
375.294	416.731
375.304	576.488
375.313	694.408
375.323	633.57
375.332	472.109
375.342	511.187
375.352	727.961
375.361	640.176
375.371	634.284
375.381	813.529
375.39	969.881
375.4	1238.72
375.409	1467.37
375.419	1608.97
375.429	1787.81
375.438	1785.08
375.448	1214.55
375.457	1096.3
375.467	1254.72
375.477	1302.72
375.486	1131.1
375.496	989.982
375.505	736.962
375.515	844.746
375.525	845.888
375.534	599.29
375.544	251.789
375.553	75.2706
375.563	42.7972
375.572	26.1148
375.582	47.5753
375.592	45.2643
375.601	31.5456
375.611	30.0596
375.62	22.3678
375.63	18.3455
375.639	27.718
375.649	41.7165
375.659	37.4566
375.668	54.0527
375.678	34.5237
375.687	27.4404
375.697	39.3848
375.706	34.0382
375.716	33.9963
375.726	48.7738
375.735	40.7154
375.745	28.6912
375.754	32.6845
375.764	52.5283
375.773	65.3445
375.783	42.9649
375.792	24.5488
375.802	23.5901
375.811	14.503
375.821	13.5384
375.83	19.1677
375.84	24.1941
375.85	17.0356
375.859	13.4727
375.869	15.2395
375.878	12.4142
375.888	29.5379
375.897	60.2421
375.907	42.1228
375.916	32.8541
375.926	34.968
375.935	40.759
375.945	34.2407
375.954	20.1842
375.964	18.0431
375.973	45.81
375.983	25.8601
375.992	35.4128
376.002	26.9476
376.011	12.1383
376.021	15.4574
376.03	18.9816
376.04	17.4354
376.049	9.00659
376.059	10.6799
376.068	21.8504
376.078	16.4207
376.087	10.6609
376.097	7.18547
376.106	9.96531
376.116	24.8721
376.125	30.0972
376.135	18.665
376.144	15.8592
376.154	23.1332
376.163	20.8912
376.173	16.6155
376.182	22.3319
376.191	44.1722
376.201	36.924
376.21	20.7868
376.22	24.9969
376.229	25.9573
376.239	18.3235
376.248	10.9346
376.258	18.3713
376.267	18.1135
376.277	26.9501
376.286	25.9983
376.296	14.2702
376.305	12.7566
376.314	24.0708
376.324	19.1367
376.333	17.2195
376.343	24.9224
376.352	41.5541
376.362	31.8255
376.371	33.3464
376.38	38.7742
376.39	34.6256
376.399	47.175
376.409	45.5032
376.418	39.4562
376.428	41.4502
376.437	25.246
376.446	18.8232
376.456	27.5751
376.465	36.9548
376.475	35.2174
376.484	21.4879
376.494	25.1928
376.503	24.4644
376.512	18.7526
376.522	8.97779
376.531	8.59827
376.541	14.2672
376.55	6.24794
376.559	15.0507
376.569	27.8438
376.578	48.173
376.588	57.2356
376.597	30.1852
376.606	47.8535
376.616	48.2378
376.625	58.2058
376.635	57.7833
376.644	55.8511
376.653	63.8842
376.663	39.9053
376.672	24.2016
376.681	27.0414
376.691	11.5862
376.7	19.7701
376.71	17.1378
376.719	17.4613
376.728	23.9163
376.738	25.2081
376.747	24.213
376.756	27.5769
376.766	22.5576
376.775	23.2455
376.785	36.1654
376.794	46.9101
376.803	56.2769
376.813	47.9256
376.822	58.2504
376.831	52.5448
376.841	62.4161
376.85	39.8181
376.859	41.6527
376.869	67.0175
376.878	48.9929
376.887	25.0989
376.897	21.185
376.906	8.14212
376.915	8.53095
376.925	11.5336
376.934	14.5526
376.943	4.45268
376.953	3.03795
376.962	4.11787
376.971	11.9004
376.981	7.42354
376.99	25.476
376.999	33.5175
377.009	45.6957
377.018	29.6377
377.027	44.5778
377.037	57.273
377.046	57.3594
377.055	54.5275
377.064	73.3869
377.074	79.8298
377.083	60.1429
377.092	36.9418
377.102	29.2137
377.111	21.4247
377.12	12.8936
377.13	5.74745
377.139	8.23699
377.148	17.2871
377.157	21.5278
377.167	19.1993
377.176	35.5451
377.185	46.3435
377.195	55.1589
377.204	46.3428
377.213	39.5274
377.222	46.1636
377.232	38.2691
377.241	39.9342
377.25	41.91
377.26	33.7199
377.269	43.5539
377.278	47.111
377.287	25.0127
377.297	33.9757
377.306	26.9793
377.315	10.4606
377.324	12.586
377.334	25.0389
377.343	18.3818
377.352	21.6612
377.361	14.4163
377.371	20.998
377.38	31.4121
377.389	52.9275
377.398	113.11
377.408	94.6094
377.417	42.2088
377.426	51.1145
377.435	71.2098
377.445	92.7824
377.454	57.0399
377.463	41.7613
377.472	66.8523
377.482	96.0866
377.491	93.2403
377.5	34.7484
377.509	18.1181
377.518	12.1994
377.528	23.8015
377.537	22.2856
377.546	14.4534
377.555	12.3199
377.564	23.4861
377.574	24.4376
377.583	83.5615
377.592	114.148
377.601	93.0445
377.611	33.4599
377.62	31.3061
377.629	29.5851
377.638	55.8328
377.647	37.9113
377.657	25.777
377.666	40.6115
377.675	57.9461
377.684	82.1122
377.693	63.8012
377.702	52.0572
377.712	22.0269
377.721	26.4178
377.73	23.8804
377.739	32.0977
377.748	40.588
377.758	55.2618
377.767	63.7183
377.776	100.382
377.785	73.2075
377.794	41.9385
377.803	37.9854
377.813	81.6562
377.822	94.1096
377.831	59.988
377.84	44.8522
377.849	64.0622
377.858	80.1109
377.868	100.69
377.877	82.0018
377.886	49.642
377.895	34.1645
377.904	36.9489
377.913	24.428
377.922	12.2104
377.932	23.0543
377.941	115.267
377.95	196.146
377.959	186.517
377.968	71.3333
377.977	56.3881
377.986	116.29
377.996	146.269
378.005	107.162
378.014	80.6591
378.023	58.4152
378.032	123.174
378.041	223.224
378.05	174.838
378.059	83.8552
378.068	38.4777
378.078	42.7665
378.087	17.1812
378.096	50.9295
378.105	34.5524
378.114	92.1967
378.123	150.699
378.132	202.416
378.141	88.1384
378.15	56.8488
378.16	151.572
378.169	195.887
378.178	172.868
378.187	122.346
378.196	87.1449
378.205	104.421
378.214	117.953
378.223	111.275
378.232	77.731
378.241	42.8365
378.25	18.6329
378.26	23.8977
378.269	36.4483
378.278	101.742
378.287	167.692
378.296	215.208
378.305	85.0609
378.314	49.8857
378.323	81.0456
378.332	177.015
378.341	243.555
378.35	196.985
378.359	68.2862
378.368	76.825
378.377	181.401
378.386	268.775
378.396	186.799
378.405	105.852
378.414	63.09
378.423	62.1664
378.432	107.439
378.441	181.073
378.45	209.668
378.459	113.662
378.468	90.0187
378.477	97.7195
378.486	183.597
378.495	331.966
378.504	329.809
378.513	151.38
378.522	98.1786
378.531	82.0581
378.54	168.639
378.549	196.515
378.558	129.035
378.567	93.8718
378.576	105.127
378.585	254.447
378.594	364.336
378.603	263.31
378.612	153.688
378.621	83.4898
378.627	60.5569
378.637	66.6891
378.647	196.739
378.658	178.801
378.668	141.184
378.678	97.0678
378.688	89.2371
378.699	144.245
378.709	199.883
378.719	123.034
378.729	163.698
378.739	256.008
378.75	213.101
378.76	99.4761
378.77	78.0505
378.78	57.1663
378.79	124.698
378.801	245.486
378.811	217.962
378.821	122.985
378.831	76.5857
378.841	118.115
378.852	214.592
378.862	285.607
378.872	275.617
378.882	260.519
378.892	148.004
378.902	100.424
378.913	86.9081
378.923	135.95
378.933	194.255
378.943	218.264
378.953	177.582
378.963	159.023
378.974	129.902
378.984	156.541
378.994	361.78
379.004	559.69
379.014	471.601
379.024	242.702
379.035	78.9391
379.045	56.5474
379.055	102.838
379.065	159.33
379.075	273.73
379.085	321.839
379.096	200.493
379.106	104.121
379.116	129.937
379.126	319.715
379.136	514.423
379.146	495.654
379.156	228.279
379.167	99.6025
379.177	80.3551
379.187	85.3118
379.197	183.564
379.207	308.954
379.217	346.505
379.227	162.092
379.237	115.831
379.248	276.006
379.258	460.624
379.268	546.761
379.278	364.874
379.288	135.468
379.298	69.3703
379.308	92.6729
379.318	151.916
379.328	280.179
379.339	324.485
379.349	300.801
379.359	310.088
379.369	433.931
379.379	366.587
379.389	330.131
379.399	326.555
379.409	225.083
379.419	156.018
379.429	166.28
379.44	319.539
379.45	498.082
379.46	442.19
379.47	439.648
379.48	446.83
379.49	217.814
379.5	255.946
379.51	292.789
379.52	386.684
379.53	279.121
379.54	187.58
379.55	347.236
379.561	536.979
379.571	696.263
379.581	414.853
379.591	210.988
379.601	120.312
379.611	158.694
379.621	307.782
379.631	400.921
379.641	323.708
379.651	389.998
379.661	635.257
379.671	805.463
379.681	524.359
379.691	214.247
379.701	89.0959
379.711	147.986
379.721	245.662
379.732	345.794
379.742	521.553
379.752	667.408
379.762	655.328
379.772	376.469
379.782	197.86
379.792	183.482
379.802	195.882
379.812	175.649
379.822	261.152
379.832	509.249
379.842	778.433
379.852	670.752
379.862	381.833
379.872	247.665
379.882	157.701
379.892	256.466
379.902	456.333
379.912	545.514
379.922	563.852
379.932	627.856
379.942	446.54
379.952	394.681
379.962	349.695
379.972	409.99
379.982	491.529
379.992	450.965
380.002	347.843
380.012	466.443
380.022	695.044
380.032	505.4
380.042	411.793
380.052	486.586
380.062	503.995
380.072	371.379
380.082	332.085
380.092	536.654
380.102	495.215
380.112	381.452
380.122	500.3
380.132	505.48
380.142	464.534
380.152	477.539
380.162	504.324
380.172	517.854
380.182	611.326
380.192	553.312
380.202	473.738
380.212	559.17
380.222	679.981
380.232	739.525
380.242	611.515
380.252	702.462
380.261	783.634
380.271	905.247
380.281	793.08
380.291	595.009
380.301	845.418
380.311	1097.97
380.321	980.08
380.331	813.704
380.341	1262.16
380.351	1523.65
380.361	1624.9
380.371	1688.58
380.381	2194.09
380.391	2980.97
380.401	2776.5
380.411	2219.08
380.421	1958.59
380.43	2200.59
380.44	2062.42
380.45	1683
380.46	1210.24
380.47	1088.36
380.48	1056.11
380.49	825.59
380.5	369.311
380.51	126.238
380.52	64.8992
380.53	76.1208
380.54	65.938
380.549	52.9195
380.559	55.5298
380.569	70.887
380.579	57.3514
380.589	47.0632
380.599	44.9183
380.609	47.0705
380.619	64.5532
380.629	65.6309
380.639	67.5864
380.648	34.3811
380.658	25.7009
380.668	40.9495
380.678	31.0949
380.688	30.2576
380.698	29.9693
380.708	42.3718
380.718	49.7901
380.727	45.8889
380.737	45.5021
380.747	33.8814
380.757	40.293
380.767	33.7159
380.777	20.3638
380.787	20.0102
380.797	29.3101
380.806	13.8042
380.816	22.9973
380.826	35.2115
380.836	44.4432
380.846	45.1021
380.856	61.2293
380.866	54.9897
380.875	40.0608
380.885	38.5752
380.895	52.1394
380.905	34.6762
380.915	28.0481
380.925	24.0984
380.934	22.7551
380.944	27.1898
380.954	21.7067
380.964	31.1536
380.974	33.2548
380.984	29.6089
380.993	27.886
381.003	21.103
381.013	29.4024
381.023	38.6946
381.033	31.5744
381.043	43.3855
381.052	32.2223
381.062	39.467
381.072	51.4274
381.082	53.4345
381.092	45.5789
381.101	34.6067
381.111	28.6666
381.121	50.5571
381.131	63.7624
381.141	41.7458
381.15	40.3489
381.16	42.7029
381.17	29.6735
381.18	33.3223
381.19	34.2047
381.199	29.0074
381.209	31.049
381.219	39.3642
381.229	35.1482
381.239	25.6833
381.248	18.688
381.258	17.235
381.268	43.3275
381.278	60.9013
381.287	37.2711
381.297	42.1104
381.307	57.7553
381.317	42.3286
381.327	50.2094
381.336	71.944
381.346	77.4484
381.356	65.3249
381.366	82.8506
381.375	136.078
381.385	108.924
381.395	76.0639
381.405	57.6029
381.414	52.0554
381.424	63.4585
381.434	71.4332
381.444	60.0687
381.453	64.8839
381.463	37.1604
381.473	52.8023
381.483	36.399
381.492	54.2015
381.502	41.5703
381.512	25.0137
381.522	31.6327
381.531	62.1479
381.541	37.0351
381.551	33.2323
381.56	23.4088
381.57	21.1833
381.58	15.1574
381.59	17.4366
381.599	25.3707
381.609	19.725
381.619	31.5998
381.629	20.7157
381.638	23.0243
381.648	17.8705
381.658	8.77975
381.667	9.81954
381.677	14.2091
381.687	24.5643
381.696	26.5395
381.706	24.9783
381.716	19.8842
381.726	32.4984
381.735	18.8177
381.745	8.61199
381.755	15.1718
381.764	19.9387
381.774	21.8883
381.784	16.2991
381.793	24.5648
381.803	27.342
381.813	26.7107
381.822	7.29295
381.832	14.5394
381.842	16.1253
381.852	12.1509
381.861	15.299
381.871	32.594
381.881	17.0064
381.89	16.7209
381.9	15.0965
381.91	11.7251
381.919	10.4367
381.929	14.1564
381.939	6.40018
381.948	16.4039
381.958	21.5702
381.967	10.693
381.977	7.67265
381.987	5.30022
381.996	13.2359
382.006	18.048
382.016	16.778
382.025	19.1277
382.035	7.25831
382.045	2.45577
382.054	4.93765
382.064	7.20058
382.074	8.65902
382.083	18.4871
382.093	19.1409
382.102	24.462
382.112	61.7356
382.122	7.76994
382.131	17.3971
382.141	15.4374
382.151	10.7046
382.16	11.3326
382.17	22.0005
382.179	4.28444
382.189	6.9933
382.199	9.57167
382.208	36.8792
382.218	25.1639
382.227	20.9217
382.237	16.9775
382.247	16.3191
382.256	25.8825
382.266	10.589
382.275	18.3998
382.285	33.0274
382.295	23.2846
382.304	9.97992
382.314	13.8419
382.323	37.0613
382.333	24.6096
382.343	12.7875
382.352	14.4016
382.362	17.725
382.371	22.1396
382.381	5.10495
382.391	14.4386
382.4	14.5492
382.41	11.854
382.419	20.6198
382.429	10.9335
382.438	21.0815
382.448	14.8312
382.458	19.7889
382.467	12.0081
382.477	9.84908
382.486	5.58042
382.496	15.9542
382.505	8.31475
382.515	14.6901
382.524	12.7001
382.534	17.3209
382.544	10.7146
382.553	20.1828
382.563	14.9836
382.572	15.4619
382.582	12.4694
382.591	7.2743
382.601	16.1758
382.61	18.2397
382.62	15.1855
382.629	11.9849
382.639	10.5485
382.648	17.7433
382.658	18.4286
382.668	21.3624
382.677	14.0382
382.687	13.2699
382.696	14.2309
382.706	5.50226
382.715	10.8077
382.725	4.91867
382.734	6.42924
382.744	10.7154
382.753	10.3423
382.763	16.158
382.772	23.8021
382.782	21.4081
382.791	12.9569
382.801	6.90516
382.81	10.3335
382.82	14.5594
382.829	4.56132
382.839	7.37297
382.848	12.7748
382.858	2.97856
382.867	5.67226
382.877	11.4319
382.886	15.8889
382.896	14.5881
382.905	11.0331
382.915	4.12377
382.924	8.68335
382.934	18.2834
382.943	35.0482
382.952	29.3316
382.962	8.06373
382.971	7.17339
382.981	17.1811
382.99	26.7963
383	22.5823
383.009	15.8665
383.019	29.0725
383.028	14.298
383.038	3.14472
383.047	6.08909
383.057	18.7798
383.066	14.863
383.075	15.5973
383.085	8.29304
383.094	3.50648
383.104	6.94711
383.113	5.21863
383.123	1.90569
383.132	2.15531
383.142	6.3088
383.151	13.3772
383.16	11.0343
383.17	2.84557
383.179	0.394786
383.189	1.38987
383.198	2.40942
383.208	11.1577
383.217	17.0218
383.226	21.2543
383.236	9.37947
383.245	6.04978
383.255	19.5942
383.264	34.0002
383.274	18.9168
383.283	33.8959
383.292	38.6801
383.302	19.4894
383.311	17.7407
383.321	6.06693
383.33	5.58449
383.339	17.757
383.349	17.6339
383.358	6.54829
383.368	9.7408
383.377	2.18306
383.386	2.32439
383.396	9.60858
383.405	17.6524
383.414	4.91695
383.424	2.95969
383.433	6.60297
383.443	10.3746
383.452	25.5294
383.461	46.5861
383.471	47.533
383.48	39.8796
383.489	35.2084
383.499	51.2652
383.508	42.6283
383.518	25.2061
383.527	13.2212
383.536	21.8976
383.546	34.1489
383.555	26.5512
383.564	10.3152
383.574	6.49514
383.583	15.9875
383.592	19.8531
383.602	21.1558
383.611	7.97373
383.621	2.904
383.63	5.23586
383.639	13.2697
383.649	26.8079
383.658	20.9238
383.667	16.0286
383.677	10.3822
383.686	19.8501
383.695	24.4948
383.705	25.1449
383.714	11.32
383.723	13.1554
383.733	28.3888
383.742	17.3951
383.751	11.0223
383.761	10.5202
383.77	19.0504
383.779	7.32579
383.788	3.11557
383.798	2.29093
383.807	2.7051
383.816	12.8587
383.826	22.4499
383.835	11.8222
383.844	9.12804
383.854	15.4115
383.863	10.1815
383.872	25.4591
383.882	30.4036
383.891	32.7807
383.9	4.65955
383.909	3.8885
383.919	9.7193
383.928	8.7858
383.937	1.82312
383.947	5.96914
383.956	14.7551
383.965	8.29282
383.974	14.0744
383.984	23.2417
383.993	31.5513
384.002	8.83187
384.011	15.246
384.021	40.7273
384.03	26.486
384.039	25.0653
384.049	9.34042
384.058	6.23787
384.067	23.9864
384.076	31.8133
384.086	9.45698
384.095	20.7254
384.104	32.9427
384.113	16.3986
384.123	16.223
384.132	10.5256
384.141	4.00927
384.15	6.64443
384.16	15.0952
384.169	12.7824
384.178	36.9291
384.187	29.0071
384.197	29.9963
384.206	32.5767
384.215	38.828
384.224	49.4429
384.234	28.3604
384.243	20.4281
384.252	23.4557
384.261	21.0754
384.27	13.6908
384.28	19.6375
384.289	26.0546
384.298	17.5159
384.307	18.9069
384.317	8.6029
384.326	12.5848
384.335	47.2137
384.344	53.2133
384.353	29.1329
384.363	45.3036
384.372	34.8104
384.381	20.2602
384.39	23.4319
384.399	22.6541
384.409	23.9357
384.418	23.0964
384.427	20.1359
384.436	15.2177
384.445	13.9778
384.455	16.8101
384.464	35.5218
384.473	43.4721
384.482	40.136
384.491	56.1249
384.5	51.1674
384.51	28.8249
384.519	23.394
384.528	19.7039
384.537	31.0325
384.546	15.3553
384.555	22.7015
384.565	37.5879
384.574	14.548
384.583	14.453
384.592	14.978
384.601	23.1827
384.61	29.8358
384.62	49.8302
384.629	24.3197
384.638	21.7234
384.647	15.757
384.656	32.6928
384.665	19.1066
384.674	45.3246
384.684	55.0139
384.69	59.8249
384.7	27.9028
384.71	41.2046
384.721	47.9487
384.731	28.2236
384.741	23.6493
384.752	22.4372
384.762	34.329
384.773	60.6408
384.783	38.268
384.793	42.7744
384.804	42.6951
384.814	40.3214
384.825	53.3054
384.835	32.3937
384.845	21.2883
384.856	30.8014
384.866	23.2479
384.876	26.3727
384.887	30.0163
384.897	20.9975
384.907	24.478
384.918	38.4401
384.928	36.2047
384.939	32.4865
384.949	25.3634
384.959	30.2484
384.97	39.8736
384.98	36.2149
384.99	67.1768
385.001	52.6242
385.011	49.1175
385.021	65.1082
385.032	48.4678
385.042	34.3355
385.052	38.6744
385.063	30.619
385.073	20.0526
385.083	25.1068
385.094	30.7314
385.104	44.6909
385.114	49.1309
385.125	48.3602
385.135	49.3109
385.145	80.2576
385.156	60.227
385.166	53.6237
385.176	40.1703
385.187	43.7269
385.197	46.7975
385.207	59.6277
385.217	61.1324
385.228	79.4826
385.238	68.0829
385.248	52.7393
385.259	53.3484
385.269	55.9961
385.279	45.0686
385.29	49.826
385.3	39.0533
385.31	44.6122
385.32	32.75
385.331	25.479
385.341	45.3197
385.351	36.3768
385.362	30.6021
385.372	29.4038
385.382	46.8672
385.393	48.6619
385.403	47.6655
385.413	54.0589
385.423	78.6314
385.434	57.1122
385.444	59.6297
385.454	57.3841
385.464	30.9451
385.475	42.2684
385.485	52.8082
385.495	47.7327
385.505	41.0095
385.516	34.6656
385.526	39.5351
385.536	56.4208
385.547	58.9248
385.557	72.0075
385.567	127.143
385.577	79.3754
385.588	71.4033
385.598	50.9817
385.608	45.0895
385.618	52.4669
385.629	66.4441
385.639	61.7282
385.649	68.1629
385.659	92.2094
385.669	62.7048
385.68	50.2844
385.69	69.3394
385.7	78.0925
385.71	63.1475
385.721	48.5855
385.731	56.1531
385.741	81.1843
385.751	74.746
385.762	77.6057
385.772	75.3228
385.782	51.2587
385.792	97.6078
385.802	87.0349
385.813	50.488
385.823	73.5558
385.833	62.8339
385.843	55.063
385.853	62.6842
385.864	59.3763
385.874	50.6129
385.884	49.5927
385.894	39.6754
385.904	32.9423
385.915	57.0341
385.925	68.712
385.935	65.4493
385.945	32.9818
385.955	49.7017
385.966	59.6841
385.976	58.3172
385.986	41.583
385.996	44.4096
386.006	50.8233
386.017	48.9668
386.027	46.8106
386.037	44.6076
386.047	55.7451
386.057	67.6656
386.067	68.3751
386.078	66.8458
386.088	86.3009
386.098	94.141
386.108	54.8528
386.118	72.5206
386.128	86.9454
386.139	84.7625
386.149	74.8656
386.159	85.6972
386.169	66.2877
386.179	64.4991
386.189	83.0971
386.199	83.846
386.21	103.429
386.22	97.7068
386.23	86.3125
386.24	97.4769
386.25	84.3189
386.26	86.6351
386.27	95.515
386.281	73.4632
386.291	79.4899
386.301	87.5972
386.311	95.6647
386.321	106.644
386.331	125.313
386.341	123
386.352	119.126
386.362	96.5895
386.372	80.1222
386.382	92.5402
386.392	115.349
386.402	99.3521
386.412	117.534
386.422	133.175
386.432	108.729
386.443	92.5819
386.453	106.816
386.463	111.379
386.473	146.282
386.483	142.88
386.493	149.228
386.503	139.664
386.513	153.325
386.523	150.526
386.533	150.756
386.544	125.623
386.554	106.539
386.564	110.028
386.574	95.5779
386.584	87.7719
386.594	99.6356
386.604	111.98
386.614	82.8839
386.624	83.0514
386.634	53.1733
386.644	51.9481
386.654	48.0903
386.664	45.2333
386.675	47.0065
386.685	30.7887
386.695	35.2698
386.705	79.9272
386.715	61.6987
386.725	62.2684
386.735	38.2942
386.745	49.4856
386.755	57.5928
386.765	40.6973
386.775	49.5258
386.785	44.0194
386.795	22.4334
386.805	23.6154
386.815	44.4633
386.825	32.4517
386.835	21.5211
386.845	24.6076
386.855	48.6797
386.865	55.7802
386.876	55.9188
386.886	53.8865
386.896	30.9153
386.906	32.3331
386.916	32.713
386.926	28.2578
386.936	38.59
386.946	23.9521
386.956	17.0222
386.966	29.1402
386.976	38.1372
386.986	31.8975
386.996	20.7232
387.006	21.8841
387.016	23.7565
387.026	23.6063
387.036	28.5666
387.046	40.4032
387.056	29.7544
387.066	25.2995
387.076	32.121
387.086	54.0601
387.096	56.7153
387.106	40.4106
387.116	27.8473
387.126	25.1198
387.136	48.2427
387.146	35.4253
387.156	37.0376
387.166	20.6637
387.176	22.8704
387.186	17.5061
387.196	23.1874
387.206	35.876
387.216	31.3053
387.226	25.5138
387.236	20.6585
387.245	22.5216
387.255	25.5628
387.265	28.8033
387.275	47.9773
387.285	42.2222
387.295	45.457
387.305	55.1415
387.315	71.6222
387.325	60.2421
387.335	56.3727
387.345	43.2978
387.355	27.981
387.365	15.1897
387.375	23.9651
387.385	38.4918
387.395	33.9837
387.405	41.1188
387.415	38.1279
387.425	24.2419
387.435	10.1981
387.445	13.7788
387.454	12.6356
387.464	16.3528
387.474	35.0382
387.484	41.7134
387.494	27.2577
387.504	46.5566
387.514	52.1685
387.524	39.4859
387.534	29.364
387.544	25.087
387.554	40.8391
387.564	25.5328
387.573	30.3678
387.583	25.8852
387.593	33.2617
387.603	31.3118
387.613	33.7268
387.623	25.0494
387.633	18.8477
387.643	49.3236
387.653	69.7928
387.663	52.3731
387.672	21.2979
387.682	32.8561
387.692	39.1932
387.702	47.8
387.712	47.5646
387.722	40.1039
387.732	27.4604
387.742	38.0088
387.752	35.7731
387.761	33.6744
387.771	30.521
387.781	12.5649
387.791	20.8197
387.801	19.5997
387.811	14.643
387.821	24.311
387.831	38.9481
387.84	27.4722
387.85	17.4282
387.86	18.1844
387.87	27.5431
387.88	44.2253
387.89	54.4137
387.9	39.9448
387.909	39.9808
387.919	34.9566
387.929	23.8009
387.939	44.113
387.949	24.0891
387.959	11.0231
387.968	10.9549
387.978	12.0176
387.988	12.2905
387.998	20.8664
388.008	16.7347
388.018	21.8536
388.027	30.7741
388.037	33.7579
388.047	62.2456
388.057	54.1851
388.067	49.8912
388.077	42.7587
388.086	27.1453
388.096	20.3148
388.106	25.4013
388.116	27.4876
388.126	23.9781
388.135	21.4431
388.145	31.2163
388.155	42.6207
388.165	36.4507
388.175	50.2873
388.184	48.6215
388.194	45.9644
388.204	53.718
388.214	46.7331
388.224	50.7851
388.233	56.6473
388.243	113.456
388.253	84.4005
388.263	62.0476
388.273	50.9949
388.282	49.6094
388.292	64.7257
388.302	81.7908
388.312	78.4224
388.321	80.8716
388.331	69.1983
388.341	100.321
388.351	110.44
388.361	101.096
388.37	101.342
388.38	157.082
388.39	159.483
388.4	205.587
388.409	253.056
388.419	171.438
388.429	91.9806
388.439	46.2755
388.448	52.6885
388.458	46.1377
388.468	36.4748
388.478	27.6146
388.487	48.005
388.497	33.682
388.507	53.2944
388.517	38.0673
388.526	48.0305
388.536	46.9342
388.546	37.9522
388.556	44.2134
388.565	43.6527
388.575	32.8514
388.585	33.746
388.594	37.9952
388.604	19.8632
388.614	19.7976
388.624	27.7857
388.633	32.2243
388.643	27.4246
388.653	37.1489
388.662	16.2023
388.672	15.1022
388.682	28.4402
388.692	35.5361
388.701	35.1145
388.711	45.7659
388.721	85.9745
388.73	59.5099
388.74	43.1751
388.75	25.761
388.759	9.61614
388.769	24.6112
388.779	48.9347
388.789	40.1693
388.798	22.1435
388.808	33.8972
388.818	22.9233
388.827	22.9491
388.837	27.4226
388.847	28.8035
388.856	40.124
388.866	50.1729
388.876	49.0265
388.885	60.674
388.895	40.9706
388.905	54.5259
388.914	18.8119
388.924	13.6162
388.934	19.1281
388.943	30.7691
388.953	23.9911
388.963	24.0689
388.972	25.9517
388.982	29.6026
388.992	39.8686
389.001	51.3756
389.011	87.202
389.021	126.568
389.03	169.032
389.04	155.785
389.049	58.6823
389.059	21.8023
389.069	20.2828
389.078	28.1584
389.088	29.5835
389.098	19.869
389.107	13.7409
389.117	19.7375
389.127	23.957
389.136	21.0361
389.146	41.0458
389.155	76.4641
389.165	106.254
389.175	82.6883
389.184	47.7053
389.194	48.876
389.203	48.4878
389.213	66.4999
389.223	31.4353
389.232	24.9161
389.242	41.0232
389.252	33.0811
389.261	44.9549
389.271	59.3284
389.28	99.5039
389.29	115.394
389.3	229.799
389.309	243.01
389.319	225.193
389.328	184.33
389.338	102.104
389.347	85.594
389.357	89.8573
389.367	46.1229
389.376	62.1584
389.386	64.1908
389.395	71.144
389.405	75.0841
389.414	77.1886
389.424	79.2184
389.434	92.4274
389.443	131.751
389.453	137.723
389.462	92.2758
389.472	50.8344
389.481	25.3882
389.491	22.707
389.501	13.2536
389.51	8.98818
389.52	19.9254
389.529	36.5739
389.539	39.9442
389.548	57.7599
389.558	89.7808
389.567	183.544
389.577	292.877
389.586	211.925
389.596	93.9762
389.606	34.997
389.615	33.9435
389.625	25.2583
389.634	41.179
389.644	35.0743
389.653	42.8543
389.663	11.5376
389.672	39.0228
389.682	59.6425
389.691	55.3493
389.701	121.004
389.71	143.488
389.72	87.2958
389.729	53.2815
389.739	22.9276
389.748	21.3877
389.758	8.03673
389.767	17.3957
389.777	17.5598
389.786	38.6461
389.796	45.2689
389.805	74.639
389.815	167.439
389.824	279.043
389.834	329.824
389.843	215.537
389.853	99.1197
389.862	31.6141
389.872	16.615
389.881	27.0643
389.891	10.0553
389.9	18.5306
389.91	22.3181
389.919	48.6475
389.929	78.9877
389.938	165.588
389.948	138.004
389.957	182.933
389.967	72.8046
389.976	19.631
389.986	15.6852
389.995	13.9759
390.004	13.449
390.014	13.9093
390.023	21.391
390.033	76.8668
390.042	102.126
390.052	208.573
390.061	297.193
390.071	343.451
390.08	181.454
390.09	72.9363
390.099	44.2306
390.108	23.0858
390.118	40.5126
390.127	35.3034
390.137	33.6674
390.146	52.2321
390.156	89.1569
390.165	185.525
390.174	155.712
390.184	112.092
390.193	74.2814
390.203	53.0836
390.212	39.2292
390.222	18.495
390.231	12.8858
390.24	23.3952
390.25	72.3296
390.259	156.637
390.269	213.765
390.278	236.584
390.287	194.337
390.297	101.356
390.306	55.545
390.316	47.4195
390.325	39.1282
390.334	24.7324
390.344	36.6774
390.353	87.4889
390.363	81.7986
390.372	139.891
390.381	196.29
390.391	135.628
390.4	62.0711
390.41	78.8713
390.419	39.1809
390.428	29.7763
390.438	23.238
390.447	48.7442
390.456	133.116
390.466	244.584
390.475	178.278
390.485	112.382
390.494	90.2559
390.503	52.6184
390.513	63.0152
390.522	43.6599
390.531	37.2303
390.541	44.335
390.55	104.434
390.559	152.121
390.569	153.916
390.578	97.0033
390.588	44.5696
390.597	30.2538
390.606	73.8672
390.616	45.52
390.625	77.6123
390.634	132.092
390.644	241.514
390.653	304.946
390.662	163.363
390.672	86.2795
390.681	45.6085
390.69	19.4604
390.7	14.718
390.709	27.8776
390.718	80.6141
390.728	111.664
390.737	75.1513
390.746	47.5889
390.755	64.32
390.765	39.3668
390.774	37.4631
390.783	37.6412
390.793	64.2438
390.802	143.022
390.811	123.043
390.821	113.519
390.83	77.2535
390.839	47.9379
390.849	17.1858
390.858	22.8092
390.867	28.4629
390.876	41.5729
390.886	59.0851
390.895	55.401
390.904	40.7451
390.914	36.5459
390.923	37.2821
390.932	60.2757
390.941	112.495
390.951	62.1822
390.961	56.4872
390.972	45.3344
390.982	33.1839
390.993	24.1433
391.004	34.1868
391.014	51.6388
391.025	60.7668
391.035	59.4383
391.046	37.7904
391.056	40.9196
391.067	37.9651
391.078	83.902
391.088	70.4483
391.099	46.5937
391.109	59.4105
391.12	93.0178
391.13	111.12
391.141	85.1297
391.151	62.1303
391.162	70.9349
391.172	129.162
391.183	115.994
391.193	102.882
391.204	157.844
391.215	210.625
391.225	282.826
391.236	206.22
391.246	171.531
391.257	214.8
391.267	255.955
391.278	238.504
391.288	249.205
391.299	273.592
391.309	312.233
391.32	343.081
391.33	374.722
391.341	480.47
391.351	628.34
391.362	624.757
391.372	669.938
391.383	858.336
391.393	1050.53
391.404	1178.22
391.414	984.025
391.425	536.978
391.435	159.368
391.446	94.0447
391.456	87.1682
391.467	50.8819
391.477	42.425
391.488	54.5734
391.498	38.6257
391.509	27.8037
391.519	46.4045
391.53	48.9745
391.54	31.8627
391.551	43.0394
391.561	19.3507
391.572	17.6835
391.582	35.6342
391.593	40.9733
391.603	50.7572
391.613	33.2626
391.624	31.2189
391.634	31.8915
391.645	44.6537
391.655	27.431
391.666	26.6353
391.676	28.7116
391.687	20.8918
391.697	15.0349
391.708	17.8719
391.718	17.7546
391.728	25.7742
391.739	20.4377
391.749	12.1966
391.76	16.5347
391.77	18.4442
391.781	35.2027
391.791	49.0746
391.802	39.7487
391.812	14.7867
391.822	16.6573
391.833	36.4521
391.843	49.444
391.854	43.1402
391.864	30.6248
391.875	18.1223
391.885	18.299
391.895	25.0505
391.906	34.8279
391.916	38.8481
391.927	31.3818
391.937	20.2196
391.948	33.1995
391.958	34.1976
391.968	43.153
391.979	29.3419
391.989	23.6113
392	33.6667
392.01	29.2255
392.02	33.3436
392.031	51.2827
392.041	32.901
392.052	22.6696
392.062	42.1408
392.072	50.4727
392.083	55.6141
392.093	47.5947
392.103	29.7
392.114	20.6342
392.124	21.8771
392.135	31.1257
392.145	43.8924
392.155	43.5608
392.166	38.345
392.176	50.8198
392.187	67.3447
392.197	57.0497
392.207	50.7379
392.218	51.3402
392.228	60.3276
392.238	62.5232
392.249	35.7577
392.259	36.0175
392.269	42.0795
392.28	23.6383
392.29	26.3092
392.301	37.1349
392.311	63.0304
392.321	35.7951
392.332	36.7472
392.342	33.2293
392.352	21.9074
392.363	18.1238
392.373	25.6144
392.383	56.4341
392.394	62.4068
392.404	48.1561
392.414	41.002
392.425	37.4514
392.435	40.2596
392.445	29.444
392.456	42.7336
392.466	65.4843
392.476	92.2408
392.487	65.6863
392.497	42.151
392.507	45.2661
392.518	34.8047
392.528	46.1718
392.538	44.415
392.548	62.3551
392.559	68.4812
392.569	62.1378
392.579	37.0247
392.59	42.3625
392.6	62.1263
392.61	53.6416
392.621	72.2785
392.631	82.5572
392.641	72.7528
392.651	63.6648
392.662	48.5492
392.672	42.1583
392.682	58.1162
392.693	69.6777
392.703	53.2467
392.713	54.1778
392.724	61.8473
392.734	43.1298
392.744	42.2265
392.754	49.5397
392.765	43.8286
392.775	40.2988
392.785	45.7536
392.795	58.8066
392.806	50.0108
392.816	82.4053
392.826	83.7179
392.837	48.9273
392.847	37.836
392.857	58.7892
392.867	47.652
392.878	48.951
392.888	52.6399
392.898	45.1842
392.908	54.6939
392.919	62.9311
392.929	68.2757
392.939	41.4284
392.949	36.1246
392.96	46.625
392.97	56.5521
392.98	41.4807
392.99	60.1921
393	70.333
393.011	43.4844
393.021	27.4891
393.031	27.1654
393.041	58.6414
393.052	79.7989
393.062	78.3358
393.072	87.9924
393.082	61.3626
393.093	38.4814
393.103	25.6572
393.113	22.5201
393.123	28.14
393.133	45.9837
393.144	55.666
393.154	65.5017
393.164	50.9314
393.174	66.934
393.184	85.9055
393.195	103.707
393.205	72.3483
393.215	51.9474
393.225	22.1711
393.235	21.0993
393.246	14.5645
393.256	24.6088
393.266	54.3178
393.276	54.3791
393.286	44.5809
393.297	77.5118
393.307	66.6347
393.317	41.7563
393.327	14.7864
393.337	9.12515
393.347	11.0228
393.358	13.3537
393.368	22.4725
393.378	36.4122
393.388	64.7151
393.398	65.6483
393.408	66.7998
393.419	61.2757
393.429	36.4933
393.439	31.1611
393.449	29.1433
393.459	25.1771
393.469	46.0378
393.48	61.023
393.49	43.7884
393.5	46.6395
393.51	70.3527
393.52	76.0567
393.53	34.2103
393.54	22.2536
393.551	30.243
393.561	31.3737
393.571	51.2809
393.581	91.5593
393.591	45.2644
393.601	42.2734
393.611	69.0407
393.621	89.4258
393.632	49.2069
393.642	39.7115
393.652	70.869
393.662	73.3779
393.672	57.69
393.682	28.2157
393.692	30.2108
393.702	37.6261
393.713	52.2147
393.723	60.5287
393.733	87.3727
393.743	52.497
393.753	26.3104
393.763	33.3859
393.773	35.4551
393.783	51.4647
393.793	74.0337
393.803	81.0267
393.814	94.235
393.824	57.5768
393.834	21.958
393.844	43.0464
393.854	85.937
393.864	96.6987
393.874	51.6047
393.884	49.7143
393.894	61.7508
393.904	55.733
393.914	57.0117
393.924	60.0211
393.935	98.131
393.945	72.4405
393.955	50.6803
393.965	43.615
393.975	30.6347
393.985	36.2235
393.995	73.5045
394.005	89.4248
394.015	75.6763
394.025	55.1919
394.035	57.965
394.045	82.8891
394.055	114.36
394.065	83.2078
394.075	68.4278
394.085	108.336
394.095	133.299
394.105	154.822
394.115	160.749
394.126	149.452
394.136	158.573
394.146	193.443
394.156	231.416
394.166	213.783
394.176	115.94
394.186	110.297
394.196	168.505
394.206	151.381
394.216	201.939
394.226	195.753
394.236	136.663
394.246	72.475
394.256	53.3974
394.266	102.736
394.276	97.9506
394.286	108.519
394.296	69.9576
394.306	16.7879
394.316	16.9396
394.326	23.0971
394.336	10.5652
394.346	11.1625
394.356	10.975
394.366	10.9805
394.376	7.83228
394.386	9.87821
394.396	12.3479
394.406	15.7946
394.416	14.4094
394.426	6.40211
394.436	4.36876
394.446	4.17367
394.456	7.04882
394.466	11.8072
394.476	7.61659
394.486	9.35314
394.496	18.1461
394.506	4.0484
394.516	1.38926
394.526	0.950535
394.535	1.96874
394.545	5.1401
394.555	7.44937
394.565	16.0105
394.575	24.513
394.585	7.44173
394.595	5.78996
394.605	6.55549
394.615	18.6337
394.625	10.6219
394.635	9.28943
394.645	9.1099
394.655	2.22879
394.665	4.21681
394.675	14.6787
394.685	22.104
394.695	17.8595
394.705	10.6649
394.714	10.532
394.724	15.5893
394.734	14.1113
394.744	22.3292
394.754	10.6797
394.764	7.43202
394.774	3.49308
394.784	5.5392
394.794	16.5677
394.804	10.2143
394.814	9.02583
394.824	11.3743
394.834	3.90431
394.843	5.53315
394.853	6.63702
394.863	7.47797
394.873	16.2772
394.883	16.3965
394.893	31.4059
394.903	15.4325
394.913	7.73162
394.923	18.7963
394.933	9.14863
394.942	9.11393
394.952	8.07256
394.962	2.71743
394.972	9.88216
394.982	5.85206
394.992	8.04255
395.002	18.9419
395.012	6.85642
395.021	5.11741
395.031	7.97319
395.041	7.48496
395.051	24.0302
395.061	35.084
395.071	21.285
395.081	5.21468
395.091	1.79617
395.1	1.68256
395.11	3.98335
395.12	5.96976
395.13	5.98509
395.14	6.13831
395.15	8.24849
395.16	8.68414
395.169	9.33506
395.179	7.28486
395.189	16.0266
395.199	32.5198
395.209	25.289
395.219	12.3307
395.228	12.0614
395.238	9.81122
395.248	9.048
395.258	3.83762
395.268	4.55378
395.278	0.781878
395.287	2.33051
395.297	6.77971
395.307	12.5507
395.317	14.2479
395.327	9.67704
395.336	7.50897
395.346	3.06294
395.356	6.50631
395.366	13.981
395.376	13.1986
395.385	11.8467
395.395	31.4599
395.405	16.9796
395.415	24.4833
395.425	17.5687
395.435	7.25248
395.444	4.60418
395.454	19.7836
395.464	12.8734
395.474	10.2742
395.483	16.8409
395.493	11.4933
395.503	10.6243
395.513	4.615
395.523	0.815808
395.532	0.100084
395.542	0.728294
395.552	1.0778
395.562	3.48179
395.571	10.8737
395.581	5.20723
395.591	6.73226
395.601	2.99621
395.611	1.89418
395.62	9.48223
395.63	4.55943
395.64	1.6722
395.65	5.45287
395.659	17.8822
395.669	16.2323
395.679	11.6506
395.689	4.36937
395.698	11.6823
395.708	11.9146
395.718	20.0396
395.728	28.2015
395.737	10.7964
395.747	8.68262
395.757	1.41777
395.767	4.58149
395.776	7.39241
395.786	8.43791
395.796	27.8838
395.805	25.9622
395.815	12.6023
395.825	8.56484
395.835	16.0908
395.844	23.0227
395.854	23.2556
395.864	17.6629
395.874	12.9997
395.883	18.2027
395.893	9.86168
395.903	24.706
395.912	38.9434
395.922	18.7298
395.932	6.37832
395.941	14.5902
395.951	9.29821
395.961	9.05828
395.971	12.6244
395.98	5.89653
395.99	9.43289
396	11.9666
396.009	1.40539
396.019	4.70977
396.029	6.21118
396.038	8.67858
396.048	0.980445
396.058	6.91406
396.067	21.0437
396.077	19.9995
396.087	11.0189
396.096	13.5102
396.106	12.6045
396.116	7.64068
396.125	13.0626
396.135	14.245
396.145	26.5961
396.154	25.1644
396.164	37.0984
396.174	21.9225
396.183	20.28
396.193	10.2487
396.203	43.6126
396.212	8.21774
396.222	11.6859
396.232	31.245
396.241	17.6103
396.251	17.348
396.261	0.746315
396.27	2.42941
396.28	3.87151
396.29	10.6158
396.299	18.8552
396.309	39.9048
396.318	37.9768
396.328	28.6938
396.338	18.4503
396.347	3.10873
396.357	8.73146
396.367	23.0018
396.376	26.0451
396.386	17.2954
396.395	5.602
396.405	24.5352
396.415	37.9931
396.424	25.4413
396.434	23.3458
396.443	16.6658
396.453	10.7812
396.463	3.60541
396.472	2.72777
396.482	6.77498
396.491	1.86632
396.501	3.19609
396.511	10.7855
396.52	19.0869
396.53	12.2432
396.539	19.3597
396.549	34.758
396.559	35.411
396.568	12.8595
396.578	21.2462
396.587	22.1892
396.597	29.6923
396.606	20.5416
396.616	8.05214
396.626	26.058
396.635	29.0616
396.645	26.9892
396.654	21.4362
396.664	33.6453
396.673	8.08976
396.683	9.64513
396.693	7.61152
396.702	21.9167
396.712	21.9244
396.721	4.72611
396.731	22.6331
396.74	61.9263
396.75	43.117
396.759	24.9116
396.769	31.7356
396.779	40.6156
396.788	25.4924
396.798	38.8002
396.807	54.6505
396.817	30.9587
396.826	6.81373
396.836	27.987
396.845	39.6766
396.855	47.0191
396.864	31.3427
396.874	29.2099
396.883	27.3227
396.893	25.0681
396.902	28.1294
396.912	12.4269
396.921	14.9395
396.931	15.0585
396.941	8.25029
396.95	17.5492
396.96	24.7277
396.969	24.1619
396.979	33.7508
396.988	34.743
396.998	43.8468
397.007	51.641
397.017	33.7786
397.026	28.1116
397.036	8.86542
397.045	20.4624
397.055	24.6599
397.064	47.3254
397.073	20.4655
397.083	8.90165
397.092	19.8064
397.102	26.0804
397.111	21.0766
397.121	7.37387
397.13	24.6999
397.14	21.483
397.149	34.9538
397.159	33.9612
397.168	8.22972
397.178	5.52233
397.187	11.0736
397.197	28.6314
397.206	44.328
397.216	71.32
397.225	54.0364
397.234	40.6516
397.244	28.0883
397.253	25.9644
397.263	16.2704
397.272	30.3408
397.282	32.1723
397.291	50.9053
397.301	19.1675
397.31	19.5357
397.319	19.1762
397.329	14.3404
397.338	62.4797
397.348	66.8465
397.357	60.8587
397.367	29.9403
397.376	35.5088
397.386	37.1201
397.395	57.2204
397.404	69.6663
397.41	46.9612
397.421	33.8879
397.431	39.8511
397.442	27.3479
397.453	50.8569
397.464	55.1061
397.474	18.441
397.485	24.4322
397.496	25.6048
397.507	25.1819
397.517	52.9065
397.528	38.5038
397.539	27.1615
397.55	33.7899
397.56	36.0352
397.571	36.8546
397.582	25.0247
397.593	24.646
397.603	20.8871
397.614	31.3199
397.625	25.5689
397.635	47.292
397.646	60.6809
397.657	62.572
397.668	37.3808
397.678	24.4638
397.689	88.1401
397.7	67.5009
397.71	46.9352
397.721	33.9606
397.732	24.5563
397.743	48.254
397.753	56.8551
397.764	61.3976
397.775	75.3542
397.785	44.9806
397.796	49.0909
397.807	67.8222
397.817	81.7823
397.828	84.8544
397.839	60.9226
397.85	79.8183
397.86	104.894
397.871	133.019
397.882	76.3167
397.892	61.011
397.903	55.2061
397.914	65.0064
397.924	81.9753
397.935	96.8605
397.946	64.9155
397.956	38.7895
397.967	46.009
397.978	43.1378
397.988	64.6746
397.999	64.7354
398.01	93.275
398.02	62.038
398.031	85.4354
398.042	30.4992
398.052	16.4762
398.063	9.20671
398.074	13.1246
398.084	41.659
398.095	56.0767
398.106	69.7886
398.116	31.9191
398.127	23.4307
398.137	19.1977
398.148	43.7107
398.159	75.4191
398.169	149.279
398.18	119.139
398.191	42.2527
398.201	38.1914
398.212	28.9913
398.223	40.4268
398.233	51.0237
398.244	63.575
398.254	93.4762
398.265	87.5698
398.276	29.1295
398.286	20.8315
398.297	47.641
398.307	62.9482
398.318	93.3054
398.329	178.117
398.339	91.0454
398.35	43.5853
398.361	49.1181
398.371	23.7929
398.382	48.796
398.392	50.8826
398.403	73.743
398.414	99.2008
398.424	59.3189
398.435	56.5676
398.445	91.4899
398.456	106.721
398.467	97.7509
398.477	111.173
398.488	77.7588
398.498	52.6672
398.509	44.1192
398.519	46.445
398.53	52.7058
398.541	70.3491
398.551	88.7372
398.562	81.1691
398.572	118.914
398.583	130.001
398.593	66.0968
398.604	62.4726
398.615	88.2911
398.625	111.99
398.636	66.3065
398.646	43.1753
398.657	74.96
398.667	118.458
398.678	160.069
398.688	140.689
398.699	159.949
398.71	135.838
398.72	67.7513
398.731	37.6379
398.741	57.4579
398.752	125.815
398.762	145.5
398.773	75.2554
398.783	79.4371
398.794	145.324
398.804	206.889
398.815	182.441
398.825	77.3266
398.836	62.5385
398.847	50.4915
398.857	29.25
398.868	28.9885
398.878	67.928
398.889	119.504
398.899	115.177
398.91	165.731
398.92	208.901
398.931	146.182
398.941	67.9856
398.952	57.983
398.962	59.8934
398.973	52.0484
398.983	74.6429
398.994	103.235
399.004	195.493
399.015	329.864
399.025	260.677
399.036	168.209
399.046	78.9409
399.057	61.1742
399.067	88.4423
399.078	99.292
399.088	117.587
399.099	132.186
399.109	180.773
399.12	226.296
399.13	182.806
399.141	122.204
399.151	76.6195
399.161	75.0675
399.172	125.41
399.182	107.922
399.193	124.94
399.203	123.451
399.214	161.431
399.224	240.026
399.235	215.744
399.245	149.813
399.256	157.028
399.266	183.928
399.277	170.377
399.287	122.439
399.297	95.0301
399.308	141.654
399.318	156.408
399.329	181.57
399.339	171.382
399.35	167.702
399.36	104.958
399.371	69.8616
399.381	86.2344
399.391	151.462
399.402	146.204
399.412	128.211
399.423	124.601
399.433	104.637
399.444	90.7253
399.454	122.209
399.464	162.893
399.475	196.976
399.485	158.824
399.496	106.916
399.506	148.731
399.516	234.89
399.527	238.225
399.537	183.542
399.548	127.947
399.558	141.182
399.568	214.001
399.579	288.883
399.589	300.632
399.6	206.786
399.61	244.401
399.62	284.673
399.631	340.762
399.641	247.847
399.652	296.486
399.662	390.565
399.672	449.804
399.683	489.377
399.693	513.527
399.704	548.704
399.714	481.533
399.724	419.277
399.735	333.104
399.745	305.046
399.755	521.269
399.766	567.298
399.776	424.148
399.787	283.185
399.797	248.973
399.807	287.767
399.818	268
399.828	215.336
399.838	69.1584
399.849	24.6351
399.859	21.7258
399.869	12.8814
399.88	25.2768
399.89	19.1507
399.9	10.5745
399.911	19.2395
399.921	22.6195
399.931	12.0843
399.942	14.0898
399.952	8.05806
399.962	13.7166
399.973	17.1785
399.983	14.5265
399.993	25.9553
400.004	14.5983
400.014	16.5274
400.024	21.7371
400.035	19.3361
400.045	15.7709
400.055	10.7791
400.066	21.4387
400.076	8.47226
400.086	4.89651
400.097	4.98164
400.107	7.53449
400.117	17.5589
400.128	16.7173
400.138	19.104
400.148	13.8914
400.158	14.8262
400.169	24.1548
400.179	23.5715
400.189	14.0702
400.2	23.8353
400.21	14.0382
400.22	21.4915
400.231	12.8606
400.241	7.48397
400.251	8.80153
400.261	10.1516
400.272	6.60654
400.282	7.39282
400.292	9.23588
400.302	5.58234
400.313	11.6868
400.323	16.4827
400.333	15.4178
400.344	10.1617
400.354	7.59543
400.364	10.2261
400.374	9.03361
400.385	16.7432
400.395	8.50582
400.405	12.7384
400.415	9.02849
400.426	17.6547
400.436	8.83375
400.446	14.8807
400.456	7.52527
400.467	6.61478
400.477	11.2342
400.487	17.8729
400.497	27.9599
400.508	32.3179
400.518	24.6281
400.528	10.2849
400.538	15.1801
400.549	28.1559
400.559	22.856
400.569	6.66246
400.579	4.1178
400.589	4.66886
400.6	7.18794
400.61	8.22602
400.62	11.9323
400.63	10.694
400.641	10.0784
400.651	10.8233
400.661	26.313
400.671	17.9795
400.681	11.2424
400.692	12.9956
400.702	14.9123
400.712	9.88598
400.722	5.32228
400.732	10.3229
400.743	21.7472
400.753	17.1449
400.763	12.845
400.773	10.8261
400.783	9.12774
400.794	16.3717
400.804	13.4252
400.814	16.2126
400.824	12.5558
400.834	11.3982
400.844	6.35444
400.855	6.08776
400.865	15.6898
400.875	9.33552
400.885	11.832
400.895	4.84483
400.905	15.3853
400.916	12.0687
400.926	8.00592
400.936	7.42069
400.946	7.55658
400.956	11.8815
400.966	2.47731
400.977	5.55982
400.987	3.53651
400.997	7.11552
401.007	8.18618
401.017	19.2965
401.027	9.83654
401.037	15.0956
401.048	10.0972
401.058	17.2923
401.068	3.67052
401.078	2.66972
401.088	5.92423
401.098	20.8262
401.108	9.92069
401.119	7.04478
401.129	0.958035
401.139	2.27049
401.149	10.1297
401.159	16.1575
401.169	12.2913
401.179	12.5632
401.189	11.9903
401.199	13.0203
401.21	15.7259
401.22	11.2751
401.23	2.70554
401.24	5.39639
401.25	1.59993
401.26	6.72793
401.27	13.8304
401.28	12.9366
401.29	9.19339
401.3	5.10593
401.311	4.0421
401.321	7.14113
401.331	5.2762
401.341	7.27247
401.351	3.57362
401.361	1.40804
401.371	4.00111
401.381	7.43639
401.391	6.92139
401.401	2.43242
401.411	0.539469
401.421	0.901263
401.432	2.0424
401.442	2.43563
401.452	3.37319
401.462	6.05165
401.472	4.85555
401.482	9.59189
401.492	1.02467
401.502	4.642
401.512	6.49694
401.522	7.22356
401.532	13.2788
401.542	18.3713
401.552	18.2156
401.562	10.9906
401.572	10.2499
401.582	10.9991
401.592	7.31012
401.602	2.85099
401.613	12.9766
401.623	19.3488
401.633	8.7866
401.643	8.9956
401.653	4.80332
401.663	2.26435
401.673	14.3149
401.683	11.5366
401.693	9.90326
401.703	9.84821
401.713	2.32712
401.723	6.51792
401.733	0.718715
401.743	0.191659
401.753	0.959251
401.763	6.74707
401.773	16.9234
401.783	18.0021
401.793	16.1009
401.803	16.2227
401.813	23.8102
401.823	8.8387
401.833	15.9331
401.843	24.3666
401.853	9.25709
401.863	8.10951
401.873	22.8812
401.883	8.37018
401.893	2.0149
401.903	11.1533
401.913	4.42479
401.923	1.59931
401.933	3.40189
401.943	1.51457
401.953	-0.209206
401.963	0.21279
401.973	1.18538
401.983	4.13465
401.993	3.99861
402.003	5.28064
402.012	13.0057
402.022	27.8426
402.032	28.4329
402.042	17.7943
402.052	12.4095
402.062	13.9698
402.072	17.424
402.082	20.1891
402.092	39.455
402.102	34.9241
402.112	14.3066
402.122	5.07435
402.132	6.83121
402.142	14.0933
402.152	4.82173
402.162	4.56662
402.172	10.2265
402.182	4.79552
402.191	1.44615
402.201	1.49959
402.211	4.28732
402.221	16.5274
402.231	13.7295
402.241	5.50046
402.251	8.8594
402.261	18.3875
402.271	23.4056
402.281	21.2713
402.291	26.872
402.301	7.59716
402.311	30.6835
402.32	23.529
402.33	18.6784
402.34	10.2165
402.35	9.88323
402.36	10.3224
402.37	29.7543
402.38	17.942
402.39	4.89409
402.4	10.3449
402.409	15.9672
402.419	16.3973
402.429	8.55221
402.439	12.3719
402.449	13.6465
402.459	13.9038
402.469	23.0547
402.479	9.47385
402.489	8.16866
402.498	25.4014
402.508	26.8059
402.518	11.8262
402.528	13.1498
402.538	19.9559
402.548	33.5311
402.558	27.8139
402.567	18.3019
402.577	8.97527
402.587	3.88381
402.597	12.0074
402.607	35.786
402.617	22.263
402.627	20.3186
402.636	19.2267
402.646	11.8935
402.656	9.57218
402.666	11.9628
402.676	6.37559
402.686	11.9684
402.695	8.64887
402.705	4.07971
402.715	16.6265
402.725	33.4519
402.735	47.1757
402.745	23.1546
402.754	7.17698
402.764	14.4607
402.774	30.9149
402.784	64.2043
402.794	31.2163
402.804	7.81149
402.813	10.5732
402.823	27.4274
402.833	27.9449
402.843	15.0173
402.853	5.42757
402.862	15.2972
402.872	11.0132
402.882	4.56652
402.892	2.32062
402.902	4.41852
402.911	1.80585
402.921	3.87532
402.931	15.5087
402.941	38.3977
402.95	18.0603
402.96	13.7108
402.97	18.9947
402.98	21.3499
402.99	30.7643
402.999	20.0116
403.009	30.2408
403.019	28.9952
403.029	12.5247
403.038	24.8721
403.048	51.397
403.058	31.2846
403.068	23.3747
403.078	17.569
403.087	16.5885
403.097	2.48025
403.107	0.832033
403.117	8.71615
403.126	17.232
403.136	42.4741
403.146	57.2361
403.156	41.5087
403.165	34.3234
403.175	30.5729
403.185	13.9517
403.195	38.4272
403.204	53.4379
403.214	50.0847
403.224	23.2437
403.233	4.09404
403.243	11.7255
403.253	43.5274
403.263	56.5213
403.272	45.1924
403.282	17.2908
403.292	1.52226
403.302	-0.714474
403.311	0.829388
403.321	19.9516
403.331	59.7084
403.34	53.5103
403.35	29.3072
403.36	25.9318
403.37	15.8895
403.379	1.95726
403.389	12.1492
403.399	45.3769
403.408	52.4723
403.418	31.5622
403.428	14.7578
403.437	13.2791
403.447	14.383
403.457	23.4971
403.467	15.8318
403.476	21.1293
403.486	16.8469
403.496	12.9423
403.505	14.9231
403.515	29.5994
403.525	72.0429
403.534	75.4695
403.544	72.7931
403.554	44.859
403.563	14.8892
403.573	13.595
403.583	24.4554
403.592	33.845
403.602	48.3001
403.612	53.7963
403.621	35.3881
403.631	20.7955
403.641	11.3207
403.65	53.2091
403.66	102.771
403.67	51.5116
403.679	39.8097
403.689	37.2996
403.698	29.3184
403.708	47.0582
403.718	52.2311
403.727	34.4794
403.737	25.9269
403.747	20.5268
403.756	15.6033
403.766	18.2413
403.776	50.0378
403.785	89.03
403.795	94.2985
403.804	38.5794
403.814	34.2134
403.824	20.1201
403.833	33.8737
403.843	60.4776
403.852	110.821
403.862	54.7925
403.872	31.6339
403.881	54.2863
403.891	95.7566
403.901	106.003
403.91	61.9739
403.92	31.4382
403.929	26.6768
403.939	29.26
403.949	26.2253
403.958	60.2132
403.968	61.5977
403.977	44.8028
403.987	53.6215
403.996	38.0317
404.006	17.665
404.016	48.3991
404.025	107.252
404.035	110.304
404.044	64.3448
404.054	73.9139
404.064	103.936
404.073	26.3898
404.083	14.9902
404.088	26.7112
404.099	31.1776
404.11	57.0343
404.121	68.146
404.132	67.7532
404.143	28.2947
404.154	41.8985
404.165	32.9806
404.176	38.8518
404.187	73.887
404.197	122.944
404.208	144.528
404.219	135.422
404.23	33.078
404.241	24.2029
404.252	20.2677
404.263	26.269
404.274	76.1578
404.285	95.2425
404.296	82.1516
404.307	56.4098
404.318	47.341
404.328	35.4129
404.339	52.5269
404.35	140.302
404.361	166.89
404.372	103.155
404.383	37.6212
404.394	21.5138
404.405	24.146
404.416	40.4841
404.427	52.3642
404.438	63.3414
404.448	74.9786
404.459	40.9091
404.47	20.8727
404.481	21.2668
404.492	55.513
404.503	88.2012
404.514	121.38
404.525	120.275
404.535	54.6422
404.546	61.6968
404.557	29.597
404.568	34.4826
404.579	79.9456
404.59	120.151
404.601	165.481
404.612	95.7063
404.622	52.087
404.633	86.7293
404.644	89.4548
404.655	93.2987
404.666	150.148
404.677	109.316
404.688	52.9317
404.698	38.5815
404.709	59.7309
404.72	85.8472
404.731	94.0694
404.742	102.557
404.753	96.6215
404.764	142.723
404.774	151.629
404.785	64.4594
404.796	64.2596
404.807	121.812
404.818	125.868
404.829	56.3617
404.839	49.6762
404.85	68.6766
404.861	119.14
404.872	175.791
404.883	192.17
404.893	100.94
404.904	57.9175
404.915	42.2349
404.926	49.7357
404.937	103.051
404.948	97.3305
404.958	73.7002
404.969	81.4748
404.98	158.802
404.991	224.299
405.002	173.137
405.012	82.4049
405.023	51.3863
405.034	28.9298
405.045	34.8025
405.056	67.7183
405.066	78.6793
405.077	152.702
405.088	183.089
405.099	201.691
405.11	188.406
405.12	79.9214
405.131	48.4705
405.142	61.4732
405.153	44.6356
405.163	50.802
405.174	52.1351
405.185	128.366
405.196	280.525
405.207	132.152
405.217	83.8078
405.228	84.2461
405.239	69.6487
405.25	87.6175
405.26	120.022
405.271	138.661
405.282	133.267
405.293	149.23
405.303	197.408
405.314	154.363
405.325	84.5516
405.336	91.9303
405.346	168.238
405.357	199.5
405.368	116.637
405.379	94.4538
405.389	112.092
405.4	135.64
405.411	145.423
405.422	154.699
405.432	170.078
405.443	142.915
405.454	78.1833
405.464	124.897
405.475	130.996
405.486	138.747
405.497	129.964
405.507	186.996
405.518	159.715
405.529	118.258
405.54	114.862
405.55	129.559
405.561	147.564
405.572	146.249
405.582	157.363
405.593	109.108
405.604	150.18
405.614	131.017
405.625	155.09
405.636	186.662
405.647	162.997
405.657	167.978
405.668	210.935
405.679	278.41
405.689	236.33
405.7	213.062
405.711	230.5
405.721	296.053
405.732	327.358
405.743	243.122
405.753	231.701
405.764	388.533
405.775	505.753
405.785	571.456
405.796	636.938
405.807	673.597
405.817	702.214
405.828	564.363
405.839	437.616
405.849	444.53
405.86	601.457
405.871	547.678
405.881	421.51
405.892	254.897
405.903	289.27
405.913	293.324
405.924	213.069
405.935	137.843
405.945	69.7327
405.956	85.129
405.967	57.2888
405.977	26.5064
405.988	27.3011
405.999	43.3217
406.009	40.6401
406.02	23.2835
406.03	26.9017
406.041	27.0038
406.052	19.9868
406.062	12.2785
406.073	20.0462
406.084	31.0532
406.094	32.237
406.105	20.5925
406.115	22.6837
406.126	19.0354
406.137	22.991
406.147	29.5253
406.158	22.0333
406.169	32.54
406.179	33.0145
406.19	20.7204
406.2	18.8936
406.211	17.4063
406.222	22.1635
406.232	44.1657
406.243	45.6
406.253	36.6632
406.264	22.0202
406.275	25.514
406.285	21.8116
406.296	24.9344
406.306	20.7283
406.317	27.863
406.327	26.7631
406.338	23.9365
406.349	23.8048
406.359	25.334
406.37	23.0408
406.38	17.1274
406.391	22.771
406.401	32.9269
406.412	41.4348
406.423	38.6187
406.433	36.524
406.444	36.9681
406.454	49.0182
406.465	48.5477
406.475	38.875
406.486	30.7289
406.496	33.5136
406.507	25.963
406.518	30.1566
406.528	34.7637
406.539	49.0618
406.549	34.6256
406.56	27.5349
406.57	17.7435
406.581	23.3214
406.591	37.7191
406.602	19.1315
406.612	21.0958
406.623	11.3922
406.634	8.21305
406.644	18.4552
406.655	23.1206
406.665	20.1594
406.676	14.3592
406.686	19.2835
406.697	26.6661
406.707	21.0139
406.718	8.55993
406.728	10.1994
406.739	6.04302
406.749	17.546
406.76	22.6519
406.77	20.0282
406.781	22.6639
406.791	6.17456
406.802	9.58727
406.812	9.68325
406.823	15.5766
406.833	23.0978
406.844	19.6398
406.854	4.7459
406.865	6.12123
406.875	11.0529
406.886	5.42097
406.896	3.94356
406.907	8.46491
406.917	13.5017
406.928	17.2897
406.938	17.5551
406.948	12.3083
406.959	10.8275
406.969	14.4327
406.98	24.8262
406.99	6.07433
407.001	10.12
407.011	29.177
407.022	11.2569
407.032	7.39007
407.043	8.87195
407.053	8.21911
407.064	14.7848
407.074	10.434
407.084	14.4704
407.095	13.9846
407.105	12.6174
407.116	12.7499
407.126	11.1512
407.137	14.2107
407.147	14.2843
407.158	7.48902
407.168	4.97772
407.178	7.51288
407.189	9.20586
407.199	7.72974
407.21	10.9524
407.22	17.1533
407.231	16.885
407.241	8.26704
407.251	7.7417
407.262	9.26187
407.272	13.0996
407.283	11.2335
407.293	8.11036
407.303	6.1093
407.314	8.69627
407.324	13.4473
407.335	7.24422
407.345	4.17859
407.356	5.32048
407.366	11.4593
407.376	15.8891
407.387	16.5934
407.397	21.3678
407.407	10.5333
407.418	2.34902
407.428	2.47226
407.439	8.0813
407.449	19.0529
407.459	17.6879
407.47	23.5712
407.48	16.5126
407.491	3.31651
407.501	2.0186
407.511	2.06103
407.522	3.16956
407.532	4.90403
407.542	5.04266
407.553	7.57263
407.563	15.2511
407.574	3.40269
407.584	3.44738
407.594	8.76801
407.605	4.12146
407.615	4.42485
407.625	4.58992
407.636	4.26
407.646	3.71327
407.656	2.18369
407.667	4.54046
407.677	16.8187
407.687	10.5322
407.698	7.52779
407.708	5.40581
407.718	5.98529
407.729	3.46906
407.739	2.05684
407.749	0.556087
407.76	0.470455
407.77	3.021
407.78	1.35479
407.791	0.887959
407.801	4.09537
407.811	11.9259
407.822	12.6435
407.832	4.8656
407.842	2.38071
407.853	0.727732
407.863	1.80753
407.873	4.46226
407.883	15.7495
407.894	9.53404
407.904	3.40159
407.914	1.2963
407.925	4.21642
407.935	8.60273
407.945	13.4154
407.956	3.55232
407.966	7.55833
407.976	5.42303
407.986	8.33826
407.997	3.28857
408.007	9.12913
408.017	13.244
408.028	8.55714
408.038	7.64269
408.048	1.04874
408.058	0.203097
408.069	1.90727
408.079	9.19652
408.089	16.1015
408.099	4.45442
408.11	5.39352
408.12	6.65016
408.13	3.64306
408.141	5.10891
408.151	7.00824
408.161	6.65704
408.171	2.73507
408.182	10.3434
408.192	26.1763
408.202	3.90279
408.212	0.803735
408.223	1.36862
408.233	6.38669
408.243	6.54861
408.253	6.33802
408.263	5.28714
408.274	7.88476
408.284	9.95479
408.294	3.03641
408.304	6.47524
408.315	9.80285
408.325	6.64389
408.335	5.90568
408.345	4.34598
408.356	2.07797
408.366	11.2138
408.376	8.57877
408.386	2.95619
408.396	11.594
408.407	33.7349
408.417	16.7267
408.427	4.67875
408.437	5.61245
408.447	14.3998
408.458	15.4295
408.468	1.18805
408.478	0.422778
408.488	2.76915
408.498	6.94214
408.509	16.348
408.519	3.79262
408.529	6.25481
408.539	8.33096
408.549	11.3889
408.559	6.03462
408.57	1.02574
408.58	4.71783
408.59	6.35774
408.6	2.01086
408.61	3.29826
408.621	8.43095
408.631	5.22738
408.641	11.8751
408.651	17.1511
408.661	11.1575
408.671	8.35162
408.682	13.2111
408.692	18.6079
408.702	5.58619
408.712	9.33655
408.722	13.8119
408.732	25.262
408.742	6.90683
408.753	3.11264
408.763	10.0115
408.773	2.01501
408.783	1.94921
408.793	6.20198
408.803	6.37629
408.813	12.0327
408.824	3.81116
408.834	5.19124
408.844	6.00187
408.854	6.63231
408.864	11.732
408.874	8.52072
408.884	8.37894
408.894	4.75482
408.905	8.96707
408.915	6.59398
408.925	12.2523
408.935	3.85309
408.945	2.43026
408.955	7.13315
408.965	20.8868
408.975	11.5545
408.985	8.87785
408.996	13.8986
409.006	16.4326
409.016	19.0767
409.026	5.58093
409.036	3.93632
409.046	9.16586
409.056	17.8928
409.066	2.8488
409.076	3.25721
409.086	2.9972
409.096	7.9397
409.107	7.60444
409.117	2.47684
409.127	10.1864
409.137	9.88451
409.147	15.3123
409.157	37.9043
409.167	21.2587
409.177	18.7443
409.187	18.8905
409.197	17.615
409.207	17.2717
409.217	23.0298
409.227	46.0937
409.237	57.314
409.247	23.8849
409.257	8.38473
409.268	15.6463
409.278	8.41265
409.288	14.7633
409.298	18.4623
409.308	17.9103
409.318	13.0788
409.328	24.0604
409.338	14.0891
409.348	40.4469
409.358	17.6551
409.368	4.2559
409.378	-0.103525
409.388	2.74927
409.398	11.2907
409.408	13.913
409.418	8.5667
409.428	15.782
409.438	12.4337
409.448	13.5827
409.458	17.8177
409.468	18.4357
409.478	3.85388
409.488	3.35675
409.498	2.80079
409.508	0.351257
409.518	-1.09522
409.528	-0.989248
409.538	-0.195095
409.548	2.20882
409.558	3.01932
409.568	10.2931
409.578	9.40634
409.588	3.57007
409.598	3.86268
409.608	-0.243608
409.618	-0.583561
409.628	-0.512856
409.638	0.371824
409.648	4.65131
409.658	11.1778
409.668	3.12709
409.678	2.9887
409.688	0.0625077
409.698	-0.55542
409.708	-1.27355
409.718	-1.61916
409.728	-0.718593
409.738	-1.16113
409.748	-0.357313
409.758	1.10601
409.768	6.72746
409.778	4.97037
409.787	10.5497
409.797	0.938239
409.807	5.10584
409.817	11.6527
409.827	8.00894
409.837	0.733686
409.847	3.0426
409.857	3.28837
409.867	7.62846
409.877	8.76484
409.887	9.32334
409.897	7.82317
409.907	3.64143
409.917	1.1348
409.927	14.6221
409.937	14.4568
409.946	5.48795
409.956	7.68772
409.966	13.2111
409.976	2.94141
409.986	0.487466
409.996	6.02002
410.006	2.98114
410.016	0.884592
410.026	-0.477034
410.036	4.36501
410.046	20.7812
410.055	11.8218
410.065	5.6852
410.075	5.50984
410.085	7.4217
410.095	7.39318
410.105	3.1518
410.115	1.23326
410.125	2.81632
410.135	-0.193715
410.144	6.04074
410.154	27.2846
410.164	6.81076
410.174	0.319215
410.184	2.47445
410.194	11.3451
410.204	0.229206
410.214	1.18674
410.223	0.825106
410.233	6.10674
410.243	3.83278
410.253	1.32087
410.263	14.2409
410.273	26.2612
410.283	25.8231
410.292	8.22494
410.302	7.13955
410.312	19.8014
410.322	12.6157
410.332	5.64675
410.342	17.6782
410.352	28.4902
410.361	8.38035
410.371	9.81598
410.381	-0.275927
410.391	0.88932
410.401	-0.761269
410.411	0.453415
410.42	4.08052
410.43	8.52206
410.44	2.14878
410.45	6.82006
410.46	20.9434
410.47	12.0152
410.479	9.98696
410.489	25.6002
410.499	34.4886
410.509	3.37313
410.519	2.17776
410.528	8.32924
410.538	7.79958
410.548	12.4326
410.558	26.3422
410.568	23.7317
410.577	18.1191
410.587	9.66919
410.597	-0.16732
410.607	2.93556
410.617	4.59438
410.626	12.2627
410.636	5.36692
410.646	0.0529021
410.656	-0.254799
410.666	10.1516
410.675	33.4154
410.685	20.4617
410.695	8.87033
410.705	10.4753
410.714	13.5322
410.724	10.0368
410.734	15.4898
410.744	2.20619
410.754	8.75847
410.763	8.79891
410.773	8.33757
410.783	12.6883
410.793	1.62608
410.802	-1.67045
410.812	-0.766103
410.822	-1.11754
410.832	9.34458
410.841	44.8984
410.851	16.3971
410.861	8.90816
410.871	-0.928762
410.88	1.10692
410.89	4.45228
410.9	8.51521
410.909	-1.09415
410.919	0.0834139
410.929	12.2812
410.939	3.58709
410.948	1.07552
410.958	9.54043
410.968	5.68281
410.978	17.7262
410.987	22.5476
410.996	11.5272
411.008	12.923
411.019	26.1724
411.03	23.4691
411.041	11.908
411.052	19.3798
411.063	13.8303
411.074	11.6728
411.086	24.7871
411.097	15.4129
411.108	8.18001
411.119	13.1111
411.13	10.9578
411.141	5.96323
411.152	7.08808
411.163	6.54725
411.174	16.3539
411.186	31.8009
411.197	16.6839
411.208	16.4142
411.219	8.04304
411.23	12.4148
411.241	13.7455
411.252	22.7002
411.263	19.4296
411.274	10.3148
411.286	15.1511
411.297	6.54026
411.308	11.6645
411.319	19.6918
411.33	20.0486
411.341	12.7018
411.352	15.318
411.363	13.2641
411.374	18.2692
411.385	28.083
411.396	33.7196
411.408	23.678
411.419	13.9362
411.43	18.5304
411.441	12.3871
411.452	24.1144
411.463	13.2572
411.474	17.1154
411.485	9.3735
411.496	11.1316
411.507	10.0831
411.518	11.7636
411.529	17.2455
411.54	24.0736
411.551	29.9632
411.563	25.2355
411.574	12.3678
411.585	16.9108
411.596	23.6701
411.607	24.7835
411.618	18.7072
411.629	17.6683
411.64	27.5611
411.651	37.246
411.662	22.7143
411.673	32.4012
411.684	27.567
411.695	35.9573
411.706	35.3225
411.717	22.3267
411.728	32.716
411.739	20.803
411.75	11.0541
411.761	12.5528
411.772	35.227
411.783	36.317
411.794	16.1406
411.805	27.0543
411.816	37.3732
411.827	24.7724
411.838	15.3972
411.849	30.7649
411.86	39.7426
411.871	25.2203
411.882	22.7271
411.893	9.27823
411.904	10.6144
411.915	22.0055
411.926	21.8061
411.937	24.6462
411.948	22.5315
411.959	32.1905
411.97	23.1765
411.981	31.2243
411.992	16.5303
412.003	22.5065
412.014	13.8813
412.025	8.5949
412.036	9.46283
412.047	23.9241
412.058	57.9677
412.069	47.9255
412.08	42.1373
412.091	37.9169
412.102	19.6297
412.113	20.0496
412.124	13.6591
412.135	11.41
412.146	21.7103
412.157	18.0845
412.168	15.2282
412.179	25.0743
412.19	14.7544
412.201	14.8469
412.212	18.2256
412.223	34.2348
412.234	38.1734
412.245	29.4376
412.256	22.8947
412.267	14.9534
412.278	23.502
412.288	24.1374
412.299	33.3793
412.31	20.3451
412.321	30.6556
412.332	36.4966
412.343	22.0046
412.354	21.4647
412.365	13.5092
412.376	22.6313
412.387	30.1227
412.398	30.4785
412.409	21.4174
412.42	40.663
412.431	35.6
412.441	29.287
412.452	16.5989
412.463	14.5159
412.474	23.6707
412.485	27.6163
412.496	27.8475
412.507	40.3505
412.518	33.8609
412.529	20.8066
412.54	16.8308
412.55	26.5543
412.561	30.3391
412.572	43.4602
412.583	46.603
412.594	29.1498
412.605	31.3902
412.616	30.6953
412.627	32.9011
412.638	31.934
412.648	24.5147
412.659	39.7103
412.67	53.7796
412.681	53.5504
412.692	29.0444
412.703	42.7841
412.714	51.5178
412.725	61.0339
412.735	55.95
412.746	51.2852
412.757	50.1383
412.768	67.8034
412.779	74.6384
412.79	60.4377
412.801	62.5069
412.811	75.6643
412.822	72.8296
412.833	54.0267
412.844	39.6329
412.855	58.6865
412.866	57.2846
412.877	52.6425
412.887	42.537
412.898	38.8301
412.909	39.4401
412.92	34.9673
412.931	30.8146
412.942	38.0768
412.952	33.861
412.963	21.0681
412.974	20.6925
412.985	12.3961
412.996	18.2892
413.006	21.9922
413.017	12.957
413.028	17.193
413.039	36.4772
413.05	44.6841
413.061	23.1394
413.071	32.9621
413.082	27.4901
413.093	29.9618
413.104	22.0559
413.115	19.4347
413.125	15.6465
413.136	24.7935
413.147	45.4938
413.158	43.8753
413.169	37.1656
413.179	29.6206
413.19	23.82
413.201	14.9072
413.212	20.0819
413.223	28.7171
413.233	17.5978
413.244	9.20967
413.255	11.8857
413.266	12.8442
413.276	22.0154
413.287	18.1579
413.298	21.7557
413.309	16.7087
413.319	21.0421
413.33	30.1266
413.341	14.8832
413.352	18.9548
413.362	18.557
413.373	15.1906
413.384	16.2255
413.395	11.7167
413.406	13.0297
413.416	15.6958
413.427	23.8506
413.438	17.1267
413.449	17.7679
413.459	26.0101
413.47	13.8603
413.481	17.8695
413.491	14.1457
413.502	26.5424
413.513	29.0392
413.524	36.3426
413.534	23.8104
413.545	29.547
413.556	12.3864
413.567	11.4649
413.577	16.2701
413.588	23.0898
413.599	10.3478
413.609	14.9954
413.62	24.9334
413.631	17.1274
413.642	15.7323
413.652	19.7843
413.663	14.2877
413.674	30.4215
413.684	14.0184
413.695	7.16471
413.706	17.0157
413.717	27.1263
413.727	22.3258
413.738	35.3376
413.749	19.094
413.759	6.85983
413.77	11.5874
413.781	16.2791
413.791	23.2735
413.802	16.9744
413.813	11.9854
413.823	7.45575
413.834	7.93715
413.845	18.7815
413.855	17.122
413.866	21.6344
413.877	30.4039
413.887	25.001
413.898	22.6023
413.909	23.2981
413.919	40.5493
413.93	46.8135
413.941	31.8335
413.951	51.8029
413.962	36.9345
413.973	35.191
413.983	49.0883
413.994	46.985
414.005	41.8379
414.015	30.9914
414.026	21.3046
414.037	15.163
414.047	19.6238
414.058	36.7108
414.068	40.6647
414.079	43.4141
414.09	35.725
414.1	33.2914
414.111	14.2177
414.122	12.8309
414.132	13.4676
414.143	17.319
414.153	29.7986
414.164	31.1509
414.175	16.7194
414.185	21.3861
414.196	15.27
414.207	12.8619
414.217	14.1524
414.228	16.3274
414.238	16.7622
414.249	6.3275
414.26	4.23559
414.27	9.9357
414.281	26.066
414.291	16.2807
414.302	5.51914
414.313	5.57995
414.323	6.37995
414.334	15.1114
414.344	6.38566
414.355	4.48155
414.365	9.14146
414.376	9.32867
414.387	10.5786
414.397	4.96703
414.408	5.94716
414.418	2.30273
414.429	3.7547
414.44	13.9426
414.45	5.97651
414.461	6.18156
414.471	7.47575
414.482	14.1225
414.492	7.09954
414.503	4.96551
414.513	16.5823
414.524	13.2792
414.535	7.96475
414.545	4.71578
414.556	8.27044
414.566	6.00094
414.577	3.99706
414.587	12.1612
414.598	3.8014
414.608	9.26558
414.619	9.89541
414.629	2.16994
414.64	7.25258
414.651	3.37013
414.661	0.444044
414.672	1.57378
414.682	4.33964
414.693	14.2161
414.703	12.9233
414.714	7.87867
414.724	2.59714
414.735	8.04651
414.745	4.54651
414.756	6.61847
414.766	0.972036
414.777	1.26365
414.787	4.22957
414.798	5.38342
414.808	9.59905
414.819	11.2446
414.829	5.2041
414.84	13.9209
414.85	11.4771
414.861	8.70645
414.871	5.40687
414.882	6.87769
414.892	2.47857
414.903	7.98245
414.913	15.5218
414.924	6.01845
414.934	1.72029
414.945	6.40576
414.955	8.49632
414.966	6.58995
414.976	1.51679
414.987	1.87333
414.997	3.97925
415.007	3.24042
415.018	2.25961
415.028	10.2471
415.039	7.72186
415.049	8.454
415.06	2.15531
415.07	1.58577
415.081	11.416
415.091	12.5123
415.102	9.31451
415.112	11.3941
415.122	10.3882
415.133	13.8274
415.143	1.2759
415.154	2.10228
415.164	4.32307
415.175	5.31597
415.185	4.5587
415.196	2.74774
415.206	8.74082
415.216	4.1243
415.227	1.9394
415.237	2.68731
415.248	8.0971
415.258	10.4322
415.269	15.3403
415.279	6.36311
415.289	13.9259
415.3	4.12298
415.31	3.56059
415.321	3.15267
415.331	5.34907
415.341	0.181578
415.352	0.780831
415.362	3.98491
415.373	5.02878
415.383	3.84841
415.393	4.20931
415.404	7.8838
415.414	1.13924
415.425	-0.421447
415.435	-0.270726
415.445	1.14031
415.456	9.78955
415.466	16.9046
415.476	13.1982
415.487	3.10037
415.497	1.32362
415.508	6.96456
415.518	15.2871
415.528	3.16266
415.539	0.521335
415.549	1.91239
415.559	2.99695
415.57	3.97758
415.58	1.03354
415.591	1.74806
415.601	6.65965
415.611	11.4552
415.622	6.93794
415.632	12.5065
415.642	8.11175
415.653	1.61269
415.663	2.85305
415.673	2.72798
415.684	0.40085
415.694	0.771382
415.704	6.71815
415.715	3.18327
415.725	3.90546
415.735	5.56902
415.746	5.49049
415.756	7.4392
415.766	5.96006
415.777	19.2827
415.787	8.56865
415.797	8.56896
415.808	11.0962
415.818	3.65059
415.828	2.78054
415.839	10.602
415.849	8.85823
415.859	11.1529
415.87	2.74243
415.88	2.40104
415.89	2.32149
415.9	7.67947
415.911	1.67949
415.921	8.74253
415.931	17.7955
415.942	33.6267
415.952	74.5222
415.962	79.4418
415.972	38.5638
415.983	9.99529
415.993	4.98219
416.003	-0.137851
416.014	-0.201618
416.024	3.46762
416.034	18.1021
416.044	5.16338
416.055	5.46527
416.065	9.4125
416.075	6.54782
416.086	0.898438
416.096	5.03291
416.106	5.25241
416.116	3.07729
416.127	3.96226
416.137	11.0255
416.147	9.77384
416.157	12.9776
416.168	32.6743
416.178	18.7117
416.188	5.25504
416.198	4.61207
416.209	3.82368
416.219	19.7346
416.229	14.1095
416.239	8.18117
416.25	3.71045
416.26	4.98105
416.27	4.74918
416.28	0.702576
416.29	2.47768
416.301	8.87161
416.311	11.7242
416.321	9.2041
416.331	1.79651
416.342	1.02739
416.352	2.76803
416.362	3.13143
416.372	1.21149
416.382	2.3438
416.393	3.81807
416.403	12.0462
416.413	21.6936
416.423	32.2793
416.434	35.0526
416.444	14.8255
416.454	12.31
416.464	5.22421
416.474	7.05128
416.484	13.8578
416.495	9.81216
416.505	9.12008
416.515	8.65226
416.525	4.95147
416.535	0.926639
416.546	4.38629
416.556	4.1722
416.566	4.14525
416.576	7.87732
416.586	10.3157
416.596	20.8212
416.607	22.6561
416.617	16.8944
416.627	30.4164
416.637	12.5836
416.647	14.1504
416.657	11.7827
416.668	11.5988
416.678	5.12314
416.688	9.10975
416.698	1.45197
416.708	2.3105
416.718	17.7143
416.729	13.289
416.739	0.293082
416.749	7.43201
416.759	23.5229
416.769	21.1985
416.779	13.4346
416.789	28.7511
416.8	7.04389
416.81	1.69013
416.82	3.46986
416.83	9.68291
416.84	6.17486
416.85	1.33836
416.86	2.81568
416.87	6.96857
416.88	6.39464
416.891	8.83381
416.901	1.06644
416.911	0.0955343
416.921	1.76272
416.931	5.58953
416.941	7.531
416.951	21.8071
416.961	41.1376
416.971	25.0738
416.982	7.37617
416.992	11.5393
417.002	39.205
417.012	3.21794
417.022	0.351313
417.032	1.93429
417.042	11.1941
417.052	8.40127
417.062	4.06593
417.072	3.68576
417.082	3.90937
417.092	5.46292
417.103	3.4298
417.113	10.188
417.123	23.1071
417.133	17.9611
417.143	14.5905
417.153	8.82736
417.163	7.53317
417.173	11.8087
417.183	13.9494
417.193	29.1774
417.203	19.1583
417.213	12.53
417.223	5.93531
417.233	0.103883
417.243	0.128706
417.253	5.17525
417.264	7.98303
417.274	17.4883
417.284	11.1168
417.294	9.28084
417.304	4.29889
417.314	15.1768
417.324	7.72408
417.334	22.7104
417.344	15.9893
417.354	15.8609
417.364	3.7434
417.374	9.44594
417.384	11.5939
417.394	10.088
417.404	8.99866
417.414	8.51302
417.424	1.53975
417.434	1.422
417.444	1.78602
417.454	3.00329
417.464	7.986
417.474	18.8991
417.484	13.0603
417.494	28.5268
417.504	18.3589
417.514	16.7071
417.524	17.4357
417.534	15.5636
417.544	26.07
417.554	5.44408
417.564	3.18491
417.574	0.285407
417.584	-0.0523673
417.594	-0.189843
417.604	1.87239
417.614	3.52198
417.624	9.53077
417.634	4.35452
417.644	3.0829
417.654	6.12669
417.664	27.4322
417.674	28.5204
417.684	23.6677
417.694	20.4389
417.704	14.7371
417.714	12.2046
417.723	12.9853
417.733	3.98383
417.743	15.1288
417.753	14.5946
417.763	0.81915
417.773	2.16185
417.783	5.88284
417.793	8.07533
417.803	7.36371
417.813	12.3244
417.823	30.0402
417.833	48.5945
417.843	28.4476
417.853	10.074
417.863	5.18405
417.873	8.11046
417.882	14.2206
417.892	44.8926
417.902	31.5379
417.912	20.5906
417.922	21.5828
417.932	7.38216
417.942	11.9124
417.952	13.8103
417.962	12.8181
417.972	12.9129
417.982	29.0962
417.992	26.7857
418.001	5.90701
418.011	15.7106
418.021	10.316
418.031	3.16824
418.041	-0.234401
418.051	7.20628
418.061	10.9455
418.071	20.9394
418.081	18.4473
418.09	9.42837
418.1	34.6149
418.11	48.8476
418.12	31.7463
418.13	41.672
418.136	26.6518
418.147	15.486
418.158	13.7073
418.17	13.1484
418.181	12.0123
418.192	21.7338
418.204	19.5244
418.215	11.7668
418.227	24.6086
418.238	11.1267
418.249	14.3385
418.261	34.9402
418.272	32.2942
418.283	36.692
418.295	25.2938
418.306	26.0005
418.317	18.7194
418.328	9.52982
418.34	15.0807
418.351	7.18575
418.362	18.325
418.374	16.9104
418.385	18.3752
418.396	14.5928
418.408	12.8791
418.419	29.9662
418.43	27.3987
418.442	23.8648
418.453	10.5307
418.464	10.3631
418.476	21.3968
418.487	27.4555
418.498	24.2292
418.509	26.3622
418.521	28.5599
418.532	18.7717
418.543	13.4554
418.555	8.78206
418.566	4.75777
418.577	8.05751
418.588	24.4984
418.6	32.6525
418.611	20.0247
418.622	19.349
418.634	19.0952
418.645	21.8712
418.656	17.7066
418.667	22.5785
418.679	28.109
418.69	20.1227
418.701	15.1531
418.712	33.5675
418.724	35.825
418.735	42.837
418.746	40.9485
418.757	53.4057
418.769	38.6573
418.78	16.6523
418.791	13.1461
418.802	19.0467
418.814	16.3814
418.825	13.5301
418.836	20.8795
418.847	31.9769
418.859	47.1735
418.87	59.8651
418.881	41.1632
418.892	17.7504
418.904	26.6727
418.915	41.148
418.926	33.9719
418.937	27.0892
418.949	24.059
418.96	32.2755
418.971	13.5959
418.982	21.0546
418.993	41.871
419.005	50.4148
419.016	27.996
419.027	20.6745
419.038	16.3075
419.049	13.4704
419.061	14.5422
419.072	17.0658
419.083	27.5442
419.094	51.0378
419.105	53.598
419.117	60.187
419.128	34.2654
419.139	42.6342
419.15	34.2852
419.161	31.4937
419.173	17.271
419.184	17.3446
419.195	15.7088
419.206	11.7224
419.217	24.3595
419.229	46.2156
419.24	64.7562
419.251	49.7684
419.262	27.5773
419.273	22.5443
419.284	28.1214
419.296	24.7793
419.307	36.3624
419.318	38.2593
419.329	57.6587
419.34	38.9211
419.351	33.5047
419.363	36.1896
419.374	23.1527
419.385	19.676
419.396	34.1501
419.407	32.7508
419.418	52.9753
419.43	28.6622
419.441	15.481
419.452	12.3976
419.463	18.6431
419.474	45.4662
419.485	44.3897
419.496	46.5942
419.507	59.6484
419.519	39.9073
419.53	19.6717
419.541	18.2009
419.552	23.4576
419.563	61.4266
419.574	66.4685
419.585	57.3934
419.597	45.717
419.608	59.3082
419.619	48.9912
419.63	60.0373
419.641	39.9109
419.652	67.8647
419.663	69.5726
419.674	47.5034
419.685	29.2569
419.697	39.0098
419.708	30.7398
419.719	49.8393
419.73	33.8548
419.741	42.3769
419.752	34.8932
419.763	30.9268
419.774	32.1694
419.785	35.6409
419.796	60.7735
419.807	85.2566
419.819	73.3897
419.83	53.7648
419.841	56.7866
419.852	59.8764
419.863	78.5547
419.874	129.715
419.885	114.078
419.896	90.4606
419.907	90.3663
419.918	70.1823
419.929	85.5807
419.94	82.9328
419.951	88.0985
419.962	132.335
419.973	115.179
419.985	119.262
419.996	95.0244
420.007	82.0902
420.018	83.5151
420.029	76.9976
420.04	78.1112
420.051	68.2597
420.062	50.1283
420.073	65.1433
420.084	44.8599
420.095	64.7962
420.106	70.6801
420.117	113.847
420.128	90.5463
420.139	47.6691
420.15	31.7765
420.161	23.1299
420.172	22.0667
420.183	29.7209
420.194	24.7674
420.205	20.7474
420.216	20.0245
420.227	9.24588
420.238	9.15076
420.249	17.7812
420.26	23.2366
420.271	21.7841
420.282	40.0469
420.293	43.1964
420.304	28.132
420.315	22.9066
420.326	10.9965
420.337	6.86226
420.348	7.26978
420.359	8.27591
420.37	15.8031
420.381	15.0194
420.392	12.9871
420.403	34.356
420.414	34.3516
420.425	32.3249
420.436	23.1074
420.447	21.8466
420.458	18.112
420.469	35.6828
420.48	49.2093
420.491	24.7063
420.502	15.7554
420.513	13.0581
420.524	11.8249
420.535	10.8567
420.546	11.2531
420.557	12.0929
420.568	19.216
420.579	20.7372
420.59	22.0257
420.601	16.3773
420.612	14.9121
420.623	29.4344
420.633	25.489
420.644	15.1863
420.655	7.09679
420.666	6.49148
420.677	7.37259
420.688	12.7374
420.699	7.34082
420.71	10.0886
420.721	6.07909
420.732	10.359
420.743	8.09863
420.754	6.28717
420.765	9.76191
420.776	19.8876
420.787	32.6539
420.797	39.3403
420.808	29.3538
420.819	13.3548
420.83	11.4595
420.841	18.8533
420.852	12.8354
420.863	8.10845
420.874	9.33293
420.885	8.44703
420.896	16.0502
420.906	12.8226
420.917	10.548
420.928	6.81673
420.939	4.84014
420.95	11.3213
420.961	10.018
420.972	16.045
420.983	18.3585
420.994	12.5527
421.004	14.0173
421.015	13.0713
421.026	5.27086
421.037	12.2838
421.048	17.948
421.059	9.98273
421.07	11.1016
421.081	11.6014
421.091	5.5317
421.102	7.25873
421.113	15.1912
421.124	33.3905
421.135	27.0792
421.146	48.7553
421.157	29.9355
421.167	25.8446
421.178	12.7587
421.189	7.58724
421.2	12.2204
421.211	7.29191
421.222	7.76227
421.233	19.9989
421.243	12.0004
421.254	9.01768
421.265	6.10029
421.276	14.0461
421.287	12.8618
421.298	22.6111
421.308	17.7022
421.319	20.1888
421.33	27.1305
421.341	22.1313
421.352	20.8287
421.362	13.3282
421.373	7.92794
421.384	9.3939
421.395	17.6107
421.406	16.5304
421.416	16.0563
421.427	17.631
421.438	18.0987
421.449	24.3603
421.46	25.9026
421.471	28.9895
421.481	37.2076
421.492	33.1407
421.503	7.68849
421.514	12.6984
421.524	13.445
421.535	11.8626
421.546	19.9484
421.557	4.30652
421.568	14.0496
421.578	29.7943
421.589	12.3725
421.6	9.89118
421.611	15.1692
421.621	17.8573
421.632	16.7293
421.643	16.3568
421.654	18.5149
421.665	16.4323
421.675	12.3794
421.686	12.2506
421.697	14.1114
421.708	13.6122
421.718	6.42246
421.729	12.5094
421.74	4.96598
421.751	5.0751
421.761	14.2249
421.772	18.3476
421.783	15.3662
421.794	29.5206
421.804	11.0044
421.815	11.1878
421.826	10.3137
421.836	2.45776
421.847	4.27022
421.858	13.9986
421.869	31.6141
421.879	28.7327
421.89	16.1416
421.901	10.4713
421.912	6.28368
421.922	16.5332
421.933	19.3098
421.944	17.3661
421.954	11.8258
421.965	7.52724
421.976	12.7272
421.987	19.2157
421.997	15.8866
422.008	12.2483
422.019	4.4439
422.029	6.48735
422.04	12.1088
422.051	16.1416
422.061	30.3817
422.072	46.603
422.083	34.7289
422.093	26.1141
422.104	26.3864
422.115	25.2737
422.126	24.8565
422.136	17.9994
422.147	7.53084
422.158	4.76008
422.168	10.7628
422.179	12.0206
422.19	18.6196
422.2	34.3952
422.211	29.794
422.222	13.7469
422.232	19.8919
422.243	33.043
422.254	36.4928
422.264	24.8316
422.275	5.90587
422.285	15.883
422.296	23.7922
422.307	30.1105
422.317	28.0643
422.328	57.982
422.339	71.4571
422.349	46.6951
422.36	29.6649
422.371	11.7254
422.381	10.9193
422.392	11.0232
422.403	14.2203
422.413	15.0575
422.424	19.9644
422.434	34.8258
422.445	30.1328
422.456	39.1027
422.466	35.5186
422.477	15.029
422.487	21.6355
422.498	23.2305
422.509	15.2848
422.519	9.46341
422.53	7.61706
422.541	9.64183
422.551	18.4604
422.562	17.9799
422.572	6.86977
422.583	9.26071
422.594	18.022
422.604	12.7202
422.615	23.7973
422.625	18.2914
422.636	2.35741
422.646	6.60885
422.657	23.7015
422.668	26.0312
422.678	30.6907
422.689	21.116
422.699	46.2489
422.71	22.506
422.721	14.0116
422.731	16.6251
422.742	11.2244
422.752	14.9161
422.763	24.7221
422.773	19.2179
422.784	34.6387
422.794	23.4434
422.805	15.2229
422.816	5.84976
422.826	4.19578
422.837	10.6252
422.847	20.2658
422.858	15.5978
422.868	5.30097
422.879	13.0047
422.889	13.9469
422.9	10.9798
422.91	9.57703
422.921	5.88917
422.932	8.33794
422.942	8.30278
422.953	12.7418
422.963	7.65685
422.974	1.77126
422.984	5.05741
422.995	11.0639
423.005	14.4488
423.016	6.39945
423.026	8.39755
423.037	23.7068
423.047	12.1974
423.058	13.9134
423.068	26.9994
423.079	23.4153
423.089	19.4523
423.1	31.5699
423.11	21.0085
423.121	11.4535
423.131	18.5055
423.142	27.9355
423.152	22.0308
423.163	17.8049
423.173	10.6898
423.184	5.59187
423.194	3.90989
423.205	15.1052
423.215	10.7382
423.226	10.1588
423.236	7.73904
423.247	8.83132
423.257	7.03481
423.268	6.98618
423.278	17.1421
423.288	14.7722
423.299	30.1642
423.309	37.85
423.32	30.4873
423.33	33.0259
423.341	27.514
423.351	18.858
423.362	28.5003
423.372	41.3613
423.383	49.3509
423.393	60.7451
423.403	57.7014
423.414	51.9155
423.424	41.9207
423.435	28.2828
423.445	40.0031
423.456	58.3272
423.466	59.8292
423.477	66.7775
423.487	53.9823
423.497	52.5341
423.508	75.8526
423.518	97.1749
423.529	89.3804
423.539	81.3788
423.549	112.684
423.56	87.0314
423.57	113.237
423.581	118.141
423.591	116.547
423.602	170.989
423.612	236.16
423.622	199.16
423.633	131.612
423.643	112.501
423.654	62.6387
423.664	35.3544
423.674	40.469
423.685	15.4541
423.695	30.2053
423.705	25.7044
423.716	20.5064
423.726	14.8016
423.737	3.64772
423.747	11.2324
423.757	3.1811
423.768	-0.193975
423.778	1.9049
423.789	4.21746
423.799	8.97788
423.809	28.0703
423.82	26.2898
423.83	16.222
423.84	17.3247
423.851	13.969
423.861	24.6736
423.871	42.3871
423.882	36.3343
423.892	10.6022
423.902	3.77045
423.913	5.48884
423.923	12.0931
423.934	10.7146
423.944	4.14725
423.954	4.43084
423.965	10.6541
423.975	6.12355
423.985	9.74577
423.996	0.786594
424.006	3.85972
424.016	17.9081
424.027	17.658
424.037	20.6757
424.047	5.88995
424.058	17.9081
424.068	33.2291
424.078	42.6421
424.088	23.7301
424.099	18.522
424.109	22.2041
424.119	21.9991
424.13	15.7616
424.14	25.1216
424.15	29.3516
424.161	4.06551
424.171	5.4841
424.181	5.67624
424.191	0.74174
424.202	1.25041
424.212	2.84787
424.222	4.05748
424.233	5.57578
424.243	25.6097
424.253	10.646
424.263	13.1645
424.274	26.7422
424.284	30.6104
424.294	38.7599
424.305	18.3118
424.315	11.2328
424.325	2.91588
424.335	3.63255
424.346	8.90887
424.356	6.44659
424.366	-0.0948758
424.376	1.16388
424.387	9.41394
424.397	15.901
424.407	22.6608
424.417	35.8713
424.428	32.2356
424.438	15.3464
424.448	21.6331
424.458	23.0315
424.469	42.5477
424.479	46.4363
424.489	38.3006
424.499	24.0554
424.51	24.5418
424.52	24.9132
424.53	14.9587
424.54	32.2495
424.551	24.0794
424.561	26.9534
424.571	21.5907
424.581	32.1882
424.591	21.3791
424.602	26.9116
424.612	53.7023
424.622	33.3753
424.632	10.6257
424.643	22.1752
424.653	54.2966
424.663	47.7563
424.673	63.8855
424.683	42.6465
424.694	19.0891
424.704	25.4357
424.714	28.323
424.724	31.4857
424.734	37.0905
424.745	26.2741
424.755	39.9661
424.765	3.34973
424.775	-0.254774
424.785	-0.256314
424.795	8.42583
424.806	21.7606
424.816	39.6489
424.826	37.9149
424.836	14.6867
424.846	24.1271
424.857	44.7332
424.867	48.5031
424.877	72.4892
424.887	54.5417
424.897	33.7273
424.907	15.9095
424.917	18.5484
424.928	44.4296
424.938	25.6111
424.948	14.7734
424.958	9.4617
424.968	3.02844
424.978	7.68896
424.989	3.69345
424.999	1.67304
425.009	19.471
425.019	46.9614
425.029	100.337
425.039	108.076
425.049	50.2345
425.059	35.7113
425.07	30.0619
425.08	33.2146
425.09	11.7558
425.1	16.8068
425.11	34.0432
425.12	59.904
425.13	52.0671
425.14	40.1883
425.151	18.8821
425.161	8.99254
425.171	10.6132
425.181	25.2121
425.191	51.7431
425.201	39.3666
425.211	41.8724
425.221	49.1699
425.231	59.1915
425.241	52.8599
425.252	42.5594
425.262	59.4025
425.272	24.6962
425.282	20.0445
425.292	30.1561
425.302	38.9229
425.312	56.5221
425.322	33.421
425.332	27.763
425.342	16.3046
425.352	19.5242
425.362	54.1341
425.372	87.6352
425.383	91.6251
425.393	142.213
425.403	35.3955
425.413	44.8366
425.423	42.3687
425.433	28.1689
425.443	32.3219
425.453	26.3735
425.463	38.6188
425.473	56.7671
425.483	33.093
425.493	24.3492
425.503	25.1009
425.513	68.6507
425.523	61.5644
425.533	57.6559
425.542	37.2337
425.553	80.2189
425.565	80.9407
425.576	87.03
425.588	87.8942
425.599	57.9487
425.611	38.2737
425.623	42.1779
425.634	25.6699
425.646	12.6088
425.657	17.4237
425.669	29.2531
425.68	11.5364
425.692	14.9742
425.703	41.6715
425.715	54.6992
425.726	51.4858
425.738	58.8656
425.749	31.4614
425.761	48.2336
425.773	55.7485
425.784	72.1825
425.796	34.8645
425.807	23.7207
425.819	12.4217
425.83	17.1973
425.842	27.1925
425.853	64.7738
425.865	69.0431
425.876	105.09
425.888	89.6419
425.899	81.7
425.911	96.6683
425.922	86.1271
425.934	56.6315
425.945	27.218
425.957	34.1312
425.968	39.5674
425.98	32.2144
425.991	25.3774
426.003	34.7299
426.014	70.0551
426.026	92.7623
426.037	105.616
426.049	126.102
426.06	53.2839
426.072	33.6329
426.083	52.6033
426.095	36.4704
426.106	20.6779
426.118	16.0601
426.129	31.5892
426.141	50.6657
426.152	74.161
426.163	64.6268
426.175	74.7119
426.186	91.0447
426.198	90.6312
426.209	63.3645
426.221	58.7812
426.232	73.6915
426.244	77.5674
426.255	44.6108
426.267	42.1174
426.278	54.7967
426.29	58.7154
426.301	76.0251
426.312	106.009
426.324	81.363
426.335	72.9861
426.347	35.4108
426.358	50.5341
426.37	73.8253
426.381	88.2545
426.392	75.4725
426.404	90.8091
426.415	77.3307
426.427	59.6195
426.438	70.8297
426.45	121.148
426.461	139.385
426.472	150.542
426.484	118.201
426.495	81.617
426.507	72.7893
426.518	69.7427
426.53	66.2281
426.541	55.4086
426.552	69.0992
426.564	86.9709
426.575	65.0426
426.587	118.275
426.598	100.389
426.609	130.379
426.621	98.9902
426.632	72.5351
426.644	56.1593
426.655	71.9351
426.666	108.43
426.678	180.379
426.689	157.359
426.7	136.378
426.712	109.394
426.723	109.414
426.735	88.7744
426.746	156.373
426.757	115.377
426.769	133.821
426.78	153.2
426.791	207.297
426.803	244.706
426.814	215.288
426.826	185.204
426.837	149.349
426.848	105.396
426.86	115.143
426.871	144.603
426.882	171.005
426.894	102.603
426.905	96.0753
426.916	123.55
426.928	171.373
426.939	151.553
426.95	80.8065
426.962	24.389
426.973	17.7391
426.984	36.1945
426.996	22.751
427.007	26.2022
427.018	44.5964
427.03	29.0049
427.041	25.0846
427.052	18.778
427.064	16.5626
427.075	18.7686
427.086	19.0744
427.098	26.2167
427.109	56.4007
427.12	57.7085
427.132	39.2173
427.143	35.2151
427.154	24.9645
427.166	30.2939
427.177	24.4495
427.188	23.2782
427.199	21.1804
427.211	37.6726
427.222	38.5822
427.233	24.9408
427.245	31.4328
427.256	36.6368
427.267	25.5859
427.278	32.4065
427.29	34.0614
427.301	51.1952
427.312	47.7983
427.324	25.4775
427.335	18.7832
427.346	34.2829
427.357	22.6037
427.369	33.9283
427.38	32.1977
427.391	30.5278
427.402	36.9456
427.414	32.9469
427.425	28.2042
427.436	46.6486
427.448	44.8894
427.459	38.6081
427.47	36.509
427.481	36.4619
427.493	55.7049
427.504	51.2552
427.515	27.1609
427.526	35.0962
427.538	47.4762
427.549	73.5088
427.56	119.871
427.571	114.644
427.582	68.9396
427.594	108.692
427.605	106.908
427.616	103.851
427.627	111.647
427.639	64.1104
427.65	78.5706
427.661	130.346
427.672	165.264
427.684	184.977
427.695	160.026
427.706	169.82
427.717	190.077
427.728	203.152
427.74	265.387
427.751	276.078
427.762	335.305
427.773	496.233
427.784	399.93
427.796	212.564
427.807	101.524
427.818	57.0622
427.829	51.0364
427.84	49.946
427.852	34.4258
427.863	19.634
427.874	20.5602
427.885	25.4911
427.896	21.4836
427.908	8.97968
427.919	16.5963
427.93	21.1808
427.941	17.1268
427.952	12.4028
427.963	24.9724
427.975	13.958
427.986	5.79169
427.997	8.3236
428.008	10.1983
428.019	6.88253
428.03	12.3466
428.042	13.3283
428.053	13.6071
428.064	9.53138
428.075	8.06338
428.086	11.7879
428.097	15.4957
428.108	9.88505
428.12	7.64892
428.131	4.22803
428.142	4.36062
428.153	9.45003
428.164	21.1299
428.175	15.7485
428.186	6.36442
428.198	15.3789
428.209	19.2582
428.22	19.7623
428.231	7.94973
428.242	5.7521
428.253	8.68585
428.264	15.5493
428.275	13.2588
428.287	2.93744
428.298	3.57178
428.309	3.8639
428.32	11.915
428.331	20.5252
428.342	10.5249
428.353	10.4027
428.364	4.83196
428.375	8.0151
428.386	9.37307
428.398	5.96301
428.409	7.5173
428.42	8.94248
428.431	5.21113
428.442	5.75971
428.453	4.31921
428.464	6.16742
428.475	4.20079
428.486	5.89767
428.497	4.02678
428.508	3.16334
428.52	4.4118
428.531	9.83474
428.542	6.17812
428.553	7.04747
428.564	7.77922
428.575	5.24504
428.586	3.93857
428.597	11.213
428.608	12.3237
428.619	3.80626
428.63	4.40534
428.641	18.4875
428.652	23.3274
428.663	13.1489
428.674	6.32574
428.685	12.0278
428.696	3.58966
428.707	5.30421
428.719	11.556
428.73	12.5683
428.741	5.19242
428.752	2.97829
428.763	8.69679
428.774	8.47916
428.785	4.75982
428.796	2.89182
428.807	9.49614
428.818	16.2665
428.829	14.9634
428.84	5.03123
428.851	2.73012
428.862	4.74257
428.873	3.52254
428.884	6.67266
428.895	9.87859
428.906	2.43402
428.917	7.01147
428.928	11.6768
428.939	7.52746
428.95	11.1118
428.961	10.1903
428.972	13.695
428.983	13.5524
428.994	5.54876
429.005	3.82506
429.016	1.8329
429.027	4.40565
429.038	18.4988
429.049	14.5433
429.06	7.90093
429.071	1.8775
429.082	2.43834
429.093	9.52056
429.104	11.0282
429.115	3.9826
429.126	3.43121
429.137	2.80865
429.148	4.73399
429.159	5.19623
429.169	3.33768
429.18	3.733
429.191	11.8914
429.202	6.58135
429.213	5.84239
429.224	6.31835
429.235	5.88034
429.246	10.0081
429.257	17.5325
429.268	6.66288
429.279	2.21326
429.29	5.05191
429.301	3.50145
429.312	5.04024
429.323	3.62738
429.334	9.97338
429.345	11.166
429.355	10.7773
429.366	9.46366
429.377	1.60292
429.388	2.62592
429.399	6.21252
429.41	3.23858
429.421	2.58709
429.432	1.42696
429.443	2.76935
429.454	5.57033
429.465	11.6346
429.476	5.16403
429.486	2.04638
429.497	2.61982
429.508	1.92509
429.519	5.25715
429.53	6.57138
429.541	3.69483
429.552	3.32197
429.563	11.1802
429.574	4.50762
429.584	4.33506
429.595	16.2305
429.606	17.6556
429.617	17.1663
429.628	12.4592
429.639	4.23342
429.65	6.92975
429.661	9.09764
429.672	1.06189
429.682	3.41416
429.693	16.7056
429.704	4.00239
429.715	4.19045
429.726	6.15524
429.737	8.37029
429.748	5.30167
429.758	4.11378
429.769	6.38047
429.78	5.83
429.791	5.44796
429.802	7.82254
429.813	0.879563
429.823	1.19092
429.834	0.931505
429.845	3.77736
429.856	9.19902
429.867	2.02775
429.878	2.06489
429.888	6.7626
429.899	3.92939
429.91	17.3634
429.921	6.98403
429.932	4.07008
429.943	18.8245
429.953	25.2757
429.964	7.27268
429.975	1.82087
429.986	2.14422
429.997	8.73302
430.007	16.6362
430.018	9.04773
430.029	6.51936
430.04	7.4351
430.051	13.4406
430.061	9.52746
430.072	7.80324
430.083	8.65317
430.094	4.83366
430.105	3.36742
430.115	1.65841
430.126	2.29166
430.137	3.91792
430.148	6.62517
430.159	3.7939
430.169	8.7845
430.18	4.13622
430.191	8.14995
430.202	8.07525
430.212	9.78973
430.223	12.8181
430.234	4.60129
430.245	6.95914
430.256	12.8747
430.266	13.7639
430.277	9.60036
430.288	18.4854
430.299	14.5756
430.309	7.39396
430.32	1.3081
430.331	1.64882
430.342	5.18999
430.352	4.80745
430.363	0.837593
430.374	2.49093
430.385	6.44838
430.395	3.4369
430.406	0.538658
430.417	4.82738
430.427	9.63412
430.438	10.6507
430.449	12.4863
430.46	13.1641
430.47	8.39376
430.481	3.35113
430.492	13.8118
430.503	13.0137
430.513	7.41939
430.524	12.1795
430.535	11.0422
430.545	7.16973
430.556	6.38607
430.567	0.571905
430.577	0.810823
430.588	2.67715
430.599	2.69946
430.61	-0.905366
430.62	-0.781841
430.631	1.28635
430.642	9.09982
430.652	18.6404
430.663	18.7625
430.674	11.505
430.684	1.33801
430.695	4.80118
430.706	11.0378
430.716	5.60515
430.727	7.05571
430.738	17.5458
430.748	11.0831
430.759	18.3337
430.77	11.0767
430.78	16.2297
430.791	4.94085
430.802	7.97773
430.812	5.8972
430.823	4.13732
430.834	2.76248
430.844	3.63129
430.855	12.1974
430.866	8.75533
430.876	5.09934
430.887	6.76701
430.898	6.00653
430.908	14.8703
430.919	20.5395
430.93	23.0499
430.94	16.3525
430.951	5.0597
430.961	1.91785
430.972	10.2236
430.983	23.4558
430.993	24.8698
431.004	15.0925
431.015	10.1241
431.025	17.4185
431.036	17.4469
431.046	33.135
431.057	8.76943
431.068	3.712
431.078	3.33729
431.089	1.90421
431.099	4.22993
431.11	11.5389
431.121	10.5482
431.131	9.37786
431.142	7.85584
431.152	21.3012
431.163	15.6354
431.174	7.14148
431.184	2.82136
431.195	3.73437
431.205	5.23901
431.216	4.41448
431.227	6.05252
431.237	15.9392
431.248	21.1286
431.258	6.00836
431.269	13.3724
431.279	19.598
431.29	8.53607
431.301	6.26922
431.311	3.4765
431.322	12.4056
431.332	14.5201
431.343	11.9574
431.353	11.3819
431.364	7.70568
431.375	0.887168
431.385	4.33252
431.396	8.51048
431.406	7.34405
431.417	11.8684
431.427	7.63556
431.438	21.658
431.448	6.14008
431.459	5.7079
431.469	2.92537
431.48	7.45631
431.491	15.4521
431.501	7.98574
431.512	4.72375
431.522	11.5401
431.533	3.2082
431.543	6.06811
431.554	16.6892
431.564	11.4608
431.575	3.15151
431.585	8.78442
431.596	3.38681
431.606	9.78899
431.617	9.12386
431.627	2.86751
431.638	5.60754
431.648	2.92741
431.659	7.26926
431.669	21.6488
431.68	21.381
431.69	14.7268
431.701	12.2142
431.711	10.4759
431.722	17.6167
431.732	12.3546
431.743	4.64121
431.753	-0.775332
431.764	0.828677
431.774	9.87232
431.785	13.4031
431.795	1.73321
431.806	0.604395
431.816	1.27178
431.826	3.50396
431.837	3.34536
431.847	6.71201
431.858	14.3904
431.868	9.55662
431.879	23.1159
431.889	16.7753
431.9	1.50402
431.91	0.215947
431.921	2.35377
431.931	16.3263
431.941	31.3974
431.952	42.6481
431.962	26.7872
431.973	9.44478
431.983	4.87435
431.994	0.511455
432.004	11.7651
432.015	29.7574
432.025	16.4649
432.035	12.6713
432.046	1.10829
432.056	0.201126
432.067	8.38187
432.077	30.3554
432.088	25.5254
432.098	22.8085
432.108	6.63498
432.119	5.49658
432.129	6.43518
432.14	10.8528
432.15	10.7349
432.16	24.9078
432.171	4.94903
432.181	9.76919
432.192	18.6051
432.202	6.87815
432.212	16.5067
432.223	24.5194
432.233	18.8034
432.244	20.1911
432.254	12.5876
432.264	12.9937
432.275	9.3561
432.285	16.3191
432.295	13.8837
432.306	11.9282
432.316	9.39204
432.327	11.1431
432.337	1.64882
432.347	14.188
432.358	37.342
432.368	24.3712
432.378	19.4589
432.389	9.64196
432.399	16.9182
432.409	14.0652
432.42	6.04616
432.43	5.16879
432.441	23.2168
432.451	30.3141
432.461	23.7643
432.472	35.6078
432.482	18.112
432.492	6.42019
432.503	8.89347
432.513	10.7254
432.523	7.80106
432.534	22.5846
432.544	29.8944
432.554	7.09533
432.565	5.63952
432.575	14.7861
432.585	17.9018
432.596	15.901
432.606	10.6201
432.616	35.1893
432.627	52.2507
432.637	41.5392
432.647	69.7081
432.657	34.2298
432.668	26.3862
432.678	22.5006
432.688	12.8487
432.699	4.29744
432.709	2.21292
432.719	8.92082
432.73	22.27
432.74	39.0755
432.75	22.8461
432.76	18.1279
432.771	13.5217
432.781	26.0839
432.791	17.2325
432.802	17.1403
432.812	53.8953
432.822	28.0789
432.832	11.9697
432.843	7.40548
432.853	5.94292
432.863	2.83628
432.873	0.548425
432.884	7.12528
432.894	18.6119
432.904	13.0675
432.914	10.4067
432.925	21.1578
432.935	27.529
432.945	14.5729
432.955	19.5866
432.966	10.1265
432.976	36.2101
432.986	35.473
432.997	21.3874
433.007	11.4603
433.017	35.6281
433.027	21.7611
433.037	5.79119
433.048	2.48714
433.058	13.8947
433.068	29.9085
433.078	27.5933
433.089	26.9054
433.099	17.5868
433.109	19.6194
433.119	27.1748
433.129	33.3624
433.14	26.8941
433.15	15.7242
433.16	15.8242
433.17	50.9962
433.181	64.1419
433.191	22.464
433.201	21.0555
433.205	19.6525
433.217	23.0895
433.229	42.9087
433.24	36.586
433.252	37.9839
433.264	48.139
433.276	34.0952
433.287	20.6931
433.299	17.5446
433.311	25.3264
433.323	36.8065
433.334	39.6418
433.346	53.5953
433.358	15.4408
433.37	24.7397
433.382	24.0896
433.393	23.4823
433.405	23.8589
433.417	24.2465
433.429	36.6833
433.44	12.0634
433.452	15.9595
433.464	27.1664
433.476	31.1755
433.487	25.405
433.499	40.9965
433.511	82.5528
433.523	37.2998
433.534	16.5974
433.546	16.0126
433.558	20.0729
433.569	20.4571
433.581	23.5133
433.593	35.5091
433.605	43.3072
433.616	54.4981
433.628	56.42
433.64	50.5682
433.651	45.7647
433.663	42.3312
433.675	34.8878
433.687	25.507
433.698	26.915
433.71	16.5934
433.722	24.4124
433.733	29.645
433.745	66.123
433.757	108.008
433.769	66.6977
433.78	33.5123
433.792	50.3922
433.804	36.7353
433.815	34.215
433.827	28.4572
433.839	24.1768
433.85	20.1703
433.862	32.7003
433.874	50.3528
433.885	32.5766
433.897	43.2766
433.909	73.6447
433.921	74.176
433.932	17.3299
433.944	21.1835
433.956	32.1078
433.967	49.6089
433.979	35.9824
433.991	44.88
434.002	40.3458
434.014	37.6448
434.026	36.4175
434.037	41.4642
434.049	65.5736
434.06	83.3912
434.072	38.101
434.084	35.1509
434.095	45.2434
434.107	41.2312
434.119	28.9922
434.13	46.9231
434.142	48.1621
434.154	41.0097
434.165	53.4304
434.177	88.9072
434.189	123.611
434.2	90.077
434.212	48.2913
434.223	62.7524
434.235	75.3934
434.247	61.9489
434.258	69.9331
434.27	83.7809
434.282	92.1972
434.293	110.276
434.305	171.486
434.316	184.495
434.328	197.804
434.34	191.046
434.351	134.886
434.363	71.037
434.374	72.4978
434.386	96.5212
434.398	125.159
434.409	81.8525
434.421	67.4755
434.432	62.3477
434.444	77.5909
434.456	77.3211
434.467	56.8883
434.479	36.5168
434.49	18.5302
434.502	24.3995
434.514	19.7499
434.525	14.095
434.537	14.4854
434.548	12.7497
434.56	14.7124
434.571	11.3395
434.583	13.3198
434.595	15.8524
434.606	9.81666
434.618	19.2065
434.629	15.1703
434.641	14.1611
434.652	20.2175
434.664	17.7399
434.675	18.4283
434.687	9.96465
434.699	17.9465
434.71	15.4008
434.722	10.0876
434.733	18.2027
434.745	24.9614
434.756	17.6803
434.768	10.1635
434.779	8.52163
434.791	5.36941
434.802	3.75699
434.814	6.22022
434.825	8.90968
434.837	9.37436
434.849	21.9582
434.86	14.8445
434.872	19.6677
434.883	9.58017
434.895	10.8143
434.906	17.9086
434.918	9.61384
434.929	8.76249
434.941	8.961
434.952	15.3252
434.964	10.8415
434.975	13.5871
434.987	17.2731
434.998	8.32727
435.01	19.8137
435.021	13.3696
435.033	7.07675
435.044	10.2802
435.056	17.773
435.067	13.4782
435.079	8.70566
435.09	9.83015
435.102	6.73659
435.113	8.16878
435.125	8.62179
435.136	27.1982
435.148	22.763
435.159	10.5545
435.17	12.1719
435.182	16.5358
435.193	12.714
435.205	15.5975
435.216	10.6323
435.228	7.72804
435.239	20.6118
435.251	16.94
435.262	8.13104
435.274	9.02276
435.285	16.2292
435.297	11.7378
435.308	7.86672
435.319	8.64678
435.331	6.70145
435.342	5.30978
435.354	9.5744
435.365	17.5241
435.377	15.0117
435.388	16.6679
435.399	23.0475
435.411	16.4283
435.422	23.8277
435.434	22.5825
435.445	18.3079
435.457	18.2423
435.468	22.1547
435.479	28.3371
435.491	25.2681
435.502	28.4896
435.514	27.3993
435.525	30.9998
435.537	35.0601
435.548	42.7472
435.559	23.9697
435.571	15.0203
435.582	13.0871
435.594	15.1711
435.605	23.1304
435.616	22.4484
435.628	13.5236
435.639	6.12533
435.651	12.4597
435.662	15.8458
435.673	5.69561
435.685	6.36062
435.696	14.1269
435.707	29.2812
435.719	16.0024
435.73	4.03557
435.742	3.57005
435.753	9.34537
435.764	15.4691
435.776	9.11645
435.787	4.59329
435.798	10.1339
435.81	16.1133
435.821	8.48713
435.833	4.56368
435.844	7.96683
435.855	6.84851
435.867	7.10143
435.878	11.1261
435.889	7.7081
435.901	9.41556
435.912	10.5831
435.923	6.04489
435.935	6.47355
435.946	11.291
435.957	5.2159
435.969	13.324
435.98	14.1419
435.991	6.53186
436.003	4.8584
436.014	6.15584
436.025	3.01533
436.037	2.06823
436.048	1.59122
436.059	3.67475
436.071	10.8187
436.082	6.0503
436.093	2.78689
436.105	6.70445
436.116	4.80895
436.127	3.69704
436.138	4.05123
436.15	5.63958
436.161	13.4709
436.172	3.19579
436.184	5.45998
436.195	5.81479
436.206	7.41493
436.218	6.52608
436.229	5.49737
436.24	8.28598
436.251	11.2556
436.263	17.8
436.274	8.16877
436.285	5.20811
436.297	6.65575
436.308	6.42394
436.319	15.4753
436.33	19.6403
436.342	2.86871
436.353	4.29956
436.364	15.1024
436.375	3.7619
436.387	7.69345
436.398	11.5949
436.409	8.06126
436.42	2.17297
436.432	1.55617
436.443	1.32151
436.454	2.71766
436.465	10.4402
436.477	12.4581
436.488	5.39917
436.499	4.30799
436.51	9.07685
436.522	3.05611
436.533	1.3628
436.544	0.872179
436.555	1.728
436.567	6.99601
436.578	9.16764
436.589	14.7512
436.6	10.1234
436.612	14.8948
436.623	8.84351
436.634	6.22979
436.645	3.34656
436.656	7.08542
436.668	4.92123
436.679	5.66149
436.69	2.13878
436.701	1.99531
436.712	3.93008
436.724	3.10355
436.735	3.4147
436.746	3.97034
436.757	2.01985
436.768	1.77495
436.78	1.49536
436.791	4.78388
436.802	5.25926
436.813	6.17529
436.824	0.777892
436.836	0.694577
436.847	1.24905
436.858	1.17864
436.869	2.2195
436.88	3.75107
436.891	7.42956
436.903	2.1917
436.914	0.917377
436.925	2.02227
436.936	5.98202
436.947	14.8352
436.959	6.15617
436.97	3.20337
436.981	5.16411
436.992	14.4754
437.003	9.34978
437.014	10.001
437.025	1.86863
437.037	1.36079
437.048	2.66158
437.059	8.89774
437.07	1.95642
437.081	1.47998
437.092	5.14345
437.103	3.95093
437.115	3.5042
437.126	6.7034
437.137	1.64215
437.148	3.30771
437.159	16.402
437.17	4.92259
437.181	6.12141
437.192	7.65502
437.204	14.0198
437.215	6.87348
437.226	11.4109
437.237	3.64719
437.248	9.21659
437.259	4.97758
437.27	8.6014
437.281	14.6836
437.292	1.71892
437.304	0.998884
437.315	4.1916
437.326	2.28949
437.337	3.86764
437.348	7.37994
437.359	1.18173
437.37	0.0215191
437.381	0.411424
437.392	5.06211
437.403	11.448
437.414	8.27373
437.425	16.7761
437.437	13.305
437.448	5.59717
437.459	5.69026
437.47	1.16345
437.481	0.379961
437.492	1.78432
437.503	0.936657
437.514	-0.310322
437.525	2.13662
437.536	1.81638
437.547	6.02125
437.558	3.44758
437.569	0.160544
437.58	4.16332
437.591	7.077
437.602	6.48487
437.614	1.99997
437.625	10.3508
437.636	7.50424
437.647	1.96116
437.658	9.27276
437.669	19.9295
437.68	6.64528
437.691	5.3218
437.702	4.0276
437.713	5.34221
437.724	0.321943
437.735	0.894413
437.746	6.93101
437.757	2.47856
437.768	0.929587
437.779	6.25329
437.79	7.3316
437.801	2.00083
437.812	3.18062
437.823	7.17373
437.834	2.12026
437.845	0.430859
437.856	2.80274
437.867	4.72222
437.878	1.40444
437.889	1.34685
437.9	1.67894
437.911	0.29201
437.922	-0.129743
437.933	1.3047
437.944	8.54888
437.955	0.852254
437.966	0.189547
437.977	-0.425159
437.988	3.90151
437.999	10.4873
438.01	18.5134
438.021	2.38621
438.032	0.670067
438.043	1.68154
438.054	2.11319
438.065	11.9036
438.076	4.82433
438.086	5.45246
438.097	6.21995
438.108	1.8719
438.119	0.304526
438.13	1.60826
438.141	3.6043
438.152	4.82346
438.163	1.77477
438.174	2.36124
438.185	0.691671
438.196	3.82816
438.207	1.40048
438.218	4.9048
438.229	4.35755
438.24	1.9844
438.251	4.06765
438.262	1.49511
438.272	6.38905
438.283	6.83359
438.294	1.00598
438.305	2.01065
438.316	0.939501
438.327	2.1313
438.338	8.00581
438.349	-0.164571
438.36	0.0303455
438.371	0.336035
438.382	4.73778
438.392	0.805263
438.403	-1.03421
438.414	0.0276661
438.425	1.4351
438.436	9.84043
438.447	16.9302
438.458	7.46256
438.469	0.0116817
438.48	2.61682
438.49	12.091
438.501	1.65331
438.512	-0.00715464
438.523	0.0867012
438.534	4.82562
438.545	9.55602
438.556	1.18761
438.567	-0.421019
438.577	0.492265
438.588	1.39255
438.599	1.22007
438.61	5.6784
438.621	0.68148
438.632	1.2431
438.643	5.2103
438.653	6.4624
438.664	9.7266
438.675	0.490456
438.686	-0.51732
438.697	1.44136
438.708	6.72838
438.719	10.1108
438.729	0.492777
438.74	2.22092
438.751	11.9472
438.762	4.28433
438.773	-0.182769
438.784	0.865172
438.794	1.57005
438.805	0.423846
438.816	5.04306
438.827	6.22959
438.838	9.92973
438.848	3.40739
438.859	6.48449
438.87	8.691
438.881	4.71486
438.892	2.07971
438.902	5.3599
438.913	15.1819
438.924	9.42067
438.935	10.3503
438.946	-0.515005
438.956	-0.914702
438.967	-0.977343
438.978	0.39588
438.989	1.37117
439	7.79118
439.01	2.20381
439.021	-0.0197024
439.032	3.70857
439.043	4.66223
439.054	14.7468
439.064	2.66213
439.075	0.215773
439.086	-0.824721
439.097	0.797487
439.107	2.29615
439.118	2.72438
439.129	-0.578415
439.14	0.0651631
439.15	5.93178
439.161	5.26983
439.172	3.74744
439.183	0.84969
439.193	1.65899
439.204	0.286833
439.215	0.162807
439.226	3.1406
439.236	2.85369
439.247	2.433
439.258	-0.632897
439.269	0.369708
439.279	2.69952
439.29	11.197
439.301	11.1036
439.312	5.75244
439.322	11.0232
439.333	12.7135
439.344	5.82174
439.354	4.89781
439.365	8.8974
439.376	12.1086
439.387	8.56219
439.397	0.146356
439.408	0.444782
439.419	6.10924
439.429	15.8897
439.44	14.6612
439.451	10.0408
439.462	12.3295
439.472	-0.301214
439.483	-1.21037
439.494	-0.151145
439.504	1.74331
439.515	0.0675973
439.526	1.49058
439.536	2.84169
439.547	-0.0878981
439.558	7.49413
439.568	16.2252
439.579	6.40429
439.59	1.88458
439.6	-0.169517
439.611	-1.14495
439.622	1.23601
439.632	9.20255
439.643	18.3141
439.654	11.7306
439.664	15.3237
439.675	5.65721
439.686	6.46601
439.696	17.8063
439.707	0.102075
439.718	-1.18013
439.728	-1.32482
439.739	-0.406957
439.75	-0.91345
439.76	-0.661256
439.771	2.24692
439.782	0.0747174
439.792	-0.115828
439.803	2.83892
439.813	10.1188
439.824	15.9886
439.835	1.05294
439.845	0.418736
439.856	4.88839
439.867	5.01015
439.877	8.19482
439.888	5.00884
439.898	3.01282
439.909	10.5328
439.92	14.7029
439.93	26.0533
439.941	15.8277
439.952	3.9882
439.962	5.21361
439.973	-0.015902
439.983	2.84625
439.994	13.33
440.005	6.90463
440.015	4.04196
440.026	-0.104073
440.036	1.98872
440.047	2.61806
440.057	13.1004
440.068	13.4488
440.079	14.1287
440.089	2.59697
440.1	-0.585248
440.11	-1.396
440.121	-0.695253
440.132	4.06852
440.142	11.0756
440.153	12.6299
440.163	14.4606
440.174	5.43606
440.184	8.06534
440.195	11.0845
440.205	31.4613
440.216	4.87431
440.227	-0.560517
440.237	6.34888
440.248	9.91577
440.258	1.7492
440.269	2.77558
440.279	2.13419
440.29	11.394
440.3	0.410351
440.311	-1.37822
440.321	1.73001
440.332	5.92995
440.343	3.93701
440.353	17.9066
440.364	15.3108
440.374	8.21161
440.385	4.23429
440.395	11.7874
440.406	2.24674
440.416	3.26802
440.427	8.72943
440.437	7.10255
440.448	6.25086
440.458	2.84315
440.469	1.45928
440.479	6.1511
440.49	8.88371
440.5	3.4106
440.511	8.91115
440.521	28.9748
440.532	15.5121
440.542	-1.0801
440.553	-1.94703
440.563	-2.2472
440.574	-1.55832
440.584	1.9001
440.595	2.77397
440.605	1.37221
440.616	5.59199
440.626	11.33
440.637	21.6983
440.647	22.3188
440.658	7.74478
440.668	15.8564
440.678	5.71224
440.689	12.5226
440.699	4.95336
440.71	13.8283
440.72	21.0874
440.731	6.59477
440.741	-0.798097
440.752	-1.54388
440.762	-1.82703
440.773	-2.41915
440.783	-2.05068
440.793	0.104269
440.804	9.22247
440.814	4.49178
440.825	0.129608
440.835	-1.89289
440.846	1.8768
440.856	15.0648
440.866	3.04408
440.877	-0.642579
440.887	0.989291
440.898	7.44105
440.908	13.9319
440.919	19.7769
440.929	16.5817
440.939	7.82649
440.95	0.180109
440.96	-1.82004
440.971	-1.06087
440.981	9.85307
440.991	12.4676
441.002	-0.0727284
441.012	6.28143
441.023	11.9283
441.033	-0.573107
441.043	7.56038
441.054	34.1134
441.064	23.0842
441.075	11.9362
441.085	-1.47153
441.095	-2.25195
441.106	-2.0151
441.116	-1.06741
441.127	2.74321
441.137	10.6052
441.147	7.90694
441.152	8.77357
441.164	23.7655
441.176	15.2295
441.188	15.596
441.2	14.9566
441.212	5.81791
441.224	6.19197
441.236	13.1809
441.248	7.69351
441.26	13.5504
441.272	18.817
441.284	8.50292
441.296	4.297
441.308	9.30087
441.32	26.6843
441.332	9.61975
441.344	5.05199
441.356	7.98807
441.368	16.5099
441.38	14.4639
441.392	12.7798
441.404	19.5177
441.416	12.6066
441.428	12.1866
441.44	16.4979
441.452	17.4925
441.464	23.5878
441.476	17.074
441.488	22.9256
441.5	11.8774
441.512	6.61172
441.524	12.1038
441.536	18.1485
441.548	12.8837
441.56	7.96817
441.571	16.5298
441.583	25.6295
441.595	13.4795
441.607	3.51841
441.619	5.95297
441.631	10.7543
441.643	6.82394
441.655	6.73527
441.667	3.56006
441.679	9.53016
441.691	7.94106
441.703	4.63686
441.715	4.03445
441.727	8.02195
441.739	6.72143
441.751	8.97481
441.762	17.4513
441.774	11.8623
441.786	14.0374
441.798	6.82874
441.81	7.16224
441.822	6.93114
441.834	12.2869
441.846	11.5379
441.858	9.88053
441.87	15.7447
441.882	21.7058
441.894	6.54391
441.905	3.58335
441.917	4.01899
441.929	7.32989
441.941	4.13393
441.953	5.42491
441.965	14.5373
441.977	5.88803
441.989	3.18038
442.001	2.88618
442.012	3.27563
442.024	5.44637
442.036	7.16309
442.048	4.6149
442.06	11.9794
442.072	27.6644
442.084	17.0105
442.096	11.4737
442.107	13.1085
442.119	10.026
442.131	8.39184
442.143	13.6094
442.155	12.3483
442.167	11.9112
442.179	16.7399
442.19	24.3145
442.202	22.7032
442.214	22.3406
442.226	7.30295
442.238	4.79879
442.25	4.45989
442.262	9.77867
442.273	12.8918
442.285	11.7847
442.297	10.11
442.309	6.29613
442.321	9.00624
442.333	22.3338
442.344	6.7671
442.356	7.18079
442.368	10.8831
442.38	14.8788
442.392	20.7736
442.403	17.7339
442.415	16.5084
442.427	15.4415
442.439	19.6828
442.451	16.9391
442.463	12.5452
442.474	22.1376
442.486	11.7364
442.498	20.0265
442.51	13.3263
442.522	21.8255
442.533	8.25094
442.545	8.98265
442.557	12.2428
442.569	17.254
442.581	9.61741
442.592	13.7071
442.604	15.1048
442.616	9.33625
442.628	8.51602
442.639	15.77
442.651	11.8475
442.663	12.9407
442.675	6.293
442.687	3.24199
442.698	3.63013
442.71	4.81651
442.722	9.1413
442.734	7.63633
442.745	4.69691
442.757	7.96591
442.769	8.08949
442.781	4.33042
442.792	2.34206
442.804	2.74762
442.816	2.43267
442.828	3.31998
442.839	4.22562
442.851	10.0755
442.863	16.0559
442.875	12.72
442.886	8.37452
442.898	13.7602
442.91	7.93503
442.922	3.71932
442.933	2.65823
442.945	4.83547
442.957	3.38045
442.969	4.64564
442.98	5.6458
442.992	4.32536
443.004	3.61653
443.016	5.43352
443.027	7.79781
443.039	12.8985
443.051	7.04342
443.062	7.4587
443.074	17.7339
443.086	13.8589
443.097	4.87966
443.109	6.07073
443.121	13.0308
443.133	8.6508
443.144	12.7415
443.156	13.4748
443.168	16.3175
443.179	10.964
443.191	14.0014
443.203	12.8797
443.214	8.50495
443.226	16.3019
443.238	8.09956
443.249	3.80148
443.261	6.63134
443.273	12.8147
443.285	5.89631
443.296	8.03798
443.308	8.32858
443.32	6.41531
443.331	8.0041
443.343	7.9967
443.355	3.23196
443.366	3.79075
443.378	9.20274
443.39	25.0476
443.401	17.5503
443.413	8.048
443.424	4.30461
443.436	4.68047
443.448	5.18523
443.459	5.26481
443.471	6.17741
443.483	10.463
443.494	5.52441
443.506	8.98398
443.518	4.74373
443.529	4.46714
443.541	6.87166
443.553	14.6719
443.564	4.54726
443.576	2.65715
443.587	2.84517
443.599	2.2716
443.611	2.58276
443.622	3.35283
443.634	7.71924
443.645	11.0351
443.657	9.61042
443.669	5.43907
443.68	5.58538
443.692	8.99763
443.704	9.42844
443.715	7.31905
443.727	4.69756
443.738	4.80735
443.75	12.66
443.762	7.82831
443.773	3.82544
443.785	2.99049
443.796	3.72153
443.808	9.11653
443.819	13.5158
443.831	4.72638
443.843	8.29574
443.854	8.72773
443.866	16.6194
443.877	13.3915
443.889	4.78762
443.9	4.51229
443.912	7.22968
443.924	5.99335
443.935	8.0847
443.947	8.20875
443.958	7.26821
443.97	13.5249
443.981	7.20196
443.993	7.46537
444.005	12.9966
444.016	11.5176
444.028	8.62833
444.039	5.9947
444.051	2.75834
444.062	4.36128
444.074	6.94879
444.085	13.14
444.097	13.1419
444.108	17.0488
444.12	13.252
444.131	6.95729
444.143	11.6928
444.155	6.33975
444.166	4.95341
444.178	2.10871
444.189	2.52077
444.201	6.3968
444.212	6.72179
444.224	9.00852
444.235	6.54083
444.247	7.6951
444.258	13.7166
444.27	5.67396
444.281	8.97465
444.293	17.2424
444.304	3.27183
444.316	3.49573
444.327	5.62164
444.339	16.9942
444.35	11.79
444.362	4.15735
444.373	3.46624
444.385	6.97685
444.396	3.01195
444.408	3.15
444.419	5.16468
444.431	10.8693
444.442	4.14058
444.454	8.63999
444.465	7.79604
444.476	1.54687
444.488	1.88847
444.499	4.795
444.511	8.63703
444.522	10.4175
444.534	5.438
444.545	8.47464
444.557	7.78669
444.568	5.70444
444.58	1.53957
444.591	2.5087
444.602	12.4839
444.614	18.0053
444.625	3.0301
444.637	3.10138
444.648	6.73738
444.66	1.97155
444.671	2.71345
444.683	1.55491
444.694	5.54962
444.705	15.3733
444.717	17.8909
444.728	11.187
444.74	7.80972
444.751	2.81211
444.763	8.10702
444.774	10.375
444.785	9.3874
444.797	11.5159
444.808	7.18336
444.82	1.79672
444.831	1.11491
444.842	3.7136
444.854	8.07588
444.865	9.12688
444.877	3.46531
444.888	11.604
444.899	5.77765
444.911	8.24066
444.922	6.97134
444.934	24.0182
444.945	11.5397
444.956	7.53675
444.968	6.3369
444.979	9.31943
444.991	6.26171
445.002	18.7281
445.013	8.78512
445.025	12.6978
445.036	7.06212
445.047	2.4581
445.059	4.61209
445.07	3.48728
445.081	3.86649
445.093	6.19928
445.104	8.37247
445.116	8.91842
445.127	7.19487
445.138	2.60381
445.15	3.79144
445.161	8.02545
445.172	20.7528
445.184	8.21026
445.195	2.74083
445.206	0.56181
445.218	1.51331
445.229	3.84161
445.24	3.62533
445.252	7.76509
445.263	12.2345
445.274	1.4925
445.286	1.38339
445.297	3.12432
445.308	8.69233
445.32	7.76372
445.331	2.70116
445.342	2.429
445.354	1.18978
445.365	0.762813
445.376	2.00277
445.388	1.82235
445.399	2.91091
445.41	4.31644
445.421	6.46742
445.433	4.4019
445.444	8.66725
445.455	12.7564
445.467	1.81624
445.478	0.294352
445.489	1.09292
445.5	1.13813
445.512	3.36014
445.523	11.2936
445.534	5.6463
445.546	12.339
445.557	5.28717
445.568	13.5815
445.579	7.0422
445.591	0.339604
445.602	1.07943
445.613	7.3074
445.625	5.86887
445.636	9.20467
445.647	5.41952
445.658	3.81551
445.67	6.59418
445.681	6.01086
445.692	2.39236
445.703	9.79287
445.715	8.65003
445.726	5.93305
445.737	2.59016
445.748	6.41955
445.76	7.23831
445.771	4.70109
445.782	11.9206
445.793	10.2949
445.804	10.8267
445.816	10.1784
445.827	10.1964
445.838	7.37029
445.849	2.49661
445.861	11.7224
445.872	8.86289
445.883	18.4327
445.894	26.5891
445.905	12.6226
445.917	15.8087
445.928	5.33551
445.939	2.26995
445.95	0.713954
445.962	4.19243
445.973	8.71738
445.984	0.0491358
445.995	0.650073
446.006	4.19702
446.017	2.51395
446.029	3.55637
446.04	11.3729
446.051	14.0816
446.062	6.8435
446.073	1.87393
446.085	4.1294
446.096	7.55679
446.107	6.43481
446.118	6.74042
446.129	1.4943
446.14	0.339311
446.152	3.79469
446.163	0.967692
446.174	2.03903
446.185	10.7091
446.196	14.7297
446.207	2.19165
446.219	2.9877
446.23	0.0284901
446.241	2.00028
446.252	5.76879
446.263	6.41058
446.274	9.51458
446.286	15.0821
446.297	11.3521
446.308	5.64937
446.319	2.96059
446.33	5.94797
446.341	0.410479
446.352	-0.750459
446.363	-0.571864
446.375	0.465819
446.386	6.34365
446.397	8.69306
446.408	2.06784
446.419	7.13183
446.43	25.0242
446.441	23.7157
446.452	2.45848
446.464	3.41541
446.475	22.1751
446.486	7.54142
446.497	6.88301
446.508	0.829939
446.519	3.59242
446.53	11.1295
446.541	26.0356
446.552	16.5778
446.563	15.2009
446.575	3.10278
446.586	4.45643
446.597	6.55355
446.608	8.93015
446.619	2.16367
446.63	3.97069
446.641	9.77944
446.652	25.0133
446.663	9.32724
446.674	4.20144
446.685	8.24897
446.696	1.77784
446.707	-0.314169
446.719	-0.967084
446.73	1.12274
446.741	6.80412
446.752	12.4366
446.763	4.42263
446.774	5.90008
446.785	1.32363
446.796	4.4432
446.807	4.82605
446.818	8.32775
446.829	2.71043
446.84	6.82763
446.851	12.0193
446.862	2.14718
446.873	-0.778903
446.884	-0.518958
446.895	0.957464
446.906	3.43532
446.917	6.69969
446.928	1.97731
446.939	7.40486
446.95	4.37506
446.961	7.23746
446.972	2.34861
446.983	2.33559
446.994	1.55361
447.005	1.70175
447.016	14.7433
447.027	18.527
447.038	8.54735
447.049	11.3068
447.06	9.67651
447.071	6.80538
447.082	5.71956
447.093	4.07257
447.104	0.849341
447.115	0.941503
447.126	3.95973
447.137	7.5493
447.148	0.437916
447.159	8.13997
447.17	13.8375
447.181	5.06258
447.192	9.77394
447.203	2.10706
447.214	2.85501
447.225	13.4149
447.236	13.8216
447.247	20.82
447.258	12.1574
447.269	5.80056
447.28	5.311
447.291	2.02307
447.302	3.2307
447.313	0.626479
447.324	7.19364
447.335	5.099
447.346	5.89554
447.357	2.29195
447.368	0.378275
447.379	5.81487
447.39	4.57724
447.4	3.29711
447.411	6.7881
447.422	0.248496
447.433	3.87619
447.444	10.8688
447.455	0.10495
447.466	1.69209
447.477	5.08983
447.488	2.42904
447.499	8.02741
447.51	1.55546
447.521	1.18798
447.532	1.51006
447.542	5.62945
447.553	8.15732
447.564	9.28883
447.575	9.25806
447.586	14.2291
447.597	0.280341
447.608	1.68729
447.619	-0.0040034
447.63	3.05594
447.641	13.9976
447.651	32.5891
447.662	21.574
447.673	20.8757
447.684	6.75257
447.695	7.75547
447.706	16.4733
447.717	11.8713
447.728	5.30664
447.738	-0.798077
447.749	-1.18479
447.76	-0.296666
447.771	0.0355547
447.782	3.5577
447.793	6.80211
447.804	9.56397
447.814	0.403862
447.825	2.54512
447.836	17.8147
447.847	14.6033
447.858	6.08372
447.869	16.9929
447.88	7.35086
447.89	16.7247
447.901	16.5205
447.912	4.28244
447.923	0.978856
447.934	-0.781474
447.945	-0.322361
447.955	1.98896
447.966	7.40461
447.977	4.78528
447.988	12.8471
447.999	16.4659
448.01	26.0544
448.02	23.1587
448.031	2.08713
448.042	-1.08187
448.053	-1.30946
448.064	1.758
448.074	5.51966
448.085	6.55161
448.096	23.2132
448.107	20.8401
448.118	2.71869
448.128	15.535
448.139	28.2625
448.15	9.73098
448.161	3.84492
448.172	4.10839
448.182	4.33117
448.193	8.68011
448.204	17.3544
448.215	27.1585
448.225	10.9825
448.236	8.08405
448.247	0.794157
448.258	-0.442275
448.269	4.98086
448.279	18.0585
448.29	9.60148
448.301	19.1452
448.312	28.9578
448.322	31.6479
448.333	24.6019
448.344	2.66948
448.355	2.77036
448.365	8.43488
448.376	19.6868
448.387	19.4021
448.398	31.892
448.408	22.4319
448.419	15.255
448.43	15.3046
448.441	0.0648359
448.451	3.46042
448.462	21.7062
448.473	15.0575
448.484	3.39902
448.494	4.26548
448.505	21.4749
448.516	20.8137
448.526	18.6576
448.537	5.26374
448.548	5.97419
448.559	18.4071
448.569	30.7188
448.58	26.2133
448.591	13.7092
448.601	1.48245
448.612	7.0643
448.623	3.04863
448.634	7.70084
448.644	28.9993
448.655	22.5943
448.666	20.206
448.676	11.9886
448.687	4.57938
448.698	8.97478
448.708	14.7104
448.719	8.42815
448.73	23.9149
448.74	24.0991
448.751	26.5761
448.762	22.687
448.772	32.0588
448.783	42.8831
448.794	43.2141
448.804	19.1529
448.815	28.7371
448.826	18.2013
448.836	25.2205
448.847	47.6326
448.858	12.3657
448.868	10.9795
448.879	26.3639
448.89	19.8929
448.9	42.0648
448.911	31.2061
448.922	29.6062
448.932	28.364
448.943	6.38755
448.954	20.8861
448.964	28.1883
448.975	12.7005
448.985	16.612
448.996	12.0868
449.007	20.7594
449.017	4.37613
449.028	6.33774
449.039	6.49116
449.049	-3.47436
449.06	-3.23741
449.07	-2.75747
449.081	-2.09384
449.092	3.40039
449.102	12.087
449.113	3.77906
449.123	-1.83098
449.134	-2.07145
449.145	4.32346
449.155	5.083
449.166	1.69571
449.176	-1.83177
449.187	0.66657
449.198	-1.33695
449.208	-1.93696
449.219	-2.70169
449.229	-3.37695
449.24	-2.8314
449.251	-2.36273
449.261	0.0741533
449.272	3.90214
449.282	2.89981
449.293	-1.68665
449.303	-3.3466
449.314	-1.57381
449.325	8.67942
449.335	10.0896
449.346	-1.33881
449.356	-0.0220056
449.367	-1.51685
449.377	5.97723
449.388	4.88389
449.398	-2.22287
449.399	2.72825
449.411	7.46376
449.424	6.8181
449.436	10.6449
449.448	11.888
449.46	8.50175
449.473	3.5669
449.485	4.92416
449.497	20.1075
449.509	15.3829
449.521	3.15423
449.534	6.68191
449.546	4.02983
449.558	1.98837
449.57	5.92683
449.583	17.2954
449.595	6.56372
449.607	18.6696
449.619	9.84793
449.632	19.4224
449.644	6.71678
449.656	6.21684
449.668	3.35339
449.68	1.50376
449.693	1.85562
449.705	2.97035
449.717	6.08823
449.729	3.51433
449.741	6.40033
449.754	15.0172
449.766	5.89525
449.778	3.3818
449.79	11.2516
449.802	6.4352
449.815	7.14531
449.827	6.29283
449.839	19.5467
449.851	17.7058
449.863	20.7699
449.876	18.4623
449.888	9.92295
449.9	4.83336
449.912	2.14516
449.924	3.14655
449.936	11.573
449.949	16.5721
449.961	3.18909
449.973	4.7329
449.985	8.98982
449.997	6.88925
